method,seed,task_id,episode,step,x,y,reward,done,z,vx,vy,speed,action_norm,action_torques,latency_ms
Enhanced Sequence Attention,1,1,0,0,0.886654889705156,-0.1602001672180948,0.0,False,,,,,,,
Enhanced Sequence Attention,1,1,0,1,0.8955386445255215,-0.1690779738630382,0.0,False,,,,,,,
Enhanced Sequence Attention,1,1,0,2,0.8955527682018658,-0.1879271708632579,0.0,False,,,,,,,
Enhanced Sequence Attention,1,1,0,3,0.8283673005679599,-0.2338297429130901,0.0,False,,,,,,,
Enhanced Sequence Attention,1,1,0,4,0.7530472371397303,-0.2864578196649484,0.0,False,,,,,,,
Enhanced Sequence Attention,1,1,0,5,0.6940248948667931,-0.2974750555616907,0.0,False,,,,,,,
Enhanced Sequence Attention,1,1,0,6,0.6677266306383353,-0.1622007190802424,0.0,False,,,,,,,
Enhanced Sequence Attention,1,1,0,7,0.6444076559162215,-0.053530439176617,0.0,False,,,,,,,
Enhanced Sequence Attention,1,1,0,8,0.6366614115649694,0.0410591141077526,0.0,False,,,,,,,
Enhanced Sequence Attention,1,1,0,9,0.6228729485854433,0.099893159737928,0.0,False,,,,,,,
Enhanced Sequence Attention,1,1,0,10,0.559288430929428,0.1276729094617414,0.0,False,,,,,,,
Enhanced Sequence Attention,1,1,0,11,0.4721521512568906,0.1742750819111675,0.0,False,,,,,,,
Enhanced Sequence Attention,1,1,0,12,0.4058550641443794,0.243008089715643,0.0,False,,,,,,,
Enhanced Sequence Attention,1,1,0,13,0.3580300065093166,0.3381221420394855,0.0,False,,,,,,,
Enhanced Sequence Attention,1,1,0,14,0.3530854541644421,0.5459954623900243,0.0,False,,,,,,,
Enhanced Sequence Attention,1,1,0,15,0.338445099180699,0.7572739765469153,0.0,False,,,,,,,
Enhanced Sequence Attention,1,1,0,16,0.2979665439295671,0.9463986892254922,0.0,False,,,,,,,
Enhanced Sequence Attention,1,1,0,17,0.2306278278642629,1.0596821025067664,0.0,False,,,,,,,
Enhanced Sequence Attention,1,1,0,18,0.1235496686407196,1.1547480461587272,0.0,False,,,,,,,
Enhanced Sequence Attention,1,1,0,19,-0.0120389659921229,1.2457535315903223,0.0,False,,,,,,,
Enhanced Sequence Attention,1,1,0,20,-0.135165253849944,1.3363783131461808,0.0,False,,,,,,,
Enhanced Sequence Attention,1,1,0,21,-0.2250087634620291,1.422580066213533,0.0,False,,,,,,,
Enhanced Sequence Attention,1,1,0,22,-0.2474876267246871,1.52896120196824,0.0,False,,,,,,,
Enhanced Sequence Attention,1,1,0,23,-0.2520574542765801,1.673671512358959,0.0,False,,,,,,,
Enhanced Sequence Attention,1,1,0,24,-0.2785311545388091,1.8028267430227296,0.0,False,,,,,,,
Enhanced Sequence Attention,1,1,0,25,-0.3266329192937475,1.921638384078714,0.0,False,,,,,,,
Enhanced Sequence Attention,1,1,0,26,-0.4414550265249623,2.0079105867977862,0.0,False,,,,,,,
Enhanced Sequence Attention,1,1,0,27,-0.6238359789608177,2.109215974829145,0.0,False,,,,,,,
Enhanced Sequence Attention,1,1,0,28,-0.7690187888878082,2.23695009377335,0.0,False,,,,,,,
Enhanced Sequence Attention,1,1,0,29,-0.8605776510670072,2.3650156586103654,0.0,False,,,,,,,
Enhanced Sequence Attention,1,1,0,30,-0.8086635606436156,2.509493869208831,0.0,False,,,,,,,
Enhanced Sequence Attention,1,1,0,31,-0.7357302528859324,2.661637038193773,0.0,False,,,,,,,
Enhanced Sequence Attention,1,1,0,32,-0.6836155460811018,2.8185883568834096,0.0,False,,,,,,,
Enhanced Sequence Attention,1,1,0,33,-0.6675226789887109,2.917575734749534,0.0,False,,,,,,,
Enhanced Sequence Attention,1,1,0,34,-0.6542269793640979,2.8991672834042124,0.0,False,,,,,,,
Enhanced Sequence Attention,1,1,0,35,-0.6305754999573965,2.8522489844505117,0.0,False,,,,,,,
Enhanced Sequence Attention,1,1,0,36,-0.5562965744581533,2.822332702836455,0.0,False,,,,,,,
Enhanced Sequence Attention,1,1,0,37,-0.4364727549000871,2.8621236829273533,0.0,False,,,,,,,
Enhanced Sequence Attention,1,1,0,38,-0.215347456265768,2.960872358915678,0.0,False,,,,,,,
Enhanced Sequence Attention,1,1,0,39,0.0053078249745879,3.0653682846213393,0.0,False,,,,,,,
Enhanced Sequence Attention,1,1,0,40,0.2089200802554164,3.144795147050733,0.0,False,,,,,,,
Enhanced Sequence Attention,1,1,0,41,0.2930797765881889,3.232171163168236,0.0,False,,,,,,,
Enhanced Sequence Attention,1,1,0,42,0.3793560228016572,3.2594149897532243,0.0,False,,,,,,,
Enhanced Sequence Attention,1,1,0,43,0.4989622784253464,3.281228486780354,0.0,False,,,,,,,
Enhanced Sequence Attention,1,1,0,44,0.6393840359599322,3.331533672312417,0.0,False,,,,,,,
Enhanced Sequence Attention,1,1,0,45,0.7954204169726228,3.4716934108351167,0.0,False,,,,,,,
Enhanced Sequence Attention,1,1,0,46,0.9690925089664724,3.6358655726078486,0.0,False,,,,,,,
Enhanced Sequence Attention,1,1,0,47,1.179615544244896,3.769202309718063,0.0,False,,,,,,,
Enhanced Sequence Attention,1,1,0,48,1.3648495638248548,3.903858893666974,0.0,False,,,,,,,
Enhanced Sequence Attention,1,1,0,49,1.494833590051253,3.991185612204832,0.0,False,,,,,,,
Enhanced Sequence Attention,1,1,0,50,1.6011798191941145,4.020176335868114,0.0,False,,,,,,,
Enhanced Sequence Attention,1,1,0,51,1.7265381351488511,4.0543116390398195,0.0,False,,,,,,,
Enhanced Sequence Attention,1,1,0,52,1.868596486968044,4.103343792074542,0.0,False,,,,,,,
Enhanced Sequence Attention,1,1,0,53,2.007980421944995,4.187979010024096,0.0,False,,,,,,,
Enhanced Sequence Attention,1,1,0,54,2.1511158153404875,4.33644850695885,0.0,False,,,,,,,
Enhanced Sequence Attention,1,1,0,55,2.374839452883739,4.592192173962493,0.0,False,,,,,,,
Enhanced Sequence Attention,1,1,0,56,2.559401264394769,4.78677760908727,0.0,False,,,,,,,
Enhanced Sequence Attention,1,1,0,57,2.675877184331901,4.930342685468532,0.0,False,,,,,,,
Enhanced Sequence Attention,1,1,0,58,2.733874119261741,5.051379416116449,0.0,False,,,,,,,
Enhanced Sequence Attention,1,1,0,59,2.7701329872666367,5.191799439493968,0.0,False,,,,,,,
Enhanced Sequence Attention,1,1,0,60,2.801403313608116,5.357827848950016,0.0,False,,,,,,,
Enhanced Sequence Attention,1,1,0,61,2.7988980904644456,5.536190670431405,0.0,False,,,,,,,
Enhanced Sequence Attention,1,1,0,62,2.8003959360327535,5.684131317699228,0.0,False,,,,,,,
Enhanced Sequence Attention,1,1,0,63,2.8733899297358625,5.84007721138772,0.0,False,,,,,,,
Enhanced Sequence Attention,1,1,0,64,2.941367371695487,5.982896394462126,0.0,False,,,,,,,
Enhanced Sequence Attention,1,1,0,65,3.009503614656341,6.114515809695374,0.0,False,,,,,,,
Enhanced Sequence Attention,1,1,0,66,3.081510751610631,6.2143372331364795,0.0,False,,,,,,,
Enhanced Sequence Attention,1,1,0,67,3.1779533577518473,6.240983283478389,0.0,False,,,,,,,
Enhanced Sequence Attention,1,1,0,68,3.2868575243095006,6.277858436440273,0.0,False,,,,,,,
Enhanced Sequence Attention,1,1,0,69,3.3881359941515012,6.392644962260986,0.0,False,,,,,,,
Enhanced Sequence Attention,1,1,0,70,3.470371991655415,6.596155428899206,0.0,False,,,,,,,
Enhanced Sequence Attention,1,1,0,71,3.58634995669349,6.810894666274543,0.0,False,,,,,,,
Enhanced Sequence Attention,1,1,0,72,3.7383956882330103,7.004431727784195,0.0,False,,,,,,,
Enhanced Sequence Attention,1,1,0,73,3.851780806709976,7.153819161374119,0.0,False,,,,,,,
Enhanced Sequence Attention,1,1,0,74,3.805968653614107,7.26478628265212,0.0,False,,,,,,,
Enhanced Sequence Attention,1,1,0,75,3.756568367439885,7.389381711943196,0.0,False,,,,,,,
Enhanced Sequence Attention,1,1,0,76,3.725644082611176,7.493153622865929,0.0,False,,,,,,,
Enhanced Sequence Attention,1,1,0,77,3.6964349940357857,7.556824928775848,0.0,False,,,,,,,
Enhanced Sequence Attention,1,1,0,78,3.756718169341765,7.623630639238166,0.0,False,,,,,,,
Enhanced Sequence Attention,1,1,0,79,3.8841906874670897,7.734734076006014,0.0,False,,,,,,,
Enhanced Sequence Attention,1,1,0,80,3.9901346147188272,7.826443814570649,0.0,False,,,,,,,
Enhanced Sequence Attention,1,1,0,81,4.090258007109429,7.911209562678851,0.0,False,,,,,,,
Enhanced Sequence Attention,1,1,0,82,4.206472785499679,7.952684040803782,0.0,False,,,,,,,
Enhanced Sequence Attention,1,1,0,83,4.2879691615801026,7.920697520504622,0.0,False,,,,,,,
Enhanced Sequence Attention,1,1,0,84,4.362537514355965,7.865158273745981,0.0,False,,,,,,,
Enhanced Sequence Attention,1,1,0,85,4.451034205444654,7.830569234528527,0.0,False,,,,,,,
Enhanced Sequence Attention,1,1,0,86,4.5577202245556405,7.823549220201401,0.0,False,,,,,,,
Enhanced Sequence Attention,1,1,0,87,4.706325186424523,7.921518720779433,0.0,False,,,,,,,
Enhanced Sequence Attention,1,1,0,88,4.906072967224032,8.062243166139849,0.0,False,,,,,,,
Enhanced Sequence Attention,1,1,0,89,5.101686504532022,8.181155664043395,0.0,False,,,,,,,
Enhanced Sequence Attention,1,1,0,90,5.29454086091357,8.251394856022033,0.0,False,,,,,,,
Enhanced Sequence Attention,1,1,0,91,5.50737642333298,8.21635743682992,0.0,False,,,,,,,
Enhanced Sequence Attention,1,1,0,92,5.704644649046496,8.190294225930142,0.0,False,,,,,,,
Enhanced Sequence Attention,1,1,0,93,5.9075877701588775,8.180309066704679,0.0,False,,,,,,,
Enhanced Sequence Attention,1,1,0,94,6.049283487224764,8.217573387214907,0.0,False,,,,,,,
Enhanced Sequence Attention,1,1,0,95,6.223046326599653,8.289316071602949,0.0,False,,,,,,,
Enhanced Sequence Attention,1,1,0,96,6.459887673003243,8.409374803935712,0.0,False,,,,,,,
Enhanced Sequence Attention,1,1,0,97,6.685475876405453,8.5148659368828,0.0,False,,,,,,,
Enhanced Sequence Attention,1,1,0,98,6.904773369307004,8.595058984443956,0.0,False,,,,,,,
Enhanced Sequence Attention,1,1,0,99,7.095687375056854,8.538189298584939,0.0,False,,,,,,,
Enhanced Sequence Attention,1,1,0,100,7.269238270302341,8.42775103039926,0.0,False,,,,,,,
Enhanced Sequence Attention,1,1,0,101,7.453119273489388,8.34418143833387,0.0,False,,,,,,,
Enhanced Sequence Attention,1,1,0,102,7.660645933873293,8.304240794244206,0.0,False,,,,,,,
Enhanced Sequence Attention,1,1,0,103,7.877506339757037,8.365857626137172,0.0,False,,,,,,,
Enhanced Sequence Attention,1,1,0,104,8.169168433851322,8.410600512631042,0.0,False,,,,,,,
Enhanced Sequence Attention,1,1,0,105,8.453623763908714,8.43525830619232,0.0,False,,,,,,,
Enhanced Sequence Attention,1,1,0,106,8.72107121670485,8.443440953378895,0.0,False,,,,,,,
Enhanced Sequence Attention,1,1,0,107,8.95243977847953,8.382371414446018,0.0,False,,,,,,,
Enhanced Sequence Attention,1,1,0,108,9.152116927932072,8.303056026532651,0.0,False,,,,,,,
Enhanced Sequence Attention,1,1,0,109,9.38691150382016,8.24197826448162,0.0,False,,,,,,,
Enhanced Sequence Attention,1,1,0,110,9.633287386395384,8.20543584284294,0.0,False,,,,,,,
Enhanced Sequence Attention,1,1,0,111,9.898085116196118,8.272917376169909,0.0,False,,,,,,,
Enhanced Sequence Attention,1,1,0,112,10.197955702413193,8.310998294074876,0.0,False,,,,,,,
Enhanced Sequence Attention,1,1,0,113,10.471430347052909,8.336405506487301,0.0,False,,,,,,,
Enhanced Sequence Attention,1,1,0,114,10.73429462540769,8.353759093030844,0.0,False,,,,,,,
Enhanced Sequence Attention,1,1,0,115,10.922984561015502,8.363335397277249,0.0,False,,,,,,,
Enhanced Sequence Attention,1,1,0,116,11.03529135190572,8.377887319321946,0.0,False,,,,,,,
Enhanced Sequence Attention,1,1,0,117,11.168180842984576,8.397430996048875,0.0,False,,,,,,,
Enhanced Sequence Attention,1,1,0,118,11.315893095227556,8.437309012936772,0.0,False,,,,,,,
Enhanced Sequence Attention,1,1,0,119,11.483607404446708,8.484868039063953,0.0,False,,,,,,,
Enhanced Sequence Attention,1,1,0,120,11.747370391768788,8.548385483902257,0.0,False,,,,,,,
Enhanced Sequence Attention,1,1,0,121,12.020041509897366,8.597853455391522,0.0,False,,,,,,,
Enhanced Sequence Attention,1,1,0,122,12.267157107751837,8.641826478560699,0.0,False,,,,,,,
Enhanced Sequence Attention,1,1,0,123,12.50159725342427,8.656936390590454,0.0,False,,,,,,,
Enhanced Sequence Attention,1,1,0,124,12.692571038733218,8.556538685845403,0.0,False,,,,,,,
Enhanced Sequence Attention,1,1,0,125,12.886893243777385,8.470029795040093,0.0,False,,,,,,,
Enhanced Sequence Attention,1,1,0,126,13.060758386939332,8.42157055269939,0.0,False,,,,,,,
Enhanced Sequence Attention,1,1,0,127,13.009699036442631,8.376187096768586,0.0,False,,,,,,,
Enhanced Sequence Attention,1,1,0,128,12.861226619260531,8.331985334469534,0.0,False,,,,,,,
Enhanced Sequence Attention,1,1,0,129,12.715528808218796,8.294218226576438,0.0,False,,,,,,,
Enhanced Sequence Attention,1,1,0,130,12.61943217275808,8.268559377377125,0.0,False,,,,,,,
Enhanced Sequence Attention,1,1,0,131,12.561790506605464,8.249303748229375,0.0,False,,,,,,,
Enhanced Sequence Attention,1,1,0,132,12.518156773360769,8.171356992227114,0.0,False,,,,,,,
Enhanced Sequence Attention,1,1,0,133,12.498887693540697,8.073407056090842,0.0,False,,,,,,,
Enhanced Sequence Attention,1,1,0,134,12.4734951938968,7.971502400947197,0.0,False,,,,,,,
Enhanced Sequence Attention,1,1,0,135,12.42743624585022,7.887628685338398,0.0,False,,,,,,,
Enhanced Sequence Attention,1,1,0,136,12.40333725576708,7.839943169732359,0.0,False,,,,,,,
Enhanced Sequence Attention,1,1,0,137,12.4499352635378,7.804336423533638,0.0,False,,,,,,,
Enhanced Sequence Attention,1,1,0,138,12.563759352025446,7.766612219610917,0.0,False,,,,,,,
Enhanced Sequence Attention,1,1,0,139,12.687819412685853,7.711303053838874,0.0,False,,,,,,,
Enhanced Sequence Attention,1,1,0,140,12.794955208457258,7.67751760529221,0.0,False,,,,,,,
Enhanced Sequence Attention,1,1,0,141,12.89089723581604,7.622449819434534,0.0,False,,,,,,,
Enhanced Sequence Attention,1,1,0,142,12.962532855655397,7.5086826477664035,0.0,False,,,,,,,
Enhanced Sequence Attention,1,1,0,143,13.045267039668817,7.396344590223596,0.0,False,,,,,,,
Enhanced Sequence Attention,1,1,0,144,13.064106504730072,7.385631133839518,0.0,False,,,,,,,
Enhanced Sequence Attention,1,1,0,145,13.10267167541916,7.485080267898727,0.0,False,,,,,,,
Enhanced Sequence Attention,1,1,0,146,13.1647875749593,7.634130221969253,0.0,False,,,,,,,
Enhanced Sequence Attention,1,1,0,147,13.153931548332617,7.695101235078474,0.0,False,,,,,,,
Enhanced Sequence Attention,1,1,0,148,13.119669124320405,7.72199785440246,0.0,False,,,,,,,
Enhanced Sequence Attention,1,1,0,149,13.092091839638544,7.738049134897875,0.0,False,,,,,,,
Enhanced Sequence Attention,1,1,0,150,13.031622979618188,7.759192858892459,0.0,False,,,,,,,
Enhanced Sequence Attention,1,1,0,151,12.98285893668806,7.757572317513787,0.0,False,,,,,,,
Enhanced Sequence Attention,1,1,0,152,12.980032384441827,7.77001339132203,0.0,False,,,,,,,
Enhanced Sequence Attention,1,1,0,153,13.005159812403202,7.83685545559283,0.0,False,,,,,,,
Enhanced Sequence Attention,1,1,0,154,13.082606806854663,7.988049874714618,0.0,False,,,,,,,
Enhanced Sequence Attention,1,1,0,155,13.13917322669775,8.037478928291456,0.0,False,,,,,,,
Enhanced Sequence Attention,1,1,0,156,13.148472279383103,8.040657301565146,0.0,False,,,,,,,
Enhanced Sequence Attention,1,1,0,157,13.153368625614004,8.02881437220678,0.0,False,,,,,,,
Enhanced Sequence Attention,1,1,0,158,13.141481840625804,7.962703368636909,0.0,False,,,,,,,
Enhanced Sequence Attention,1,1,0,159,13.062700522793843,7.863917520519504,0.0,False,,,,,,,
Enhanced Sequence Attention,1,1,0,160,12.96631656286883,7.822312659979013,0.0,False,,,,,,,
Enhanced Sequence Attention,1,1,0,161,12.891521713519657,7.919580456488843,0.0,False,,,,,,,
Enhanced Sequence Attention,1,1,0,162,12.835435388845209,8.012298714343506,0.0,False,,,,,,,
Enhanced Sequence Attention,1,1,0,163,12.784833941832126,8.093493165484235,0.0,False,,,,,,,
Enhanced Sequence Attention,1,1,0,164,12.723894217021636,8.154373483979844,0.0,False,,,,,,,
Enhanced Sequence Attention,1,1,0,165,12.630545666023702,8.163534875642283,0.0,False,,,,,,,
Enhanced Sequence Attention,1,1,0,166,12.492266630811235,8.168673978526602,0.0,False,,,,,,,
Enhanced Sequence Attention,1,1,0,167,12.363230632127504,8.178307958078332,0.0,False,,,,,,,
Enhanced Sequence Attention,1,1,0,168,12.284155216422048,8.174794656472468,0.0,False,,,,,,,
Enhanced Sequence Attention,1,1,0,169,12.29047261189986,8.08413786484706,0.0,False,,,,,,,
Enhanced Sequence Attention,1,1,0,170,12.279210963355386,7.973921777523038,0.0,False,,,,,,,
Enhanced Sequence Attention,1,1,0,171,12.22276683815168,7.900460092573466,0.0,False,,,,,,,
Enhanced Sequence Attention,1,1,0,172,12.11839782582822,7.863242304546112,0.0,False,,,,,,,
Enhanced Sequence Attention,1,1,0,173,11.98175275393004,7.915852654948252,0.0,False,,,,,,,
Enhanced Sequence Attention,1,1,0,174,11.820373510666494,7.994277739069122,0.0,False,,,,,,,
Enhanced Sequence Attention,1,1,0,175,11.691900056166316,8.042857322887235,0.0,False,,,,,,,
Enhanced Sequence Attention,1,1,0,176,11.598642426133797,8.021568344440594,0.0,False,,,,,,,
Enhanced Sequence Attention,1,1,0,177,11.536131547387336,7.962709169139318,0.0,False,,,,,,,
Enhanced Sequence Attention,1,1,0,178,11.438684621729184,7.941223354122078,0.0,False,,,,,,,
Enhanced Sequence Attention,1,1,0,179,11.32176050572598,7.946221863665848,0.0,False,,,,,,,
Enhanced Sequence Attention,1,1,0,180,11.143661405709311,7.940448624494331,0.0,False,,,,,,,
Enhanced Sequence Attention,1,1,0,181,10.85365484710862,7.9839886039485695,0.0,False,,,,,,,
Enhanced Sequence Attention,1,1,0,182,10.58173277336122,8.023090928260336,0.0,False,,,,,,,
Enhanced Sequence Attention,1,1,0,183,10.329659122211831,8.057584725585215,0.0,False,,,,,,,
Enhanced Sequence Attention,1,1,0,184,10.158489947682948,8.022647553053647,0.0,False,,,,,,,
Enhanced Sequence Attention,1,1,0,185,9.996001836537085,7.971720337094771,0.0,False,,,,,,,
Enhanced Sequence Attention,1,1,0,186,9.7965464431318,7.944333732389731,0.0,False,,,,,,,
Enhanced Sequence Attention,1,1,0,187,9.567685976300217,7.919808545067988,0.0,False,,,,,,,
Enhanced Sequence Attention,1,1,0,188,9.278770220064445,7.99217541282958,0.0,False,,,,,,,
Enhanced Sequence Attention,1,1,0,189,8.990538666394807,8.07881612033761,0.0,False,,,,,,,
Enhanced Sequence Attention,1,1,0,190,8.731911154312344,8.149433103298724,0.0,False,,,,,,,
Enhanced Sequence Attention,1,1,0,191,8.50800605771862,8.179791443724357,0.0,False,,,,,,,
Enhanced Sequence Attention,1,1,0,192,8.347448382370121,8.141908068387123,0.0,False,,,,,,,
Enhanced Sequence Attention,1,1,0,193,8.162216343945385,8.137829653853265,0.0,False,,,,,,,
Enhanced Sequence Attention,1,1,0,194,7.968088409149956,8.159561429240423,0.0,False,,,,,,,
Enhanced Sequence Attention,1,1,0,195,7.788829051954595,8.258153772827402,0.0,False,,,,,,,
Enhanced Sequence Attention,1,1,0,196,7.576583780056465,8.368659362880736,0.0,False,,,,,,,
Enhanced Sequence Attention,1,1,0,197,7.397725897969469,8.457448404866044,0.0,False,,,,,,,
Enhanced Sequence Attention,1,1,0,198,7.228900887309773,8.534955625964455,0.0,False,,,,,,,
Enhanced Sequence Attention,1,1,0,199,7.118259483611009,8.616271789525094,0.0,False,,,,,,,
Enhanced Sequence Attention,1,1,0,200,6.998924644592214,8.738930221713591,0.0,False,,,,,,,
Enhanced Sequence Attention,1,1,0,201,6.847663218705367,8.798106837565152,0.0,False,,,,,,,
Enhanced Sequence Attention,1,1,0,202,6.662760108047062,8.80126600349432,0.0,False,,,,,,,
Enhanced Sequence Attention,1,1,0,203,6.4582629954889565,8.818821924160627,0.0,False,,,,,,,
Enhanced Sequence Attention,1,1,0,204,6.232500575781311,8.86362189502835,0.0,False,,,,,,,
Enhanced Sequence Attention,1,1,0,205,6.040368091611461,8.91010341647196,0.0,False,,,,,,,
Enhanced Sequence Attention,1,1,0,206,5.932934814067926,8.903711016408932,0.0,False,,,,,,,
Enhanced Sequence Attention,1,1,0,207,5.835971221332294,8.866156976552535,0.0,False,,,,,,,
Enhanced Sequence Attention,1,1,0,208,5.724548844165728,8.829197696656676,0.0,False,,,,,,,
Enhanced Sequence Attention,1,1,0,209,5.6267241335357525,8.78608396534708,0.0,False,,,,,,,
Enhanced Sequence Attention,1,1,0,210,5.595097566556699,8.704434502357,0.0,False,,,,,,,
Enhanced Sequence Attention,1,1,0,211,5.5678503731762,8.599337430166164,0.0,False,,,,,,,
Enhanced Sequence Attention,1,1,0,212,5.519331421597912,8.484983701715048,0.0,False,,,,,,,
Enhanced Sequence Attention,1,1,0,213,5.453495514628087,8.367019713679236,0.0,False,,,,,,,
Enhanced Sequence Attention,1,1,0,214,5.410946471867932,8.267976953598607,0.0,False,,,,,,,
Enhanced Sequence Attention,1,1,0,215,5.45750616920999,8.19435415568108,0.0,False,,,,,,,
Enhanced Sequence Attention,1,1,0,216,5.495389812983547,8.095941130705782,0.0,False,,,,,,,
Enhanced Sequence Attention,1,1,0,217,5.506023366606772,7.980918709097541,0.0,False,,,,,,,
Enhanced Sequence Attention,1,1,0,218,5.507302718173078,7.851196295127876,0.0,False,,,,,,,
Enhanced Sequence Attention,1,1,0,219,5.464645502587505,7.690087646829353,0.0,False,,,,,,,
Enhanced Sequence Attention,1,1,0,220,5.426173840311152,7.518501398251335,0.0,False,,,,,,,
Enhanced Sequence Attention,1,1,0,221,5.438982075139344,7.351849885373872,0.0,False,,,,,,,
Enhanced Sequence Attention,1,1,0,222,5.528695957577235,7.217417833780918,0.0,False,,,,,,,
Enhanced Sequence Attention,1,1,0,223,5.628577418399442,7.054895692629753,0.0,False,,,,,,,
Enhanced Sequence Attention,1,1,0,224,5.68462146535781,6.966181304570745,0.0,False,,,,,,,
Enhanced Sequence Attention,1,1,0,225,5.713418731623085,6.9607373991405765,0.0,False,,,,,,,
Enhanced Sequence Attention,1,1,0,226,5.726933957710369,6.908235387452265,0.0,False,,,,,,,
Enhanced Sequence Attention,1,1,0,227,5.665205009972686,6.840524357082425,0.0,False,,,,,,,
Enhanced Sequence Attention,1,1,0,228,5.623497110722056,6.785012896906849,0.0,False,,,,,,,
Enhanced Sequence Attention,1,1,0,229,5.569361474249203,6.735599719802243,0.0,False,,,,,,,
Enhanced Sequence Attention,1,1,0,230,5.594709088965532,6.683925821423164,0.0,False,,,,,,,
Enhanced Sequence Attention,1,1,0,231,5.624769509354185,6.60189105305498,0.0,False,,,,,,,
Enhanced Sequence Attention,1,1,0,232,5.646535573805069,6.502704535715425,0.0,False,,,,,,,
Enhanced Sequence Attention,1,1,0,233,5.6520787698362485,6.4098620099684975,0.0,False,,,,,,,
Enhanced Sequence Attention,1,1,0,234,5.645408482755894,6.313497933017498,0.0,False,,,,,,,
Enhanced Sequence Attention,1,1,0,235,5.633246278331206,6.224631690029115,0.0,False,,,,,,,
Enhanced Sequence Attention,1,1,0,236,5.639436062964127,6.185079051100858,0.0,False,,,,,,,
Enhanced Sequence Attention,1,1,0,237,5.671440504265966,6.221158940884032,0.0,False,,,,,,,
Enhanced Sequence Attention,1,1,0,238,5.769031079674675,6.269535569738207,0.0,False,,,,,,,
Enhanced Sequence Attention,1,1,0,239,5.926822846527508,6.300655504139727,0.0,False,,,,,,,
Enhanced Sequence Attention,1,1,0,240,6.053011315869231,6.335328541821796,0.0,False,,,,,,,
Enhanced Sequence Attention,1,1,0,241,6.147837587602843,6.369152132232495,0.0,False,,,,,,,
Enhanced Sequence Attention,1,1,0,242,6.135389596190813,6.411417735256449,0.0,False,,,,,,,
Enhanced Sequence Attention,1,1,0,243,5.989850145810623,6.420475176890674,0.0,False,,,,,,,
Enhanced Sequence Attention,1,1,0,244,5.838280257307736,6.409671010813006,0.0,False,,,,,,,
Enhanced Sequence Attention,1,1,0,245,5.7343168256026384,6.399848874600729,0.0,False,,,,,,,
Enhanced Sequence Attention,1,1,0,246,5.782101814242705,6.41719457957065,0.0,False,,,,,,,
Enhanced Sequence Attention,1,1,0,247,5.896327131660712,6.452679118666375,0.0,False,,,,,,,
Enhanced Sequence Attention,1,1,0,248,6.020724219077195,6.502427155139302,0.0,False,,,,,,,
Enhanced Sequence Attention,1,1,0,249,6.127505621571197,6.5534011334716995,0.0,False,,,,,,,
Enhanced Sequence Attention,1,1,0,250,6.233635049646414,6.594826566247075,0.0,False,,,,,,,
Enhanced Sequence Attention,1,1,0,251,6.189611395836592,6.6533211582153875,0.0,False,,,,,,,
Enhanced Sequence Attention,1,1,0,252,6.057445718085018,6.646334903487811,0.0,False,,,,,,,
Enhanced Sequence Attention,1,1,0,253,5.946730287701873,6.6470883446180045,0.0,False,,,,,,,
Enhanced Sequence Attention,1,1,0,254,5.893227815759948,6.650097301289182,0.0,False,,,,,,,
Enhanced Sequence Attention,1,1,0,255,6.012316716072223,6.65882089360832,0.0,False,,,,,,,
Enhanced Sequence Attention,1,1,0,256,6.164925511171236,6.663600135869995,0.0,False,,,,,,,
Enhanced Sequence Attention,1,1,0,257,6.264782176508591,6.6574086973514515,0.0,False,,,,,,,
Enhanced Sequence Attention,1,1,0,258,6.338261125268491,6.66547409906893,0.0,False,,,,,,,
Enhanced Sequence Attention,1,1,0,259,6.408962263128177,6.724527699987238,0.0,False,,,,,,,
Enhanced Sequence Attention,1,1,0,260,6.327255427003854,6.762120087270555,0.0,False,,,,,,,
Enhanced Sequence Attention,1,1,0,261,6.213591428314312,6.742225336852916,0.0,False,,,,,,,
Enhanced Sequence Attention,1,1,0,262,6.110333041118478,6.721568973817522,0.0,False,,,,,,,
Enhanced Sequence Attention,1,1,0,263,6.077520199861722,6.7563838414203055,0.0,False,,,,,,,
Enhanced Sequence Attention,1,1,0,264,6.098121357385262,6.770939029089983,0.0,False,,,,,,,
Enhanced Sequence Attention,1,1,0,265,6.128751796172723,6.799558299225502,0.0,False,,,,,,,
Enhanced Sequence Attention,1,1,0,266,6.14960695550766,6.828660108440138,0.0,False,,,,,,,
Enhanced Sequence Attention,1,1,0,267,6.162307701014738,6.837344362011203,0.0,False,,,,,,,
Enhanced Sequence Attention,1,1,0,268,6.154469283601137,6.812836790186166,0.0,False,,,,,,,
Enhanced Sequence Attention,1,1,0,269,6.135713138971923,6.789707525406565,0.0,False,,,,,,,
Enhanced Sequence Attention,1,1,0,270,6.143249417694178,6.766963007687083,0.0,False,,,,,,,
Enhanced Sequence Attention,1,1,0,271,6.271875751213914,6.685373931054043,0.0,False,,,,,,,
Enhanced Sequence Attention,1,1,0,272,6.497237422166938,6.564834095809386,0.0,False,,,,,,,
Enhanced Sequence Attention,1,1,0,273,6.692143732546705,6.468689538774281,0.0,False,,,,,,,
Enhanced Sequence Attention,1,1,0,274,6.801820507373052,6.48551520418134,0.0,False,,,,,,,
Enhanced Sequence Attention,1,1,0,275,6.805714969459302,6.6124627627156185,0.0,False,,,,,,,
Enhanced Sequence Attention,1,1,0,276,6.728811413290417,6.726189461726596,0.0,False,,,,,,,
Enhanced Sequence Attention,1,1,0,277,6.657956990724607,6.826167001388149,0.0,False,,,,,,,
Enhanced Sequence Attention,1,1,0,278,6.662837260763358,6.8959491577595,0.0,False,,,,,,,
Enhanced Sequence Attention,1,1,0,279,6.657210004637516,6.945018470881496,0.0,False,,,,,,,
Enhanced Sequence Attention,1,1,0,280,6.634552812359695,7.014193854374154,0.0,False,,,,,,,
Enhanced Sequence Attention,1,1,0,281,6.625015118341339,7.117193769951057,0.0,False,,,,,,,
Enhanced Sequence Attention,1,1,0,282,6.623478290080828,7.223998476079012,0.0,False,,,,,,,
Enhanced Sequence Attention,1,1,0,283,6.61690221851306,7.287179691265919,0.0,False,,,,,,,
Enhanced Sequence Attention,1,1,0,284,6.593539020960378,7.345133587110915,0.0,False,,,,,,,
Enhanced Sequence Attention,1,1,0,285,6.5431338917209905,7.373482578303476,0.0,False,,,,,,,
Enhanced Sequence Attention,1,1,0,286,6.5165802421990175,7.330354576569183,0.0,False,,,,,,,
Enhanced Sequence Attention,1,1,0,287,6.547304502596181,7.262398877214387,0.0,False,,,,,,,
Enhanced Sequence Attention,1,1,0,288,6.683557766878291,7.135259663051807,0.0,False,,,,,,,
Enhanced Sequence Attention,1,1,0,289,6.813291329934296,7.027116305149219,0.0,False,,,,,,,
Enhanced Sequence Attention,1,1,0,290,6.9253345598105716,6.938483999961139,0.0,False,,,,,,,
Enhanced Sequence Attention,1,1,0,291,7.02156015690388,6.860128035906192,0.0,False,,,,,,,
Enhanced Sequence Attention,1,1,0,292,7.074267197730756,6.877695223457085,0.0,False,,,,,,,
Enhanced Sequence Attention,1,1,0,293,7.064925706199291,6.998287613853249,0.0,False,,,,,,,
Enhanced Sequence Attention,1,1,0,294,7.075868119382719,7.077643132884364,0.0,False,,,,,,,
Enhanced Sequence Attention,1,1,0,295,7.175534806286183,7.093465819517331,0.0,False,,,,,,,
Enhanced Sequence Attention,1,1,0,296,7.293666510508454,7.058934174239672,0.0,False,,,,,,,
Enhanced Sequence Attention,1,1,0,297,7.409038437059849,6.995246749441424,0.0,False,,,,,,,
Enhanced Sequence Attention,1,1,0,298,7.515423008406577,6.951672743276196,0.0,False,,,,,,,
Enhanced Sequence Attention,1,1,0,299,7.617881960034681,6.940268641148407,0.0,False,,,,,,,
Enhanced Sequence Attention,1,1,0,300,7.6948849848646415,6.939846063611511,0.0,False,,,,,,,
Enhanced Sequence Attention,1,1,0,301,7.734525356567265,6.946600757354656,0.0,False,,,,,,,
Enhanced Sequence Attention,1,1,0,302,7.755079413739779,6.958618333994157,0.0,False,,,,,,,
Enhanced Sequence Attention,1,1,0,303,7.71927565004449,6.9470436024172235,0.0,False,,,,,,,
Enhanced Sequence Attention,1,1,0,304,7.768477980676861,6.910464617313033,0.0,False,,,,,,,
Enhanced Sequence Attention,1,1,0,305,7.894648272933449,6.841967743649726,0.0,False,,,,,,,
Enhanced Sequence Attention,1,1,0,306,8.010691390062586,6.802162215926085,0.0,False,,,,,,,
Enhanced Sequence Attention,1,1,0,307,8.08696190492958,6.742906822830853,0.0,False,,,,,,,
Enhanced Sequence Attention,1,1,0,308,8.135539139086438,6.707705334086171,0.0,False,,,,,,,
Enhanced Sequence Attention,1,1,0,309,8.133052927722401,6.771037151560699,0.0,False,,,,,,,
Enhanced Sequence Attention,1,1,0,310,8.177333626494006,6.853181393995487,0.0,False,,,,,,,
Enhanced Sequence Attention,1,1,0,311,8.238568890747729,6.980849079425735,0.0,False,,,,,,,
Enhanced Sequence Attention,1,1,0,312,8.258777385289497,7.032328870741643,0.0,False,,,,,,,
Enhanced Sequence Attention,1,1,0,313,8.258480894825789,7.084788608356962,0.0,False,,,,,,,
Enhanced Sequence Attention,1,1,0,314,8.267513941453538,7.147921786410312,0.0,False,,,,,,,
Enhanced Sequence Attention,1,1,0,315,8.291269802205775,7.216358047487541,0.0,False,,,,,,,
Enhanced Sequence Attention,1,1,0,316,8.358716799285693,7.317488237861715,0.0,False,,,,,,,
Enhanced Sequence Attention,1,1,0,317,8.424337345248176,7.407826534601779,0.0,False,,,,,,,
Enhanced Sequence Attention,1,1,0,318,8.472897954456148,7.465625865264225,0.0,False,,,,,,,
Enhanced Sequence Attention,1,1,0,319,8.502818394018758,7.509855428221714,0.0,False,,,,,,,
Enhanced Sequence Attention,1,1,0,320,8.574915467754886,7.507795373715608,0.0,False,,,,,,,
Enhanced Sequence Attention,1,1,0,321,8.698730610439089,7.402655769802808,0.0,False,,,,,,,
Enhanced Sequence Attention,1,1,0,322,8.827753329158137,7.315135943446601,0.0,False,,,,,,,
Enhanced Sequence Attention,1,1,0,323,8.953257312236532,7.251973815865621,0.0,False,,,,,,,
Enhanced Sequence Attention,1,1,0,324,9.086748819347438,7.242527981326011,0.0,False,,,,,,,
Enhanced Sequence Attention,1,1,0,325,9.159749684466442,7.241193835567101,0.0,False,,,,,,,
Enhanced Sequence Attention,1,1,0,326,9.259402041731832,7.200850497329388,0.0,False,,,,,,,
Enhanced Sequence Attention,1,1,0,327,9.389820064763809,7.1582268293629445,0.0,False,,,,,,,
Enhanced Sequence Attention,1,1,0,328,9.5829400700075,7.122665992704897,0.0,False,,,,,,,
Enhanced Sequence Attention,1,1,0,329,9.832204810308898,7.086909132560933,0.0,False,,,,,,,
Enhanced Sequence Attention,1,1,0,330,10.04934161627028,7.058823250545802,0.0,False,,,,,,,
Enhanced Sequence Attention,1,1,0,331,10.25392578849758,7.0205786696661505,0.0,False,,,,,,,
Enhanced Sequence Attention,1,1,0,332,10.38535875162732,6.996610470359005,0.0,False,,,,,,,
Enhanced Sequence Attention,1,1,0,333,10.369380589443356,7.041302910456454,0.0,False,,,,,,,
Enhanced Sequence Attention,1,1,0,334,10.327263225853937,7.114424928129717,0.0,False,,,,,,,
Enhanced Sequence Attention,1,1,0,335,10.325575639401276,7.2009173502723645,0.0,False,,,,,,,
Enhanced Sequence Attention,1,1,0,336,10.351877062472957,7.29604887316359,0.0,False,,,,,,,
Enhanced Sequence Attention,1,1,0,337,10.456609753129529,7.448833972588243,0.0,False,,,,,,,
Enhanced Sequence Attention,1,1,0,338,10.568128491287943,7.613280086478884,0.0,False,,,,,,,
Enhanced Sequence Attention,1,1,0,339,10.649246279073608,7.782822243937063,0.0,False,,,,,,,
Enhanced Sequence Attention,1,1,0,340,10.70286187249216,7.958648064623853,0.0,False,,,,,,,
Enhanced Sequence Attention,1,1,0,341,10.673174526285475,8.12210063796351,0.0,False,,,,,,,
Enhanced Sequence Attention,1,1,0,342,10.550440855204217,8.26994923456347,0.0,False,,,,,,,
Enhanced Sequence Attention,1,1,0,343,10.469233017528255,8.41858190670118,0.0,False,,,,,,,
Enhanced Sequence Attention,1,1,0,344,10.523846682764566,8.538003081439784,0.0,False,,,,,,,
Enhanced Sequence Attention,1,1,0,345,10.633244473247034,8.645963788784275,0.0,False,,,,,,,
Enhanced Sequence Attention,1,1,0,346,10.765565632345528,8.80457673689156,0.0,False,,,,,,,
Enhanced Sequence Attention,1,1,0,347,10.887312249462331,8.9783374514146,0.0,False,,,,,,,
Enhanced Sequence Attention,1,1,0,348,10.992073732275204,9.14042938454865,0.0,False,,,,,,,
Enhanced Sequence Attention,1,1,0,349,11.035459464730534,9.267626480557944,0.0,False,,,,,,,
Enhanced Sequence Attention,1,1,0,350,10.92121745414121,9.3480304371814,0.0,False,,,,,,,
Enhanced Sequence Attention,1,1,0,351,10.829995345062796,9.445409372225711,0.0,False,,,,,,,
Enhanced Sequence Attention,1,1,0,352,10.768681990026966,9.543416272725633,0.0,False,,,,,,,
Enhanced Sequence Attention,1,1,0,353,10.728536679009276,9.653084292144024,0.0,False,,,,,,,
Enhanced Sequence Attention,1,1,0,354,10.784883840002651,9.768922630949124,0.0,False,,,,,,,
Enhanced Sequence Attention,1,1,0,355,10.922753424540604,9.906026529579568,0.0,False,,,,,,,
Enhanced Sequence Attention,1,1,0,356,11.027984317255566,10.05450825010537,0.0,False,,,,,,,
Enhanced Sequence Attention,1,1,0,357,11.063496207987964,10.180349790924591,0.0,False,,,,,,,
Enhanced Sequence Attention,1,1,0,358,10.955758492678934,10.266350830480947,0.0,False,,,,,,,
Enhanced Sequence Attention,1,1,0,359,10.8309603662114,10.386291651193416,0.0,False,,,,,,,
Enhanced Sequence Attention,1,1,0,360,10.768578344330953,10.519060769757122,0.0,False,,,,,,,
Enhanced Sequence Attention,1,1,0,361,10.734862116481912,10.622173566369373,0.0,False,,,,,,,
Enhanced Sequence Attention,1,1,0,362,10.842456554658224,10.56320946625899,0.0,False,,,,,,,
Enhanced Sequence Attention,1,1,0,363,10.909105132684594,10.525647779239405,0.0,False,,,,,,,
Enhanced Sequence Attention,1,1,0,364,10.962026668702531,10.522723259040914,0.0,False,,,,,,,
Enhanced Sequence Attention,1,1,0,365,11.049265995564054,10.535071668265514,0.0,False,,,,,,,
Enhanced Sequence Attention,1,1,0,366,11.159241642753711,10.541827504055124,0.0,False,,,,,,,
Enhanced Sequence Attention,1,1,0,367,11.204921654636756,10.580477474608172,0.0,False,,,,,,,
Enhanced Sequence Attention,1,1,0,368,11.23342291510006,10.64103470638272,0.0,False,,,,,,,
Enhanced Sequence Attention,1,1,0,369,11.26455212107266,10.712543639079607,0.0,False,,,,,,,
Enhanced Sequence Attention,1,1,0,370,11.297863520424857,10.816327257152006,0.0,False,,,,,,,
Enhanced Sequence Attention,1,1,0,371,11.362758126922776,10.928047206326154,0.0,False,,,,,,,
Enhanced Sequence Attention,1,1,0,372,11.447798355226842,11.039845812975816,0.0,False,,,,,,,
Enhanced Sequence Attention,1,1,0,373,11.537554924707544,11.186044330821012,0.0,False,,,,,,,
Enhanced Sequence Attention,1,1,0,374,11.523265364273826,11.29859719240481,0.0,False,,,,,,,
Enhanced Sequence Attention,1,1,0,375,11.492988575181004,11.416541171143091,0.0,False,,,,,,,
Enhanced Sequence Attention,1,1,0,376,11.425757411596935,11.520467170105086,0.0,False,,,,,,,
Enhanced Sequence Attention,1,1,0,377,11.357565460413396,11.641452453203858,0.0,False,,,,,,,
Enhanced Sequence Attention,1,1,0,378,11.312314232843065,11.739623074397494,0.0,False,,,,,,,
Enhanced Sequence Attention,1,1,0,379,11.31362928262021,11.784033134168196,0.0,False,,,,,,,
Enhanced Sequence Attention,1,1,0,380,11.435225365790984,11.769063504050315,0.0,False,,,,,,,
Enhanced Sequence Attention,1,1,0,381,11.545107531656187,11.778242015518629,0.0,False,,,,,,,
Enhanced Sequence Attention,1,1,0,382,11.641914594103945,11.799616723529072,0.0,False,,,,,,,
Enhanced Sequence Attention,1,1,0,383,11.75474651872531,11.831118479654744,0.0,False,,,,,,,
Enhanced Sequence Attention,1,1,0,384,11.818721587381678,11.837078616643185,0.0,False,,,,,,,
Enhanced Sequence Attention,1,1,0,385,11.877521790356584,11.81204145703451,0.0,False,,,,,,,
Enhanced Sequence Attention,1,1,0,386,11.983479609121115,11.7651476077076,0.0,False,,,,,,,
Enhanced Sequence Attention,1,1,0,387,12.136845530083349,11.706016560514357,0.0,False,,,,,,,
Enhanced Sequence Attention,1,1,0,388,12.428608192416585,11.631283690624452,0.0,False,,,,,,,
Enhanced Sequence Attention,1,1,0,389,12.68687707712034,11.563366370791057,0.0,False,,,,,,,
Enhanced Sequence Attention,1,1,0,390,12.936742680399524,11.474741916357544,0.0,False,,,,,,,
Enhanced Sequence Attention,1,1,0,391,13.10680410124597,11.413053836183533,0.0,False,,,,,,,
Enhanced Sequence Attention,1,1,0,392,13.185875369075884,11.382065039946964,0.0,False,,,,,,,
Enhanced Sequence Attention,1,1,0,393,13.286080053727291,11.341853171168252,0.0,False,,,,,,,
Enhanced Sequence Attention,1,1,0,394,13.426272246530967,11.340541492597955,0.0,False,,,,,,,
Enhanced Sequence Attention,1,1,0,395,13.642327328353156,11.399992877999086,0.0,False,,,,,,,
Enhanced Sequence Attention,1,1,0,396,13.90886462590253,11.464096611253288,0.0,False,,,,,,,
Enhanced Sequence Attention,1,1,0,397,14.16082668867764,11.502996332807632,0.0,False,,,,,,,
Enhanced Sequence Attention,1,1,0,398,14.362826425644943,11.562999156404564,0.0,False,,,,,,,
Enhanced Sequence Attention,1,1,0,399,14.464071719391404,11.605013437364017,0.0,False,,,,,,,
Enhanced Sequence Attention,1,1,0,400,14.545254023957837,11.568129956201473,0.0,False,,,,,,,
Enhanced Sequence Attention,1,1,0,401,14.65084647762516,11.547743680752138,0.0,False,,,,,,,
Enhanced Sequence Attention,1,1,0,402,14.759719938879046,11.52188527861805,0.0,False,,,,,,,
Enhanced Sequence Attention,1,1,0,403,14.925455655511302,11.54090520158678,0.0,False,,,,,,,
Enhanced Sequence Attention,1,1,0,404,15.18200079268799,11.60471099191748,0.0,False,,,,,,,
Enhanced Sequence Attention,1,1,0,405,15.415158977399583,11.655592281182551,0.0,False,,,,,,,
Enhanced Sequence Attention,1,1,0,406,15.649839582896057,11.685417773529656,0.0,False,,,,,,,
Enhanced Sequence Attention,1,1,0,407,15.871509730526796,11.64482600850778,0.0,False,,,,,,,
Enhanced Sequence Attention,1,1,0,408,16.08027415569979,11.584007506783106,0.0,False,,,,,,,
Enhanced Sequence Attention,1,1,0,409,16.30108413183583,11.537534845490573,0.0,False,,,,,,,
Enhanced Sequence Attention,1,1,0,410,16.520558130049853,11.536844797051106,0.0,False,,,,,,,
Enhanced Sequence Attention,1,1,0,411,16.720675499630826,11.61492982155652,0.0,False,,,,,,,
Enhanced Sequence Attention,1,1,0,412,16.954926271042773,11.708040802865286,0.0,False,,,,,,,
Enhanced Sequence Attention,1,1,0,413,17.218274032062137,11.797563960372637,0.0,False,,,,,,,
Enhanced Sequence Attention,1,1,0,414,17.46647612160391,11.874728951625997,0.0,False,,,,,,,
Enhanced Sequence Attention,1,1,0,415,17.64974089881653,11.879527195697417,0.0,False,,,,,,,
Enhanced Sequence Attention,1,1,0,416,17.786446100781983,11.798111588746211,0.0,False,,,,,,,
Enhanced Sequence Attention,1,1,0,417,17.935253807340512,11.703407138322584,0.0,False,,,,,,,
Enhanced Sequence Attention,1,1,0,418,18.08717604039741,11.627406266743897,0.0,False,,,,,,,
Enhanced Sequence Attention,1,1,0,419,18.230098573627004,11.569243265593562,0.0,False,,,,,,,
Enhanced Sequence Attention,1,1,0,420,18.3892003152183,11.613364249951283,0.0,False,,,,,,,
Enhanced Sequence Attention,1,1,0,421,18.595375963076513,11.691160542281487,0.0,False,,,,,,,
Enhanced Sequence Attention,1,1,0,422,18.80731609262958,11.752557263655229,0.0,False,,,,,,,
Enhanced Sequence Attention,1,1,0,423,18.998682693676688,11.802769224796869,0.0,False,,,,,,,
Enhanced Sequence Attention,1,1,0,424,19.13628384133607,11.84423070089919,0.0,False,,,,,,,
Enhanced Sequence Attention,1,1,0,425,19.08544140133534,11.905452589816194,0.0,False,,,,,,,
Enhanced Sequence Attention,1,1,0,426,19.00099627623421,11.986846802331437,0.0,False,,,,,,,
Enhanced Sequence Attention,1,1,0,427,18.948039671057675,12.087846293516687,0.0,False,,,,,,,
Enhanced Sequence Attention,1,1,0,428,18.90755487647448,12.215870183877042,0.0,False,,,,,,,
Enhanced Sequence Attention,1,1,0,429,18.86063243994795,12.414705827886912,0.0,False,,,,,,,
Enhanced Sequence Attention,1,1,0,430,18.788168780666226,12.599279892352577,0.0,False,,,,,,,
Enhanced Sequence Attention,1,1,0,431,18.70442595499958,12.677766911475734,0.0,False,,,,,,,
Enhanced Sequence Attention,1,1,0,432,18.58473878785851,12.715249794790298,0.0,False,,,,,,,
Enhanced Sequence Attention,1,1,0,433,18.447660390983295,12.755468326948352,0.0,False,,,,,,,
Enhanced Sequence Attention,1,1,0,434,18.2465807089219,12.808426249072664,0.0,False,,,,,,,
Enhanced Sequence Attention,1,1,0,435,18.06063119046287,12.868195664096426,0.0,False,,,,,,,
Enhanced Sequence Attention,1,1,0,436,17.886631242443517,12.929192271253838,0.0,False,,,,,,,
Enhanced Sequence Attention,1,1,0,437,17.77375661747269,12.940901344787513,0.0,False,,,,,,,
Enhanced Sequence Attention,1,1,0,438,17.757083790226723,12.863436537675415,0.0,False,,,,,,,
Enhanced Sequence Attention,1,1,0,439,17.709722900412842,12.77052354657011,0.0,False,,,,,,,
Enhanced Sequence Attention,1,1,0,440,17.63373928010343,12.686233696832844,0.0,False,,,,,,,
Enhanced Sequence Attention,1,1,0,441,17.500146386535576,12.665022601114517,0.0,False,,,,,,,
Enhanced Sequence Attention,1,1,0,442,17.316981845780795,12.684884848379376,0.0,False,,,,,,,
Enhanced Sequence Attention,1,1,0,443,17.199605188741153,12.63664422868787,0.0,False,,,,,,,
Enhanced Sequence Attention,1,1,0,444,17.13924754571713,12.529893705528664,0.0,False,,,,,,,
Enhanced Sequence Attention,1,1,0,445,17.1054871988579,12.419491853543468,0.0,False,,,,,,,
Enhanced Sequence Attention,1,1,0,446,17.083608588896674,12.319434239482549,0.0,False,,,,,,,
Enhanced Sequence Attention,1,1,0,447,17.032850670108928,12.240160082328847,0.0,False,,,,,,,
Enhanced Sequence Attention,1,1,0,448,16.91431847701833,12.255121001760056,0.0,False,,,,,,,
Enhanced Sequence Attention,1,1,0,449,16.701911317449387,12.342261758181731,0.0,False,,,,,,,
Enhanced Sequence Attention,1,1,0,450,16.478958652083328,12.478251264860662,0.0,False,,,,,,,
Enhanced Sequence Attention,1,1,0,451,16.306231316346977,12.563571099561416,0.0,False,,,,,,,
Enhanced Sequence Attention,1,1,0,452,16.15305688600799,12.611090943035236,0.0,False,,,,,,,
Enhanced Sequence Attention,1,1,0,453,16.01796887566706,12.646897876426934,0.0,False,,,,,,,
Enhanced Sequence Attention,1,1,0,454,15.85970990606116,12.710512346493545,0.0,False,,,,,,,
Enhanced Sequence Attention,1,1,0,455,15.680084316227678,12.77830602182995,0.0,False,,,,,,,
Enhanced Sequence Attention,1,1,0,456,15.435841928694847,12.89060954490719,0.0,False,,,,,,,
Enhanced Sequence Attention,1,1,0,457,15.181358795003693,12.998705502155753,0.0,False,,,,,,,
Enhanced Sequence Attention,1,1,0,458,14.957695895955611,13.082858901657,0.0,False,,,,,,,
Enhanced Sequence Attention,1,1,0,459,14.74838369347921,13.140535596965773,0.0,False,,,,,,,
Enhanced Sequence Attention,1,1,0,460,14.63242060931628,13.019889250175368,0.0,False,,,,,,,
Enhanced Sequence Attention,1,1,0,461,14.512170644595166,12.89059354431048,0.0,False,,,,,,,
Enhanced Sequence Attention,1,1,0,462,14.376255302974664,12.787109564173996,0.0,False,,,,,,,
Enhanced Sequence Attention,1,1,0,463,14.269253142460489,12.772459005113037,0.0,False,,,,,,,
Enhanced Sequence Attention,1,1,0,464,14.173769168237644,12.819936238498924,0.0,False,,,,,,,
Enhanced Sequence Attention,1,1,0,465,14.146936163369158,12.799378673343032,0.0,False,,,,,,,
Enhanced Sequence Attention,1,1,0,466,14.11996255349836,12.802547280346731,0.0,False,,,,,,,
Enhanced Sequence Attention,1,1,0,467,14.087425189366398,12.823210072228743,0.0,False,,,,,,,
Enhanced Sequence Attention,1,1,0,468,14.00376566710667,12.795456344541364,0.0,False,,,,,,,
Enhanced Sequence Attention,1,1,0,469,13.915762238402069,12.758683591538071,0.0,False,,,,,,,
Enhanced Sequence Attention,1,1,0,470,13.831184413984172,12.69171615425582,0.0,False,,,,,,,
Enhanced Sequence Attention,1,1,0,471,13.753161611970071,12.660712476953227,0.0,False,,,,,,,
Enhanced Sequence Attention,1,1,0,472,13.76369039520846,12.663187192243598,0.0,False,,,,,,,
Enhanced Sequence Attention,1,1,0,473,13.785082651884082,12.70110366923175,0.0,False,,,,,,,
Enhanced Sequence Attention,1,1,0,474,13.747051297625296,12.80321881094748,0.0,False,,,,,,,
Enhanced Sequence Attention,1,1,0,475,13.681105107394542,12.942269450122817,0.0,False,,,,,,,
Enhanced Sequence Attention,1,1,0,476,13.599968971069332,13.043495617469338,0.0,False,,,,,,,
Enhanced Sequence Attention,1,1,0,477,13.503768002932215,13.112869403497776,0.0,False,,,,,,,
Enhanced Sequence Attention,1,1,0,478,13.390460977607232,13.100234811585947,0.0,False,,,,,,,
Enhanced Sequence Attention,1,1,0,479,13.278031694627934,13.112329788318272,0.0,False,,,,,,,
Enhanced Sequence Attention,1,1,0,480,13.208277808587669,13.178153869153158,0.0,False,,,,,,,
Enhanced Sequence Attention,1,1,0,481,13.133844948155156,13.25366838575461,0.0,False,,,,,,,
Enhanced Sequence Attention,1,1,0,482,12.981467598837384,13.350893272114844,0.0,False,,,,,,,
Enhanced Sequence Attention,1,1,0,483,12.794905444852152,13.444801394716665,0.0,False,,,,,,,
Enhanced Sequence Attention,1,1,0,484,12.617909279424966,13.498397025377638,0.0,False,,,,,,,
Enhanced Sequence Attention,1,1,0,485,12.522769136958225,13.45990708689438,0.0,False,,,,,,,
Enhanced Sequence Attention,1,1,0,486,12.451256090667856,13.393731947007366,0.0,False,,,,,,,
Enhanced Sequence Attention,1,1,0,487,12.401758014821947,13.345512326483334,0.0,False,,,,,,,
Enhanced Sequence Attention,1,1,0,488,12.395235252831018,13.303283621163567,0.0,False,,,,,,,
Enhanced Sequence Attention,1,1,0,489,12.465548580402098,13.272306533609106,0.0,False,,,,,,,
Enhanced Sequence Attention,1,1,0,490,12.54083774007727,13.22826869882218,0.0,False,,,,,,,
Enhanced Sequence Attention,1,1,0,491,12.592005101681687,13.16548737764329,0.0,False,,,,,,,
Enhanced Sequence Attention,1,1,0,492,12.5657102251009,13.064102297553154,0.0,False,,,,,,,
Enhanced Sequence Attention,1,1,0,493,12.481649368218935,12.879413033537002,0.0,False,,,,,,,
Enhanced Sequence Attention,1,1,0,494,12.423444336094486,12.706377118042855,0.0,False,,,,,,,
Enhanced Sequence Attention,1,1,0,495,12.384593425924974,12.54221660014814,0.0,False,,,,,,,
Enhanced Sequence Attention,1,1,0,496,12.372457292431775,12.382641583195571,0.0,False,,,,,,,
Enhanced Sequence Attention,1,1,0,497,12.442867395560976,12.24036242414769,0.0,False,,,,,,,
Enhanced Sequence Attention,1,1,0,498,12.51317828422596,12.07695199419148,0.0,False,,,,,,,
Enhanced Sequence Attention,1,1,0,499,12.545095225937514,11.938996771386432,0.0,False,,,,,,,
Enhanced Sequence Attention,1,1,0,500,12.554888348098425,11.77606343153818,0.0,False,,,,,,,
Enhanced Sequence Attention,1,1,0,501,12.557822556618072,11.633192330847764,0.0,False,,,,,,,
Enhanced Sequence Attention,1,1,0,502,12.599582198270957,11.499906761728838,0.0,False,,,,,,,
Enhanced Sequence Attention,1,1,0,503,12.682644775014507,11.38196823723519,0.0,False,,,,,,,
Enhanced Sequence Attention,1,1,0,504,12.908917722025889,11.36132217324906,0.0,False,,,,,,,
Enhanced Sequence Attention,1,1,0,505,13.148038255073992,11.343072473550796,0.0,False,,,,,,,
Enhanced Sequence Attention,1,1,0,506,13.361030037633109,11.31159918070206,0.0,False,,,,,,,
Enhanced Sequence Attention,1,1,0,507,13.564446537947047,11.25689563318743,0.0,False,,,,,,,
Enhanced Sequence Attention,1,1,0,508,13.724172485071486,11.162327133967889,0.0,False,,,,,,,
Enhanced Sequence Attention,1,1,0,509,13.842603444071871,11.081611493451929,0.0,False,,,,,,,
Enhanced Sequence Attention,1,1,0,510,13.982441536343847,11.011928515885192,0.0,False,,,,,,,
Enhanced Sequence Attention,1,1,0,511,14.1340112992562,11.034595606529164,0.0,False,,,,,,,
Enhanced Sequence Attention,1,1,0,512,14.341227769159543,11.100219479778048,0.0,False,,,,,,,
Enhanced Sequence Attention,1,1,0,513,14.599534313372972,11.126701841736583,0.0,False,,,,,,,
Enhanced Sequence Attention,1,1,0,514,14.82914337244033,11.151793551685032,0.0,False,,,,,,,
Enhanced Sequence Attention,1,1,0,515,14.96066675382343,11.192697789950762,0.0,False,,,,,,,
Enhanced Sequence Attention,1,1,0,516,15.066874862952584,11.206836340898947,0.0,False,,,,,,,
Enhanced Sequence Attention,1,1,0,517,15.188197184333836,11.225278665332237,0.0,False,,,,,,,
Enhanced Sequence Attention,1,1,0,518,15.328944853899433,11.263379793282216,0.0,False,,,,,,,
Enhanced Sequence Attention,1,1,0,519,15.49015187212821,11.292282581526743,0.0,False,,,,,,,
Enhanced Sequence Attention,1,1,0,520,15.714678737051672,11.363109642178218,0.0,False,,,,,,,
Enhanced Sequence Attention,1,1,0,521,16.007205211566887,11.47460374726196,0.0,False,,,,,,,
Enhanced Sequence Attention,1,1,0,522,16.274325080625033,11.571144406203356,0.0,False,,,,,,,
Enhanced Sequence Attention,1,1,0,523,16.504239968496805,11.619105955480014,0.0,False,,,,,,,
Enhanced Sequence Attention,1,1,0,524,16.71439348546689,11.592676581483378,0.0,False,,,,,,,
Enhanced Sequence Attention,1,1,0,525,16.93501231944029,11.583577196750207,0.0,False,,,,,,,
Enhanced Sequence Attention,1,1,0,526,17.165721822119405,11.58659367535501,0.0,False,,,,,,,
Enhanced Sequence Attention,1,1,0,527,17.356908241829288,11.643742884431909,0.0,False,,,,,,,
Enhanced Sequence Attention,1,1,0,528,17.58963427857897,11.711254029623086,0.0,False,,,,,,,
Enhanced Sequence Attention,1,1,0,529,17.82788333217365,11.764819666656816,0.0,False,,,,,,,
Enhanced Sequence Attention,1,1,0,530,18.064063550409987,11.79571400651974,0.0,False,,,,,,,
Enhanced Sequence Attention,1,1,0,531,18.251975907361295,11.759175236033332,0.0,False,,,,,,,
Enhanced Sequence Attention,1,1,0,532,18.359271023769935,11.578462233549494,0.0,False,,,,,,,
Enhanced Sequence Attention,1,1,0,533,18.48178765741804,11.41877547642111,0.0,False,,,,,,,
Enhanced Sequence Attention,1,1,0,534,18.581763426391245,11.268687014590853,0.0,False,,,,,,,
Enhanced Sequence Attention,1,1,0,535,18.645830972211208,11.173055054583472,0.0,False,,,,,,,
Enhanced Sequence Attention,1,1,0,536,18.620916211173913,11.178813138772306,0.0,False,,,,,,,
Enhanced Sequence Attention,1,1,0,537,18.56265865231933,11.23175118372955,0.0,False,,,,,,,
Enhanced Sequence Attention,1,1,0,538,18.55864877518825,11.264794500934071,0.0,False,,,,,,,
Enhanced Sequence Attention,1,1,0,539,18.59063059389292,11.258291438782503,0.0,False,,,,,,,
Enhanced Sequence Attention,1,1,0,540,18.612048876547345,11.255961258339454,0.0,False,,,,,,,
Enhanced Sequence Attention,1,1,0,541,18.645269915086377,11.246392586951286,0.0,False,,,,,,,
Enhanced Sequence Attention,1,1,0,542,18.685361620403107,11.26335335274321,0.0,False,,,,,,,
Enhanced Sequence Attention,1,1,0,543,18.74271559447448,11.284342360312248,0.0,False,,,,,,,
Enhanced Sequence Attention,1,1,0,544,18.750867527357897,11.30021446185865,0.0,False,,,,,,,
Enhanced Sequence Attention,1,1,0,545,18.698293159491243,11.2478396379724,0.0,False,,,,,,,
Enhanced Sequence Attention,1,1,0,546,18.602542506280027,11.143900262463752,0.0,False,,,,,,,
Enhanced Sequence Attention,1,1,0,547,18.42318005214679,11.053649599961744,0.0,False,,,,,,,
Enhanced Sequence Attention,1,1,0,548,18.2654254880863,10.96814541518596,0.0,False,,,,,,,
Enhanced Sequence Attention,1,1,0,549,18.13195766950911,10.9492481218951,0.0,False,,,,,,,
Enhanced Sequence Attention,1,1,0,550,18.005531574688746,11.019229265116357,0.0,False,,,,,,,
Enhanced Sequence Attention,1,1,0,551,17.886166770776438,11.118891731634724,0.0,False,,,,,,,
Enhanced Sequence Attention,1,1,0,552,17.759336458359353,11.20656088743589,0.0,False,,,,,,,
Enhanced Sequence Attention,1,1,0,553,17.689228573275713,11.172884589631238,0.0,False,,,,,,,
Enhanced Sequence Attention,1,1,0,554,17.61884530656907,11.104440705013316,0.0,False,,,,,,,
Enhanced Sequence Attention,1,1,0,555,17.480013992236483,11.025646970706918,0.0,False,,,,,,,
Enhanced Sequence Attention,1,1,0,556,17.299723581164923,10.95310775929179,0.0,False,,,,,,,
Enhanced Sequence Attention,1,1,0,557,17.139371054513536,10.911169502369146,0.0,False,,,,,,,
Enhanced Sequence Attention,1,1,0,558,17.00312429720076,10.912995691493876,0.0,False,,,,,,,
Enhanced Sequence Attention,1,1,0,559,16.932297542716626,11.058788086217035,0.0,False,,,,,,,
Enhanced Sequence Attention,1,1,0,560,16.87509889950321,11.201018787303646,0.0,False,,,,,,,
Enhanced Sequence Attention,1,1,0,561,16.81433497403448,11.293764829225491,0.0,False,,,,,,,
Enhanced Sequence Attention,1,1,0,562,16.745129643511188,11.244467379488276,0.0,False,,,,,,,
Enhanced Sequence Attention,1,1,0,563,16.636547837577712,11.207283419225236,0.0,False,,,,,,,
Enhanced Sequence Attention,1,1,0,564,16.41871883823065,11.208406637167386,0.0,False,,,,,,,
Enhanced Sequence Attention,1,1,0,565,16.198586603527005,11.218881323035864,0.0,False,,,,,,,
Enhanced Sequence Attention,1,1,0,566,15.9963684833531,11.246032775720154,0.0,False,,,,,,,
Enhanced Sequence Attention,1,1,0,567,15.82535308657109,11.326237768620764,0.0,False,,,,,,,
Enhanced Sequence Attention,1,1,0,568,15.66152859959897,11.412153006231584,0.0,False,,,,,,,
Enhanced Sequence Attention,1,1,0,569,15.487145094305054,11.444908008849715,0.0,False,,,,,,,
Enhanced Sequence Attention,1,1,0,570,15.338243110961097,11.385717721452966,0.0,False,,,,,,,
Enhanced Sequence Attention,1,1,0,571,15.171313053423738,11.31957539298357,0.0,False,,,,,,,
Enhanced Sequence Attention,1,1,0,572,14.981543702415092,11.249604464848876,0.0,False,,,,,,,
Enhanced Sequence Attention,1,1,0,573,14.784110580282537,11.192484717349926,0.0,False,,,,,,,
Enhanced Sequence Attention,1,1,0,574,14.64119204098175,11.18989847246278,0.0,False,,,,,,,
Enhanced Sequence Attention,1,1,0,575,14.5681743936841,11.17374970564742,0.0,False,,,,,,,
Enhanced Sequence Attention,1,1,0,576,14.50169199325408,11.17376783379158,0.0,False,,,,,,,
Enhanced Sequence Attention,1,1,0,577,14.40261970912848,11.143611635966204,0.0,False,,,,,,,
Enhanced Sequence Attention,1,1,0,578,14.299266301004044,11.15280936584334,0.0,False,,,,,,,
Enhanced Sequence Attention,1,1,0,579,14.151947311536937,11.186897783322843,0.0,False,,,,,,,
Enhanced Sequence Attention,1,1,0,580,13.971580208133684,11.187017349760833,0.0,False,,,,,,,
Enhanced Sequence Attention,1,1,0,581,13.819485657601188,11.202549930806322,0.0,False,,,,,,,
Enhanced Sequence Attention,1,1,0,582,13.719377211143025,11.25565876933612,0.0,False,,,,,,,
Enhanced Sequence Attention,1,1,0,583,13.64765106252632,11.358572570241884,0.0,False,,,,,,,
Enhanced Sequence Attention,1,1,0,584,13.580514767913822,11.462463905160131,0.0,False,,,,,,,
Enhanced Sequence Attention,1,1,0,585,13.508106334653553,11.45955596871795,0.0,False,,,,,,,
Enhanced Sequence Attention,1,1,0,586,13.41637052100992,11.392550379494317,0.0,False,,,,,,,
Enhanced Sequence Attention,1,1,0,587,13.3039873588433,11.302399614976355,0.0,False,,,,,,,
Enhanced Sequence Attention,1,1,0,588,13.12632728009067,11.189140816994428,0.0,False,,,,,,,
Enhanced Sequence Attention,1,1,0,589,12.959982549324591,11.093281412062613,0.0,False,,,,,,,
Enhanced Sequence Attention,1,1,0,590,12.811063561867508,10.991729740083157,0.0,False,,,,,,,
Enhanced Sequence Attention,1,1,0,591,12.757044710999857,10.889590701975957,0.0,False,,,,,,,
Enhanced Sequence Attention,1,1,0,592,12.744721282434844,10.756584458105824,0.0,False,,,,,,,
Enhanced Sequence Attention,1,1,0,593,12.672435774499796,10.66290189818826,0.0,False,,,,,,,
Enhanced Sequence Attention,1,1,0,594,12.528535227053538,10.537320000042046,0.0,False,,,,,,,
Enhanced Sequence Attention,1,1,0,595,12.278932546993564,10.44975991551736,0.0,False,,,,,,,
Enhanced Sequence Attention,1,1,0,596,12.018464633477723,10.361116540059388,0.0,False,,,,,,,
Enhanced Sequence Attention,1,1,0,597,11.773790149624917,10.278052199358193,0.0,False,,,,,,,
Enhanced Sequence Attention,1,1,0,598,11.542894316924,10.195852734280647,0.0,False,,,,,,,
Enhanced Sequence Attention,1,1,0,599,11.38832443212957,10.137110588162331,0.0,False,,,,,,,
Enhanced Sequence Attention,1,1,0,600,11.253055133452042,10.082846692356537,0.0,False,,,,,,,
Enhanced Sequence Attention,1,1,0,601,11.169079285667904,10.045541262748396,0.0,False,,,,,,,
Enhanced Sequence Attention,1,1,0,602,11.061553495295618,10.011567062416391,0.0,False,,,,,,,
Enhanced Sequence Attention,1,1,0,603,10.829658899442268,10.000426081457098,0.0,False,,,,,,,
Enhanced Sequence Attention,1,1,0,604,10.609195717154224,9.987288364968036,0.0,False,,,,,,,
Enhanced Sequence Attention,1,1,0,605,10.471082627831642,9.946795096465422,0.0,False,,,,,,,
Enhanced Sequence Attention,1,1,0,606,10.437458614057956,9.89726639632786,0.0,False,,,,,,,
Enhanced Sequence Attention,1,1,0,607,10.429992323923305,9.900454450474864,0.0,False,,,,,,,
Enhanced Sequence Attention,1,1,0,608,10.416643650443143,9.88726707491365,0.0,False,,,,,,,
Enhanced Sequence Attention,1,1,0,609,10.36940870772056,9.852869467520502,0.0,False,,,,,,,
Enhanced Sequence Attention,1,1,0,610,10.205955891253144,9.784081523851835,0.0,False,,,,,,,
Enhanced Sequence Attention,1,1,0,611,10.027641352334978,9.698295688352092,0.0,False,,,,,,,
Enhanced Sequence Attention,1,1,0,612,9.955732050064489,9.59769595540988,0.0,False,,,,,,,
Enhanced Sequence Attention,1,1,0,613,9.910691297471589,9.459312728817908,0.0,False,,,,,,,
Enhanced Sequence Attention,1,1,0,614,9.895234741849103,9.376767488704385,0.0,False,,,,,,,
Enhanced Sequence Attention,1,1,0,615,9.904212873951357,9.375526107850527,0.0,False,,,,,,,
Enhanced Sequence Attention,1,1,0,616,9.86972853964939,9.392784669661706,0.0,False,,,,,,,
Enhanced Sequence Attention,1,1,0,617,9.81207548218384,9.348978016363118,0.0,False,,,,,,,
Enhanced Sequence Attention,1,1,0,618,9.731133254088553,9.296657172905444,0.0,False,,,,,,,
Enhanced Sequence Attention,1,1,0,619,9.629884871087604,9.2658880457692,0.0,False,,,,,,,
Enhanced Sequence Attention,1,1,0,620,9.565179615935794,9.159038189807712,0.0,False,,,,,,,
Enhanced Sequence Attention,1,1,0,621,9.519182369077898,9.055047210168592,0.0,False,,,,,,,
Enhanced Sequence Attention,1,1,0,622,9.563562063631917,8.91348262259077,0.0,False,,,,,,,
Enhanced Sequence Attention,1,1,0,623,9.56035590649692,8.799152051869042,0.0,False,,,,,,,
Enhanced Sequence Attention,1,1,0,624,9.510433585784025,8.779491932523422,0.0,False,,,,,,,
Enhanced Sequence Attention,1,1,0,625,9.4418396593353,8.80690467288127,0.0,False,,,,,,,
Enhanced Sequence Attention,1,1,0,626,9.40091250675755,8.815526942971161,0.0,False,,,,,,,
Enhanced Sequence Attention,1,1,0,627,9.391741893543877,8.785128804748373,0.0,False,,,,,,,
Enhanced Sequence Attention,1,1,0,628,9.399132762172764,8.763404298533017,0.0,False,,,,,,,
Enhanced Sequence Attention,1,1,0,629,9.336923312828008,8.719342751148215,0.0,False,,,,,,,
Enhanced Sequence Attention,1,1,0,630,9.23022212858134,8.685743342636746,0.0,False,,,,,,,
Enhanced Sequence Attention,1,1,0,631,9.141111535926951,8.629975825149524,0.0,False,,,,,,,
Enhanced Sequence Attention,1,1,0,632,9.066835120232808,8.554387072672222,0.0,False,,,,,,,
Enhanced Sequence Attention,1,1,0,633,9.056243132976329,8.494712538363,0.0,False,,,,,,,
Enhanced Sequence Attention,1,1,0,634,9.055447295184376,8.459665148497681,0.0,False,,,,,,,
Enhanced Sequence Attention,1,1,0,635,8.98138326637869,8.49648435016937,0.0,False,,,,,,,
Enhanced Sequence Attention,1,1,0,636,8.868269005907134,8.556616121490471,0.0,False,,,,,,,
Enhanced Sequence Attention,1,1,0,637,8.717895908772318,8.560726944990456,0.0,False,,,,,,,
Enhanced Sequence Attention,1,1,0,638,8.568955051311285,8.52531203763915,0.0,False,,,,,,,
Enhanced Sequence Attention,1,1,0,639,8.447323980795632,8.48874182158111,0.0,False,,,,,,,
Enhanced Sequence Attention,1,1,0,640,8.345794009777151,8.458475627127422,0.0,False,,,,,,,
Enhanced Sequence Attention,1,1,0,641,8.261151314329878,8.449081655169906,0.0,False,,,,,,,
Enhanced Sequence Attention,1,1,0,642,8.18021217502762,8.526177181800183,0.0,False,,,,,,,
Enhanced Sequence Attention,1,1,0,643,8.071993425306433,8.633058705770265,0.0,False,,,,,,,
Enhanced Sequence Attention,1,1,0,644,7.961499074522035,8.719170904176126,0.0,False,,,,,,,
Enhanced Sequence Attention,1,1,0,645,7.8534812469260125,8.76550681606479,0.0,False,,,,,,,
Enhanced Sequence Attention,1,1,0,646,7.742620513221172,8.67930338331023,0.0,False,,,,,,,
Enhanced Sequence Attention,1,1,0,647,7.649866360179692,8.568646977966154,0.0,False,,,,,,,
Enhanced Sequence Attention,1,1,0,648,7.536927551941414,8.504375082773866,0.0,False,,,,,,,
Enhanced Sequence Attention,1,1,0,649,7.423358369834431,8.551905924658946,0.0,False,,,,,,,
Enhanced Sequence Attention,1,1,0,650,7.278957370354523,8.630734710871945,0.0,False,,,,,,,
Enhanced Sequence Attention,1,1,0,651,7.113900976639936,8.699370418745355,0.0,False,,,,,,,
Enhanced Sequence Attention,1,1,0,652,6.953320262619619,8.748880265525928,0.0,False,,,,,,,
Enhanced Sequence Attention,1,1,0,653,6.810032753551742,8.796176431504719,0.0,False,,,,,,,
Enhanced Sequence Attention,1,1,0,654,6.779289929744903,8.892139308310044,0.0,False,,,,,,,
Enhanced Sequence Attention,1,1,0,655,6.794506709041466,8.931145124210113,0.0,False,,,,,,,
Enhanced Sequence Attention,1,1,0,656,6.818662178969217,8.843751481790639,0.0,False,,,,,,,
Enhanced Sequence Attention,1,1,0,657,6.778250364634564,8.772714996616147,0.0,False,,,,,,,
Enhanced Sequence Attention,1,1,0,658,6.649553694119533,8.746813829684665,0.0,False,,,,,,,
Enhanced Sequence Attention,1,1,0,659,6.423773697870709,8.810187036937982,0.0,False,,,,,,,
Enhanced Sequence Attention,1,1,0,660,6.20561180275381,8.877598245634395,0.0,False,,,,,,,
Enhanced Sequence Attention,1,1,0,661,6.000442316349037,8.933647240692633,0.0,False,,,,,,,
Enhanced Sequence Attention,1,1,0,662,5.8304207336790475,8.949852996158318,0.0,False,,,,,,,
Enhanced Sequence Attention,1,1,0,663,5.717328747653779,8.961351278771682,0.0,False,,,,,,,
Enhanced Sequence Attention,1,1,0,664,5.577573513357354,8.999230370210261,0.0,False,,,,,,,
Enhanced Sequence Attention,1,1,0,665,5.413977549642081,9.033562509823213,0.0,False,,,,,,,
Enhanced Sequence Attention,1,1,0,666,5.182953772767088,9.037872722401088,0.0,False,,,,,,,
Enhanced Sequence Attention,1,1,0,667,4.916896805962636,9.090779156957804,0.0,False,,,,,,,
Enhanced Sequence Attention,1,1,0,668,4.687088777357239,9.12718122801843,0.0,False,,,,,,,
Enhanced Sequence Attention,1,1,0,669,4.460133143902194,9.156449782599852,0.0,False,,,,,,,
Enhanced Sequence Attention,1,1,0,670,4.335031181890031,9.13902446757673,0.0,False,,,,,,,
Enhanced Sequence Attention,1,1,0,671,4.277518217850541,9.077592605829745,0.0,False,,,,,,,
Enhanced Sequence Attention,1,1,0,672,4.2397965800987665,8.990487810763684,0.0,False,,,,,,,
Enhanced Sequence Attention,1,1,0,673,4.186672676761225,8.88564581752516,0.0,False,,,,,,,
Enhanced Sequence Attention,1,1,0,674,4.151599318157605,8.806672067581625,0.0,False,,,,,,,
Enhanced Sequence Attention,1,1,0,675,4.102269243240733,8.743911100684173,0.0,False,,,,,,,
Enhanced Sequence Attention,1,1,0,676,4.079473660234178,8.722534574799562,0.0,False,,,,,,,
Enhanced Sequence Attention,1,1,0,677,4.085477314821808,8.725195027659131,0.0,False,,,,,,,
Enhanced Sequence Attention,1,1,0,678,4.17077999574836,8.69768909864922,0.0,False,,,,,,,
Enhanced Sequence Attention,1,1,0,679,4.316367916497153,8.64073902051287,0.0,False,,,,,,,
Enhanced Sequence Attention,1,1,0,680,4.430869772299787,8.593025065848952,0.0,False,,,,,,,
Enhanced Sequence Attention,1,1,0,681,4.534728717020127,8.550364109312003,0.0,False,,,,,,,
Enhanced Sequence Attention,1,1,0,682,4.613828221907334,8.528049134095443,0.0,False,,,,,,,
Enhanced Sequence Attention,1,1,0,683,4.6197466385317405,8.491238851458368,0.0,False,,,,,,,
Enhanced Sequence Attention,1,1,0,684,4.6635266943779845,8.44159548744757,0.0,False,,,,,,,
Enhanced Sequence Attention,1,1,0,685,4.730720175213047,8.378247806419942,0.0,False,,,,,,,
Enhanced Sequence Attention,1,1,0,686,4.819505699356057,8.296376446706736,0.0,False,,,,,,,
Enhanced Sequence Attention,1,1,0,687,5.036173789588957,8.206488223862996,0.0,False,,,,,,,
Enhanced Sequence Attention,1,1,0,688,5.2617239017117,8.120772467556334,0.0,False,,,,,,,
Enhanced Sequence Attention,1,1,0,689,5.477628510854033,8.021557828146015,0.0,False,,,,,,,
Enhanced Sequence Attention,1,1,0,690,5.670383598820299,7.90644613493729,0.0,False,,,,,,,
Enhanced Sequence Attention,1,1,0,691,5.796837518478377,7.782514954788419,0.0,False,,,,,,,
Enhanced Sequence Attention,1,1,0,692,5.853262739037929,7.714565055758258,0.0,False,,,,,,,
Enhanced Sequence Attention,1,1,0,693,5.935175667908198,7.740153551339063,0.0,False,,,,,,,
Enhanced Sequence Attention,1,1,0,694,6.052800843447271,7.812836824060769,0.0,False,,,,,,,
Enhanced Sequence Attention,1,1,0,695,6.252806184481961,7.915416319638498,0.0,False,,,,,,,
Enhanced Sequence Attention,1,1,0,696,6.4481097376863,7.991742305266683,0.0,False,,,,,,,
Enhanced Sequence Attention,1,1,0,697,6.618186023060929,8.068279938674658,0.0,False,,,,,,,
Enhanced Sequence Attention,1,1,0,698,6.708914740770756,8.136766583207478,0.0,False,,,,,,,
Enhanced Sequence Attention,1,1,0,699,6.789532367906932,8.169610730606609,0.0,False,,,,,,,
Enhanced Sequence Attention,1,1,0,700,6.909353391954317,8.208957137673917,0.0,False,,,,,,,
Enhanced Sequence Attention,1,1,0,701,7.0411940512388895,8.207595361721452,0.0,False,,,,,,,
Enhanced Sequence Attention,1,1,0,702,7.1999772346349955,8.227259419481518,0.0,False,,,,,,,
Enhanced Sequence Attention,1,1,0,703,7.465676548566173,8.314798096812357,0.0,False,,,,,,,
Enhanced Sequence Attention,1,1,0,704,7.723028795920237,8.394022406197656,0.0,False,,,,,,,
Enhanced Sequence Attention,1,1,0,705,7.983911169451366,8.464446973635471,0.0,False,,,,,,,
Enhanced Sequence Attention,1,1,0,706,8.222330150020468,8.489337873505795,0.0,False,,,,,,,
Enhanced Sequence Attention,1,1,0,707,8.406887568070031,8.44341926069001,0.0,False,,,,,,,
Enhanced Sequence Attention,1,1,0,708,8.569442834867768,8.42354491338272,0.0,False,,,,,,,
Enhanced Sequence Attention,1,1,0,709,8.724007906590899,8.441870855269235,0.0,False,,,,,,,
Enhanced Sequence Attention,1,1,0,710,8.893483104210752,8.490554993227388,0.0,False,,,,,,,
Enhanced Sequence Attention,1,1,0,711,9.161195082536397,8.539166795300124,0.0,False,,,,,,,
Enhanced Sequence Attention,1,1,0,712,9.443394469814468,8.567492374368383,0.0,False,,,,,,,
Enhanced Sequence Attention,1,1,0,713,9.641316309318409,8.619914966641751,0.0,False,,,,,,,
Enhanced Sequence Attention,1,1,0,714,9.773210462238112,8.689559944642351,0.0,False,,,,,,,
Enhanced Sequence Attention,1,1,0,715,9.909860214269996,8.765671660148941,0.0,False,,,,,,,
Enhanced Sequence Attention,1,1,0,716,10.011217260193636,8.815578049421584,0.0,False,,,,,,,
Enhanced Sequence Attention,1,1,0,717,10.08373996942694,8.86182525016938,0.0,False,,,,,,,
Enhanced Sequence Attention,1,1,0,718,10.223939645134244,8.948698693536173,0.0,False,,,,,,,
Enhanced Sequence Attention,1,1,0,719,10.424024653577746,9.027291408836671,0.0,False,,,,,,,
Enhanced Sequence Attention,1,1,0,720,10.62094214629512,9.067815128352786,0.0,False,,,,,,,
Enhanced Sequence Attention,1,1,0,721,10.78769575747538,9.062095668293518,0.0,False,,,,,,,
Enhanced Sequence Attention,1,1,0,722,10.914759083458112,9.033741965651709,0.0,False,,,,,,,
Enhanced Sequence Attention,1,1,0,723,11.020228020921548,9.010035123637604,0.0,False,,,,,,,
Enhanced Sequence Attention,1,1,0,724,11.153994796983463,8.993842327468942,0.0,False,,,,,,,
Enhanced Sequence Attention,1,1,0,725,11.288610444520527,8.99379737785148,0.0,False,,,,,,,
Enhanced Sequence Attention,1,1,0,726,11.464948345955513,9.07407016875771,0.0,False,,,,,,,
Enhanced Sequence Attention,1,1,0,727,11.715773269768327,9.18236562086356,0.0,False,,,,,,,
Enhanced Sequence Attention,1,1,0,728,11.955394761642395,9.267186147881077,0.0,False,,,,,,,
Enhanced Sequence Attention,1,1,0,729,12.164825467591363,9.346279081413131,0.0,False,,,,,,,
Enhanced Sequence Attention,1,1,0,730,12.261563809554184,9.44114351079993,0.0,False,,,,,,,
Enhanced Sequence Attention,1,1,0,731,12.334094708094923,9.544349374077616,0.0,False,,,,,,,
Enhanced Sequence Attention,1,1,0,732,12.406007337839828,9.62587439715779,0.0,False,,,,,,,
Enhanced Sequence Attention,1,1,0,733,12.473736664652684,9.70504146812853,0.0,False,,,,,,,
Enhanced Sequence Attention,1,1,0,734,12.595626802470177,9.788643519977525,0.0,False,,,,,,,
Enhanced Sequence Attention,1,1,0,735,12.756165358734464,9.873590519092106,0.0,False,,,,,,,
Enhanced Sequence Attention,1,1,0,736,12.899217521605642,9.947323933500858,0.0,False,,,,,,,
Enhanced Sequence Attention,1,1,0,737,13.026446746186124,10.017620943762257,0.0,False,,,,,,,
Enhanced Sequence Attention,1,1,0,738,13.14772358962088,10.076977885625237,0.0,False,,,,,,,
Enhanced Sequence Attention,1,1,0,739,13.236335361084514,10.10794187369568,0.0,False,,,,,,,
Enhanced Sequence Attention,1,1,0,740,13.327555698422875,10.113165791481984,0.0,False,,,,,,,
Enhanced Sequence Attention,1,1,0,741,13.39747531210029,10.150698670920672,0.0,False,,,,,,,
Enhanced Sequence Attention,1,1,0,742,13.458608810188794,10.159540979235302,0.0,False,,,,,,,
Enhanced Sequence Attention,1,1,0,743,13.542972599610614,10.12345754998036,0.0,False,,,,,,,
Enhanced Sequence Attention,1,1,0,744,13.690500210850034,10.161213000763306,0.0,False,,,,,,,
Enhanced Sequence Attention,1,1,0,745,13.836164333209815,10.231261324074632,0.0,False,,,,,,,
Enhanced Sequence Attention,1,1,0,746,13.945816525766707,10.266634681945453,0.0,False,,,,,,,
Enhanced Sequence Attention,1,1,0,747,13.90531656593948,10.253823855773735,0.0,False,,,,,,,
Enhanced Sequence Attention,1,1,0,748,13.762773728097608,10.193836626614203,0.0,False,,,,,,,
Enhanced Sequence Attention,1,1,0,749,13.60895945161118,10.164178855200896,0.0,False,,,,,,,
Enhanced Sequence Attention,1,1,0,750,13.563051354320988,10.237451349576288,0.0,False,,,,,,,
Enhanced Sequence Attention,1,1,0,751,13.552958458964088,10.30905035146892,0.0,False,,,,,,,
Enhanced Sequence Attention,1,1,0,752,13.725746392527832,10.3316576393618,0.0,False,,,,,,,
Enhanced Sequence Attention,1,1,0,753,13.876514333139903,10.35375976977817,0.0,False,,,,,,,
Enhanced Sequence Attention,1,1,0,754,14.015937221850924,10.373233401894606,0.0,False,,,,,,,
Enhanced Sequence Attention,1,1,0,755,14.091735942561698,10.38169602362669,0.0,False,,,,,,,
Enhanced Sequence Attention,1,1,0,756,13.89704361851912,10.367121276308954,0.0,False,,,,,,,
Enhanced Sequence Attention,1,1,0,757,13.734520671798082,10.35662271826556,0.0,False,,,,,,,
Enhanced Sequence Attention,1,1,0,758,13.63461904951378,10.334695510026489,0.0,False,,,,,,,
Enhanced Sequence Attention,1,1,0,759,13.75697152090839,10.316834490232504,0.0,False,,,,,,,
Enhanced Sequence Attention,1,1,0,760,13.892929505519357,10.299892253174416,0.0,False,,,,,,,
Enhanced Sequence Attention,1,1,0,761,13.991589415494124,10.308713113975228,0.0,False,,,,,,,
Enhanced Sequence Attention,1,1,0,762,14.074739925050496,10.329635650891715,0.0,False,,,,,,,
Enhanced Sequence Attention,1,1,0,763,14.139663949973682,10.40816750536649,0.0,False,,,,,,,
Enhanced Sequence Attention,1,1,0,764,14.077581373730451,10.433726524667469,0.0,False,,,,,,,
Enhanced Sequence Attention,1,1,0,765,13.943927561573425,10.407819492686189,0.0,False,,,,,,,
Enhanced Sequence Attention,1,1,0,766,13.846319917690757,10.378353958255232,0.0,False,,,,,,,
Enhanced Sequence Attention,1,1,0,767,13.866768122402606,10.380843536381338,0.0,False,,,,,,,
Enhanced Sequence Attention,1,1,0,768,13.991283171954308,10.361157424656518,0.0,False,,,,,,,
Enhanced Sequence Attention,1,1,0,769,14.10084337945975,10.363691136477888,0.0,False,,,,,,,
Enhanced Sequence Attention,1,1,0,770,14.148456969461396,10.372208583549543,0.0,False,,,,,,,
Enhanced Sequence Attention,1,1,0,771,14.145345609983774,10.392444032374884,0.0,False,,,,,,,
Enhanced Sequence Attention,1,1,0,772,14.081708155019337,10.414773361834646,0.0,False,,,,,,,
Enhanced Sequence Attention,1,1,0,773,13.907922891692191,10.407617480260528,0.0,False,,,,,,,
Enhanced Sequence Attention,1,1,0,774,13.717553917649507,10.39333104425309,0.0,False,,,,,,,
Enhanced Sequence Attention,1,1,0,775,13.561837188339895,10.380118706453308,0.0,False,,,,,,,
Enhanced Sequence Attention,1,1,0,776,13.512477579180135,10.357898453008213,0.0,False,,,,,,,
Enhanced Sequence Attention,1,1,0,777,13.617162238790405,10.295756671731798,0.0,False,,,,,,,
Enhanced Sequence Attention,1,1,0,778,13.68831027647579,10.265592754216977,0.0,False,,,,,,,
Enhanced Sequence Attention,1,1,0,779,13.73761760476499,10.243819746340009,0.0,False,,,,,,,
Enhanced Sequence Attention,1,1,0,780,13.765234411023366,10.188625514489878,0.0,False,,,,,,,
Enhanced Sequence Attention,1,1,0,781,13.76915774963286,10.198226672472918,0.0,False,,,,,,,
Enhanced Sequence Attention,1,1,0,782,13.756341665439912,10.282356716438407,0.0,False,,,,,,,
Enhanced Sequence Attention,1,1,0,783,13.759563691252746,10.371133194425846,0.0,False,,,,,,,
Enhanced Sequence Attention,1,1,0,784,13.788225539840454,10.444760799079518,0.0,False,,,,,,,
Enhanced Sequence Attention,1,1,0,785,13.889768799327031,10.43062771595828,0.0,False,,,,,,,
Enhanced Sequence Attention,1,1,0,786,13.992760045625984,10.429482181683891,0.0,False,,,,,,,
Enhanced Sequence Attention,1,1,0,787,14.067399356412,10.44290307861877,0.0,False,,,,,,,
Enhanced Sequence Attention,1,1,0,788,14.134364545894742,10.447907761245064,0.0,False,,,,,,,
Enhanced Sequence Attention,1,1,0,789,14.076456930756656,10.439612819492645,0.0,False,,,,,,,
Enhanced Sequence Attention,1,1,0,790,13.90509165165821,10.402995249973724,0.0,False,,,,,,,
Enhanced Sequence Attention,1,1,0,791,13.764848756494596,10.37337231154562,0.0,False,,,,,,,
Enhanced Sequence Attention,1,1,0,792,13.800388206280196,10.385887725372976,0.0,False,,,,,,,
Enhanced Sequence Attention,1,1,0,793,13.888070211685976,10.395868742968307,0.0,False,,,,,,,
Enhanced Sequence Attention,1,1,0,794,13.979087390575131,10.4172112947138,0.0,False,,,,,,,
Enhanced Sequence Attention,1,1,0,795,14.062708212071016,10.506273029043813,0.0,False,,,,,,,
Enhanced Sequence Attention,1,1,0,796,14.1366754078508,10.595460601497248,0.0,False,,,,,,,
Enhanced Sequence Attention,1,1,0,797,14.209283718983032,10.6380277765919,0.0,False,,,,,,,
Enhanced Sequence Attention,1,1,0,798,14.204607199616357,10.6418825436989,0.0,False,,,,,,,
Enhanced Sequence Attention,1,1,0,799,14.095641757403085,10.66213162971756,0.0,False,,,,,,,
Enhanced Sequence Attention,1,1,0,800,14.025052442389269,10.675389703306944,0.0,False,,,,,,,
Enhanced Sequence Attention,1,1,0,801,14.113655848117508,10.667209540853186,0.0,False,,,,,,,
Enhanced Sequence Attention,1,1,0,802,14.272588882262369,10.644614441826366,0.0,False,,,,,,,
Enhanced Sequence Attention,1,1,0,803,14.411812964692295,10.651685609362662,0.0,False,,,,,,,
Enhanced Sequence Attention,1,1,0,804,14.527493466316978,10.680616143684311,0.0,False,,,,,,,
Enhanced Sequence Attention,1,1,0,805,14.634718395704803,10.697202479598802,0.0,False,,,,,,,
Enhanced Sequence Attention,1,1,0,806,14.586852614042272,10.73316025175705,0.0,False,,,,,,,
Enhanced Sequence Attention,1,1,0,807,14.467404516795549,10.774807555325207,0.0,False,,,,,,,
Enhanced Sequence Attention,1,1,0,808,14.420039035069667,10.804050178414307,0.0,False,,,,,,,
Enhanced Sequence Attention,1,1,0,809,14.42515193469092,10.847924644981704,0.0,False,,,,,,,
Enhanced Sequence Attention,1,1,0,810,14.448099220111471,10.92702483113388,0.0,False,,,,,,,
Enhanced Sequence Attention,1,1,0,811,14.444768825159658,11.034001798674156,0.0,False,,,,,,,
Enhanced Sequence Attention,1,1,0,812,14.440206240426788,11.145504700197051,0.0,False,,,,,,,
Enhanced Sequence Attention,1,1,0,813,14.46020240180342,11.234513418447133,0.0,False,,,,,,,
Enhanced Sequence Attention,1,1,0,814,14.467641868630349,11.30646219045667,0.0,False,,,,,,,
Enhanced Sequence Attention,1,1,0,815,14.454845410145012,11.329623006517838,0.0,False,,,,,,,
Enhanced Sequence Attention,1,1,0,816,14.436499187652862,11.29870709528665,0.0,False,,,,,,,
Enhanced Sequence Attention,1,1,0,817,14.444056693488696,11.241102533523645,0.0,False,,,,,,,
Enhanced Sequence Attention,1,1,0,818,14.448757517735544,11.1383116399116,0.0,False,,,,,,,
Enhanced Sequence Attention,1,1,0,819,14.565197507615691,10.992241126458444,0.0,False,,,,,,,
Enhanced Sequence Attention,1,1,0,820,14.70173563363347,10.85198483625416,0.0,False,,,,,,,
Enhanced Sequence Attention,1,1,0,821,14.82010060724716,10.721063349767972,0.0,False,,,,,,,
Enhanced Sequence Attention,1,1,0,822,14.900127920145444,10.675306707892746,0.0,False,,,,,,,
Enhanced Sequence Attention,1,1,0,823,14.9317423478222,10.79414754452856,0.0,False,,,,,,,
Enhanced Sequence Attention,1,1,0,824,14.972151747326889,10.922933885598608,0.0,False,,,,,,,
Enhanced Sequence Attention,1,1,0,825,15.037802944582698,10.984354982371284,0.0,False,,,,,,,
Enhanced Sequence Attention,1,1,0,826,15.086168410457836,10.964352930324416,0.0,False,,,,,,,
Enhanced Sequence Attention,1,1,0,827,15.071864163824433,11.02153375669298,0.0,False,,,,,,,
Enhanced Sequence Attention,1,1,0,828,15.07534624035658,11.120923583635786,0.0,False,,,,,,,
Enhanced Sequence Attention,1,1,0,829,15.10960599642606,11.199985084850914,0.0,False,,,,,,,
Enhanced Sequence Attention,1,1,0,830,15.18269944823665,11.251172049255771,0.0,False,,,,,,,
Enhanced Sequence Attention,1,1,0,831,15.288374838862834,11.317479899503551,0.0,False,,,,,,,
Enhanced Sequence Attention,1,1,0,832,15.433342920453104,11.397927401910096,0.0,False,,,,,,,
Enhanced Sequence Attention,1,1,0,833,15.585139916592013,11.450631606002062,0.0,False,,,,,,,
Enhanced Sequence Attention,1,1,0,834,15.643049849673629,11.463533269219162,0.0,False,,,,,,,
Enhanced Sequence Attention,1,1,0,835,15.652831628249524,11.452160054685958,0.0,False,,,,,,,
Enhanced Sequence Attention,1,1,0,836,15.650188290435638,11.382239269630132,0.0,False,,,,,,,
Enhanced Sequence Attention,1,1,0,837,15.660291072148633,11.237754841241395,0.0,False,,,,,,,
Enhanced Sequence Attention,1,1,0,838,15.688527343671996,11.0952953336354,0.0,False,,,,,,,
Enhanced Sequence Attention,1,1,0,839,15.74955828460056,11.073958782801142,0.0,False,,,,,,,
Enhanced Sequence Attention,1,1,0,840,15.814145854599984,11.056842901244806,0.0,False,,,,,,,
Enhanced Sequence Attention,1,1,0,841,15.881945532882376,11.06646811416241,0.0,False,,,,,,,
Enhanced Sequence Attention,1,1,0,842,15.946437975687571,11.100270711716629,0.0,False,,,,,,,
Enhanced Sequence Attention,1,1,0,843,16.032192620087816,11.06062804312342,0.0,False,,,,,,,
Enhanced Sequence Attention,1,1,0,844,16.14513973859565,11.043692295064869,0.0,False,,,,,,,
Enhanced Sequence Attention,1,1,0,845,16.233744287907648,11.101896911529066,0.0,False,,,,,,,
Enhanced Sequence Attention,1,1,0,846,16.320314038028087,11.160679331280276,0.0,False,,,,,,,
Enhanced Sequence Attention,1,1,0,847,16.41598259084046,11.209352088101705,0.0,False,,,,,,,
Enhanced Sequence Attention,1,1,0,848,16.45815101892342,11.19953374881071,0.0,False,,,,,,,
Enhanced Sequence Attention,1,1,0,849,16.490744241815268,11.184058999849263,0.0,False,,,,,,,
Enhanced Sequence Attention,1,1,0,850,16.526727720864518,11.14927068106508,0.0,False,,,,,,,
Enhanced Sequence Attention,1,1,0,851,16.576135834812778,11.103381652324751,0.0,False,,,,,,,
Enhanced Sequence Attention,1,1,0,852,16.609244740147552,11.063948977319232,0.0,False,,,,,,,
Enhanced Sequence Attention,1,1,0,853,16.63732794406422,11.014743251474007,0.0,False,,,,,,,
Enhanced Sequence Attention,1,1,0,854,16.66594029237878,10.9668771741965,0.0,False,,,,,,,
Enhanced Sequence Attention,1,1,0,855,16.681037696781804,10.99227975062096,0.0,False,,,,,,,
Enhanced Sequence Attention,1,1,0,856,16.664624865951247,11.030733056304497,0.0,False,,,,,,,
Enhanced Sequence Attention,1,1,0,857,16.635062422854368,11.037522388422827,0.0,False,,,,,,,
Enhanced Sequence Attention,1,1,0,858,16.604954646491855,11.033873967404386,0.0,False,,,,,,,
Enhanced Sequence Attention,1,1,0,859,16.62242339971528,11.086713088269256,0.0,False,,,,,,,
Enhanced Sequence Attention,1,1,0,860,16.752962004512586,11.171409607947018,0.0,False,,,,,,,
Enhanced Sequence Attention,1,1,0,861,16.925372963909403,11.28634625316087,0.0,False,,,,,,,
Enhanced Sequence Attention,1,1,0,862,17.085056657671043,11.437811955852798,0.0,False,,,,,,,
Enhanced Sequence Attention,1,1,0,863,17.211989216063117,11.622701637589095,0.0,False,,,,,,,
Enhanced Sequence Attention,1,1,0,864,17.253765188047655,11.712031602528675,0.0,False,,,,,,,
Enhanced Sequence Attention,1,1,0,865,17.26579553817362,11.753470614636647,0.0,False,,,,,,,
Enhanced Sequence Attention,1,1,0,866,17.303332563199795,11.778438283446707,0.0,False,,,,,,,
Enhanced Sequence Attention,1,1,0,867,17.386444296239752,11.814902318620824,0.0,False,,,,,,,
Enhanced Sequence Attention,1,1,0,868,17.505594921475357,11.89804536521542,0.0,False,,,,,,,
Enhanced Sequence Attention,1,1,0,869,17.581466942300857,11.993309980048958,0.0,False,,,,,,,
Enhanced Sequence Attention,1,1,0,870,17.627758260097572,12.110344239936763,0.0,False,,,,,,,
Enhanced Sequence Attention,1,1,0,871,17.58972705308374,12.310440459886472,0.0,False,,,,,,,
Enhanced Sequence Attention,1,1,0,872,17.548845023096995,12.509236523454195,0.0,False,,,,,,,
Enhanced Sequence Attention,1,1,0,873,17.537637083194372,12.715077597873169,0.0,False,,,,,,,
Enhanced Sequence Attention,1,1,0,874,17.569711422565486,12.896632423827509,0.0,False,,,,,,,
Enhanced Sequence Attention,1,1,0,875,17.708277100339988,13.022642720653309,0.0,False,,,,,,,
Enhanced Sequence Attention,1,1,0,876,17.867524911246623,13.162066482537588,0.0,False,,,,,,,
Enhanced Sequence Attention,1,1,0,877,17.97668004482107,13.304501664489246,0.0,False,,,,,,,
Enhanced Sequence Attention,1,1,0,878,18.139873922993296,13.296483953077598,0.0,False,,,,,,,
Enhanced Sequence Attention,1,1,0,879,18.19275448542859,13.291527580032763,0.0,False,,,,,,,
Enhanced Sequence Attention,1,1,0,880,18.22009288843365,13.266526158272468,0.0,False,,,,,,,
Enhanced Sequence Attention,1,1,0,881,18.28713265174697,13.26570209199818,0.0,False,,,,,,,
Enhanced Sequence Attention,1,1,0,882,18.399038240883787,13.311406088809337,0.0,False,,,,,,,
Enhanced Sequence Attention,1,1,0,883,18.554548352233823,13.44238569826238,0.0,False,,,,,,,
Enhanced Sequence Attention,1,1,0,884,18.700152481779835,13.564314773518907,0.0,False,,,,,,,
Enhanced Sequence Attention,1,1,0,885,18.804913120525867,13.625737016579723,0.0,False,,,,,,,
Enhanced Sequence Attention,1,1,0,886,18.8381784228261,13.657879891574572,0.0,False,,,,,,,
Enhanced Sequence Attention,1,1,0,887,18.807899810854728,13.691955421151174,0.0,False,,,,,,,
Enhanced Sequence Attention,1,1,0,888,18.74183815859018,13.665051692077816,0.0,False,,,,,,,
Enhanced Sequence Attention,1,1,0,889,18.709510296820884,13.612408087618467,0.0,False,,,,,,,
Enhanced Sequence Attention,1,1,0,890,18.68591441177796,13.563743693950602,0.0,False,,,,,,,
Enhanced Sequence Attention,1,1,0,891,18.66526586012551,13.618137696698197,0.0,False,,,,,,,
Enhanced Sequence Attention,1,1,0,892,18.720335935650247,13.723998225394002,0.0,False,,,,,,,
Enhanced Sequence Attention,1,1,0,893,18.841980932110044,13.826703257210156,0.0,False,,,,,,,
Enhanced Sequence Attention,1,1,0,894,18.92698396386269,13.902259316787251,0.0,False,,,,,,,
Enhanced Sequence Attention,1,1,0,895,18.932849396690106,13.962863896846674,0.0,False,,,,,,,
Enhanced Sequence Attention,1,1,0,896,18.934832005658603,13.987087823036845,0.0,False,,,,,,,
Enhanced Sequence Attention,1,1,0,897,18.956146133773505,13.94287657400583,0.0,False,,,,,,,
Enhanced Sequence Attention,1,1,0,898,18.989278886479347,13.92402836806388,0.0,False,,,,,,,
Enhanced Sequence Attention,1,1,0,899,19.026805533650187,13.99217650767834,0.0,False,,,,,,,
Enhanced Sequence Attention,1,1,0,900,19.083556334223097,14.138397106395242,0.0,False,,,,,,,
Enhanced Sequence Attention,1,1,0,901,19.218965924935297,14.321915956985652,0.0,False,,,,,,,
Enhanced Sequence Attention,1,1,0,902,19.35202967046791,14.489739595852054,0.0,False,,,,,,,
Enhanced Sequence Attention,1,1,0,903,19.478717796318342,14.638763268129756,0.0,False,,,,,,,
Enhanced Sequence Attention,1,1,0,904,19.492125467015747,14.70115925966641,0.0,False,,,,,,,
Enhanced Sequence Attention,1,1,0,905,19.435980270192484,14.767064988240037,0.0,False,,,,,,,
Enhanced Sequence Attention,1,1,0,906,19.411449263631926,14.862992004460487,0.0,False,,,,,,,
Enhanced Sequence Attention,1,1,0,907,19.44638614458176,15.04751152800099,0.0,False,,,,,,,
Enhanced Sequence Attention,1,1,0,908,19.49792855423324,15.2431443410657,0.0,False,,,,,,,
Enhanced Sequence Attention,1,1,0,909,19.5423981071822,15.414415084547676,0.0,False,,,,,,,
Enhanced Sequence Attention,1,1,0,910,19.522670549810535,15.524225520952696,0.0,False,,,,,,,
Enhanced Sequence Attention,1,1,0,911,19.47792069704842,15.59994362442966,0.0,False,,,,,,,
Enhanced Sequence Attention,1,1,0,912,19.39601373909814,15.712901987370811,0.0,False,,,,,,,
Enhanced Sequence Attention,1,1,0,913,19.28852236653686,15.838974118074107,0.0,False,,,,,,,
Enhanced Sequence Attention,1,1,0,914,19.229635392123512,15.953386341688448,0.0,False,,,,,,,
Enhanced Sequence Attention,1,1,0,915,19.2690042325986,16.051002358341805,0.0,False,,,,,,,
Enhanced Sequence Attention,1,1,0,916,19.320055561172303,16.15819967480189,0.0,False,,,,,,,
Enhanced Sequence Attention,1,1,0,917,19.349259803713817,16.273970991821137,0.0,False,,,,,,,
Enhanced Sequence Attention,1,1,0,918,19.37606494706153,16.38036006139238,0.0,False,,,,,,,
Enhanced Sequence Attention,1,1,0,919,19.32888912765732,16.513761942009666,0.0,False,,,,,,,
Enhanced Sequence Attention,1,1,0,920,19.242802731239703,16.650598967953567,0.0,False,,,,,,,
Enhanced Sequence Attention,1,1,0,921,19.194184228467012,16.806533776361462,0.0,False,,,,,,,
Enhanced Sequence Attention,1,1,0,922,19.202083516394705,16.96080896110706,0.0,False,,,,,,,
Enhanced Sequence Attention,1,1,0,923,19.328284475408925,17.092602449271272,0.0,False,,,,,,,
Enhanced Sequence Attention,1,1,0,924,19.48159402778419,17.222209816914443,0.0,False,,,,,,,
Enhanced Sequence Attention,1,1,0,925,19.61144134622798,17.365081524960388,0.0,False,,,,,,,
Enhanced Sequence Attention,1,1,0,926,19.68692565090575,17.516367070520587,0.0,False,,,,,,,
Enhanced Sequence Attention,1,1,0,927,19.67247390655423,17.72505272495439,0.0,False,,,,,,,
Enhanced Sequence Attention,1,1,0,928,19.60959219692478,17.97684917143531,0.0,False,,,,,,,
Enhanced Sequence Attention,1,1,0,929,19.570694557600905,18.20645545498632,0.0,False,,,,,,,
Enhanced Sequence Attention,1,1,0,930,19.546290663584895,18.440075183057527,0.0,False,,,,,,,
Enhanced Sequence Attention,1,1,0,931,19.5714383101876,18.623299022581172,0.0,False,,,,,,,
Enhanced Sequence Attention,1,1,0,932,19.67483577318734,18.761335875220045,0.0,False,,,,,,,
Enhanced Sequence Attention,1,1,0,933,19.7885334639374,18.92300886397183,0.0,False,,,,,,,
Enhanced Sequence Attention,1,1,0,934,19.932030779421986,19.07390728904401,0.0,False,,,,,,,
Enhanced Sequence Attention,1,1,0,935,20.079413961877272,19.19047188375023,0.0,False,,,,,,,
Enhanced Sequence Attention,1,1,0,936,20.056265655329295,19.320689147185668,0.0,False,,,,,,,
Enhanced Sequence Attention,1,1,0,937,20.013244743316505,19.456988098734797,0.0,False,,,,,,,
Enhanced Sequence Attention,1,1,0,938,20.00147353622151,19.572314855413502,1.0,True,,,,,,,
Single-Intention Baseline,1,1,0,0,0.886654889705156,-0.1602001672180948,0.0,False,,,,,,,
Single-Intention Baseline,1,1,0,1,0.8949723159280976,-0.1712517272356834,0.0,False,,,,,,,
Single-Intention Baseline,1,1,0,2,0.893702422071475,-0.1967282521134122,0.0,False,,,,,,,
Single-Intention Baseline,1,1,0,3,0.8394720081212089,-0.2547554463957257,0.0,False,,,,,,,
Single-Intention Baseline,1,1,0,4,0.7921199589861739,-0.2795996152765624,0.0,False,,,,,,,
Single-Intention Baseline,1,1,0,5,0.7710127541773066,-0.2009198127820338,0.0,False,,,,,,,
Single-Intention Baseline,1,1,0,6,0.7580393750664953,-0.0889740733663697,0.0,False,,,,,,,
Single-Intention Baseline,1,1,0,7,0.7535817457534993,0.0030788244015898,0.0,False,,,,,,,
Single-Intention Baseline,1,1,0,8,0.7475196811848169,0.0893029745870718,0.0,False,,,,,,,
Single-Intention Baseline,1,1,0,9,0.7998787731566259,0.1026774157903971,0.0,False,,,,,,,
Single-Intention Baseline,1,1,0,10,0.8015020614021631,0.0452317792701238,0.0,False,,,,,,,
Single-Intention Baseline,1,1,0,11,0.7771191969386176,0.0203496143751137,0.0,False,,,,,,,
Single-Intention Baseline,1,1,0,12,0.7524005528967115,0.0267903041209202,0.0,False,,,,,,,
Single-Intention Baseline,1,1,0,13,0.7204485785709982,0.1678441072763335,0.0,False,,,,,,,
Single-Intention Baseline,1,1,0,14,0.694137437824548,0.3231752171863978,0.0,False,,,,,,,
Single-Intention Baseline,1,1,0,15,0.6577954013117792,0.4554509337143069,0.0,False,,,,,,,
Single-Intention Baseline,1,1,0,16,0.5976205843961112,0.5585537167051643,0.0,False,,,,,,,
Single-Intention Baseline,1,1,0,17,0.5060687781678394,0.6286628037768728,0.0,False,,,,,,,
Single-Intention Baseline,1,1,0,18,0.3081602265766819,0.6621930920529756,0.0,False,,,,,,,
Single-Intention Baseline,1,1,0,19,0.1128566109408206,0.7230780401297907,0.0,False,,,,,,,
Single-Intention Baseline,1,1,0,20,-0.0683555015653343,0.7900857232302787,0.0,False,,,,,,,
Single-Intention Baseline,1,1,0,21,-0.2090214659386628,0.860528423650081,0.0,False,,,,,,,
Single-Intention Baseline,1,1,0,22,-0.1939155755352509,0.889846405164151,0.0,False,,,,,,,
Single-Intention Baseline,1,1,0,23,-0.1506819951658007,0.8461502381756565,0.0,False,,,,,,,
Single-Intention Baseline,1,1,0,24,-0.1454993398481557,0.7888426457985928,0.0,False,,,,,,,
Single-Intention Baseline,1,1,0,25,-0.2040776780481767,0.703141950211934,0.0,False,,,,,,,
Single-Intention Baseline,1,1,0,26,-0.3127792472536409,0.5797238434363292,0.0,False,,,,,,,
Single-Intention Baseline,1,1,0,27,-0.4116058984351678,0.4440660651218488,0.0,False,,,,,,,
Single-Intention Baseline,1,1,0,28,-0.4617446774231807,0.3160349849490496,0.0,False,,,,,,,
Single-Intention Baseline,1,1,0,29,-0.478882561774117,0.1906823302254757,0.0,False,,,,,,,
Single-Intention Baseline,1,1,0,30,-0.3796320624993761,0.0808642987097041,0.0,False,,,,,,,
Single-Intention Baseline,1,1,0,31,-0.1701310621995524,-0.0159449229631572,0.0,False,,,,,,,
Single-Intention Baseline,1,1,0,32,0.0093805001251009,-0.1085384209553864,0.0,False,,,,,,,
Single-Intention Baseline,1,1,0,33,0.168224207320193,-0.2120621978833711,0.0,False,,,,,,,
Single-Intention Baseline,1,1,0,34,0.1592832748293387,-0.2835373171274168,0.0,False,,,,,,,
Single-Intention Baseline,1,1,0,35,0.0916037854966574,-0.3342419929436385,0.0,False,,,,,,,
Single-Intention Baseline,1,1,0,36,0.0429763495202913,-0.3379080671808201,0.0,False,,,,,,,
Single-Intention Baseline,1,1,0,37,0.0646297907760693,-0.2696492280432819,0.0,False,,,,,,,
Single-Intention Baseline,1,1,0,38,0.1203790323889217,-0.1668724089252355,0.0,False,,,,,,,
Single-Intention Baseline,1,1,0,39,0.1636184304466168,-0.0413770648595121,0.0,False,,,,,,,
Single-Intention Baseline,1,1,0,40,0.1374618119450859,0.1303564938634748,0.0,False,,,,,,,
Single-Intention Baseline,1,1,0,41,0.0998755336908487,0.2768337738335671,0.0,False,,,,,,,
Single-Intention Baseline,1,1,0,42,0.0429674158124245,0.3807065541456453,0.0,False,,,,,,,
Single-Intention Baseline,1,1,0,43,-0.0742229536966282,0.390263956245288,0.0,False,,,,,,,
Single-Intention Baseline,1,1,0,44,-0.1782298001583994,0.4360003646709877,0.0,False,,,,,,,
Single-Intention Baseline,1,1,0,45,-0.2757135049116181,0.4966064811081112,0.0,False,,,,,,,
Single-Intention Baseline,1,1,0,46,-0.3389499005717168,0.5835954753247096,0.0,False,,,,,,,
Single-Intention Baseline,1,1,0,47,-0.3388093028439427,0.7492095551821147,0.0,False,,,,,,,
Single-Intention Baseline,1,1,0,48,-0.3488788039618821,0.9491263053864308,0.0,False,,,,,,,
Single-Intention Baseline,1,1,0,49,-0.372543039357298,1.1340833946455198,0.0,False,,,,,,,
Single-Intention Baseline,1,1,0,50,-0.4310274770519863,1.2962424641452777,0.0,False,,,,,,,
Single-Intention Baseline,1,1,0,51,-0.5688717856371893,1.3597748594390833,0.0,False,,,,,,,
Single-Intention Baseline,1,1,0,52,-0.7117883033450724,1.4343246085340138,0.0,False,,,,,,,
Single-Intention Baseline,1,1,0,53,-0.8246200653492004,1.518989710441918,0.0,False,,,,,,,
Single-Intention Baseline,1,1,0,54,-0.8361789847986737,1.634228113149376,0.0,False,,,,,,,
Single-Intention Baseline,1,1,0,55,-0.7675235887573804,1.7980639539270615,0.0,False,,,,,,,
Single-Intention Baseline,1,1,0,56,-0.7229412997860403,1.9538034459854636,0.0,False,,,,,,,
Single-Intention Baseline,1,1,0,57,-0.7207984648838681,2.099291366016911,0.0,False,,,,,,,
Single-Intention Baseline,1,1,0,58,-0.7622241497294279,2.239795689987847,0.0,False,,,,,,,
Single-Intention Baseline,1,1,0,59,-0.908050884660442,2.4073714131447157,0.0,False,,,,,,,
Single-Intention Baseline,1,1,0,60,-1.0168721522830595,2.590857665898141,0.0,False,,,,,,,
Single-Intention Baseline,1,1,0,61,-1.0750741042152552,2.7021444616461476,0.0,False,,,,,,,
Single-Intention Baseline,1,1,0,62,-1.0668146312163047,2.807250628120452,0.0,False,,,,,,,
Single-Intention Baseline,1,1,0,63,-1.059151968063786,2.9163486396663054,0.0,False,,,,,,,
Single-Intention Baseline,1,1,0,64,-1.0555092826706034,3.0236032940219637,0.0,False,,,,,,,
Single-Intention Baseline,1,1,0,65,-1.0655031329551858,3.1303859093904225,0.0,False,,,,,,,
Single-Intention Baseline,1,1,0,66,-1.0692443619494667,3.242507687916341,0.0,False,,,,,,,
Single-Intention Baseline,1,1,0,67,-1.0657201439110542,3.2622288463643767,0.0,False,,,,,,,
Single-Intention Baseline,1,1,0,68,-1.054537413122137,3.2535766315375607,0.0,False,,,,,,,
Single-Intention Baseline,1,1,0,69,-1.040147592226866,3.248190073132161,0.0,False,,,,,,,
Single-Intention Baseline,1,1,0,70,-1.0294415384477809,3.2209657634336333,0.0,False,,,,,,,
Single-Intention Baseline,1,1,0,71,-0.9203726445364644,3.148357675926184,0.0,False,,,,,,,
Single-Intention Baseline,1,1,0,72,-0.7229930159839598,3.0862175163613057,0.0,False,,,,,,,
Single-Intention Baseline,1,1,0,73,-0.5419680504383639,3.024949776756272,0.0,False,,,,,,,
Single-Intention Baseline,1,1,0,74,-0.3769818059439852,2.960335113619389,0.0,False,,,,,,,
Single-Intention Baseline,1,1,0,75,-0.275229464233878,2.902286746971751,0.0,False,,,,,,,
Single-Intention Baseline,1,1,0,76,-0.2525696394354162,2.8014982241815853,0.0,False,,,,,,,
Single-Intention Baseline,1,1,0,77,-0.1946476699770092,2.712338896672995,0.0,False,,,,,,,
Single-Intention Baseline,1,1,0,78,-0.1414842599528211,2.637431270691079,0.0,False,,,,,,,
Single-Intention Baseline,1,1,0,79,-0.0067284018023973,2.6149663193370047,0.0,False,,,,,,,
Single-Intention Baseline,1,1,0,80,0.2209865804092535,2.6606804504421477,0.0,False,,,,,,,
Single-Intention Baseline,1,1,0,81,0.4200206282414292,2.689641329823953,0.0,False,,,,,,,
Single-Intention Baseline,1,1,0,82,0.6163785358793766,2.706934269146938,0.0,False,,,,,,,
Single-Intention Baseline,1,1,0,83,0.8025707482254565,2.6857534715977276,0.0,False,,,,,,,
Single-Intention Baseline,1,1,0,84,0.9848901755065342,2.59923708241605,0.0,False,,,,,,,
Single-Intention Baseline,1,1,0,85,1.1652862203362102,2.5274266620584225,0.0,False,,,,,,,
Single-Intention Baseline,1,1,0,86,1.3302890730476542,2.5294517509655985,0.0,False,,,,,,,
Single-Intention Baseline,1,1,0,87,1.4755363783137028,2.6282201516881156,0.0,False,,,,,,,
Single-Intention Baseline,1,1,0,88,1.634948305112838,2.7531501989152156,0.0,False,,,,,,,
Single-Intention Baseline,1,1,0,89,1.7994315204116678,2.861574397502288,0.0,False,,,,,,,
Single-Intention Baseline,1,1,0,90,1.8871377784868792,2.8995740643931858,0.0,False,,,,,,,
Single-Intention Baseline,1,1,0,91,1.9842082536552768,2.8905049842755997,0.0,False,,,,,,,
Single-Intention Baseline,1,1,0,92,2.0724999010286096,2.8737675099378457,0.0,False,,,,,,,
Single-Intention Baseline,1,1,0,93,2.174428013301897,2.904933200108492,0.0,False,,,,,,,
Single-Intention Baseline,1,1,0,94,2.221850276230704,3.052242835560935,0.0,False,,,,,,,
Single-Intention Baseline,1,1,0,95,2.2599618315727907,3.264420447335127,0.0,False,,,,,,,
Single-Intention Baseline,1,1,0,96,2.362426632007751,3.537008725472869,0.0,False,,,,,,,
Single-Intention Baseline,1,1,0,97,2.455908827780268,3.78501618929674,0.0,False,,,,,,,
Single-Intention Baseline,1,1,0,98,2.538035520214456,4.009447547771853,0.0,False,,,,,,,
Single-Intention Baseline,1,1,0,99,2.5056773424943053,4.1584697941857875,0.0,False,,,,,,,
Single-Intention Baseline,1,1,0,100,2.4376086882631047,4.330068493596711,0.0,False,,,,,,,
Single-Intention Baseline,1,1,0,101,2.389853360285778,4.541085870783774,0.0,False,,,,,,,
Single-Intention Baseline,1,1,0,102,2.3616656835390697,4.781463871547544,0.0,False,,,,,,,
Single-Intention Baseline,1,1,0,103,2.3824662079644865,5.048552441426985,0.0,False,,,,,,,
Single-Intention Baseline,1,1,0,104,2.512710499974042,5.281718893054835,0.0,False,,,,,,,
Single-Intention Baseline,1,1,0,105,2.638133674573753,5.440980774825006,0.0,False,,,,,,,
Single-Intention Baseline,1,1,0,106,2.777865718562892,5.503257503586141,0.0,False,,,,,,,
Single-Intention Baseline,1,1,0,107,2.917538880526756,5.516547132158431,0.0,False,,,,,,,
Single-Intention Baseline,1,1,0,108,3.0673056971491737,5.5179594051173035,0.0,False,,,,,,,
Single-Intention Baseline,1,1,0,109,3.1686638881623237,5.538640397459443,0.0,False,,,,,,,
Single-Intention Baseline,1,1,0,110,3.1907687040784154,5.646511937007761,0.0,False,,,,,,,
Single-Intention Baseline,1,1,0,111,3.195094191285204,5.782967186617268,0.0,False,,,,,,,
Single-Intention Baseline,1,1,0,112,3.253319735202442,5.966610795482544,0.0,False,,,,,,,
Single-Intention Baseline,1,1,0,113,3.346935000704343,6.1472665786754455,0.0,False,,,,,,,
Single-Intention Baseline,1,1,0,114,3.4327227313719995,6.325115417231355,0.0,False,,,,,,,
Single-Intention Baseline,1,1,0,115,3.531035555453556,6.497237116912062,0.0,False,,,,,,,
Single-Intention Baseline,1,1,0,116,3.650744857095396,6.632660532457258,0.0,False,,,,,,,
Single-Intention Baseline,1,1,0,117,3.8202362524240017,6.635449079648526,0.0,False,,,,,,,
Single-Intention Baseline,1,1,0,118,4.02161521077675,6.570677560836049,0.0,False,,,,,,,
Single-Intention Baseline,1,1,0,119,4.18645262533732,6.52100962294674,0.0,False,,,,,,,
Single-Intention Baseline,1,1,0,120,4.34992866529859,6.5034203149157195,0.0,False,,,,,,,
Single-Intention Baseline,1,1,0,121,4.514938756404844,6.519807550825174,0.0,False,,,,,,,
Single-Intention Baseline,1,1,0,122,4.7065299954714135,6.620013484686021,0.0,False,,,,,,,
Single-Intention Baseline,1,1,0,123,4.9246425337117365,6.7426670232931345,0.0,False,,,,,,,
Single-Intention Baseline,1,1,0,124,5.118657341288582,6.840690407992947,0.0,False,,,,,,,
Single-Intention Baseline,1,1,0,125,5.310843867695945,6.918914919601037,0.0,False,,,,,,,
Single-Intention Baseline,1,1,0,126,5.478675929294415,6.92762604598452,0.0,False,,,,,,,
Single-Intention Baseline,1,1,0,127,5.546358466805308,6.960747107851123,0.0,False,,,,,,,
Single-Intention Baseline,1,1,0,128,5.629088090144611,7.0173615841407555,0.0,False,,,,,,,
Single-Intention Baseline,1,1,0,129,5.734962121537146,7.095645406555892,0.0,False,,,,,,,
Single-Intention Baseline,1,1,0,130,5.870924765221973,7.175855736699372,0.0,False,,,,,,,
Single-Intention Baseline,1,1,0,131,6.069581875340769,7.210174622356029,0.0,False,,,,,,,
Single-Intention Baseline,1,1,0,132,6.263091055002491,7.221628088497328,0.0,False,,,,,,,
Single-Intention Baseline,1,1,0,133,6.441438518684378,7.237309334799346,0.0,False,,,,,,,
Single-Intention Baseline,1,1,0,134,6.601368836657608,7.249792780773142,0.0,False,,,,,,,
Single-Intention Baseline,1,1,0,135,6.73919967594946,7.269548013097336,0.0,False,,,,,,,
Single-Intention Baseline,1,1,0,136,6.814147100030466,7.274560676582207,0.0,False,,,,,,,
Single-Intention Baseline,1,1,0,137,6.924908500479997,7.339216938615936,0.0,False,,,,,,,
Single-Intention Baseline,1,1,0,138,7.089559965220475,7.445998933877351,0.0,False,,,,,,,
Single-Intention Baseline,1,1,0,139,7.310632268571102,7.5621301876043745,0.0,False,,,,,,,
Single-Intention Baseline,1,1,0,140,7.531472790372176,7.671836726979766,0.0,False,,,,,,,
Single-Intention Baseline,1,1,0,141,7.754685662185779,7.768063355730496,0.0,False,,,,,,,
Single-Intention Baseline,1,1,0,142,7.949565690591161,7.813017318541339,0.0,False,,,,,,,
Single-Intention Baseline,1,1,0,143,8.10235612014489,7.80993448829033,0.0,False,,,,,,,
Single-Intention Baseline,1,1,0,144,8.19570706836106,7.78894095877247,0.0,False,,,,,,,
Single-Intention Baseline,1,1,0,145,8.26467014525388,7.853863941485536,0.0,False,,,,,,,
Single-Intention Baseline,1,1,0,146,8.358981424755395,7.986370417456895,0.0,False,,,,,,,
Single-Intention Baseline,1,1,0,147,8.49861372731064,8.152447269880064,0.0,False,,,,,,,
Single-Intention Baseline,1,1,0,148,8.67145689478466,8.2996350367217,0.0,False,,,,,,,
Single-Intention Baseline,1,1,0,149,8.826126986764526,8.430157874807644,0.0,False,,,,,,,
Single-Intention Baseline,1,1,0,150,8.881867796541732,8.544761241087663,0.0,False,,,,,,,
Single-Intention Baseline,1,1,0,151,8.907480392509829,8.624548436229457,0.0,False,,,,,,,
Single-Intention Baseline,1,1,0,152,8.928936059663847,8.662164793854856,0.0,False,,,,,,,
Single-Intention Baseline,1,1,0,153,8.970130696558545,8.745096285224387,0.0,False,,,,,,,
Single-Intention Baseline,1,1,0,154,9.080810196661105,8.86853403303158,0.0,False,,,,,,,
Single-Intention Baseline,1,1,0,155,9.246282849153186,8.995611876674749,0.0,False,,,,,,,
Single-Intention Baseline,1,1,0,156,9.406598543980628,9.098879194693426,0.0,False,,,,,,,
Single-Intention Baseline,1,1,0,157,9.559361719101677,9.152943832131312,0.0,False,,,,,,,
Single-Intention Baseline,1,1,0,158,9.713821833190652,9.061470696497794,0.0,False,,,,,,,
Single-Intention Baseline,1,1,0,159,9.855598184416417,8.94346942880766,0.0,False,,,,,,,
Single-Intention Baseline,1,1,0,160,10.007503106237104,8.845764964923555,0.0,False,,,,,,,
Single-Intention Baseline,1,1,0,161,10.166901498003371,8.780375239834282,0.0,False,,,,,,,
Single-Intention Baseline,1,1,0,162,10.277269584274816,8.81767931754094,0.0,False,,,,,,,
Single-Intention Baseline,1,1,0,163,10.423815162931849,8.965213729213126,0.0,False,,,,,,,
Single-Intention Baseline,1,1,0,164,10.577626007032464,9.103444540434072,0.0,False,,,,,,,
Single-Intention Baseline,1,1,0,165,10.720007892646574,9.230376616097184,0.0,False,,,,,,,
Single-Intention Baseline,1,1,0,166,10.854895137475417,9.363589940888309,0.0,False,,,,,,,
Single-Intention Baseline,1,1,0,167,10.99489666515399,9.450990868534683,0.0,False,,,,,,,
Single-Intention Baseline,1,1,0,168,11.175834483970725,9.39346754349686,0.0,False,,,,,,,
Single-Intention Baseline,1,1,0,169,11.352227027226292,9.327783829605988,0.0,False,,,,,,,
Single-Intention Baseline,1,1,0,170,11.525258252388449,9.288182395610718,0.0,False,,,,,,,
Single-Intention Baseline,1,1,0,171,11.709251479642155,9.290891120146211,0.0,False,,,,,,,
Single-Intention Baseline,1,1,0,172,11.900647884429336,9.314823909893814,0.0,False,,,,,,,
Single-Intention Baseline,1,1,0,173,12.17070365646073,9.469870015898206,0.0,False,,,,,,,
Single-Intention Baseline,1,1,0,174,12.454956045133663,9.632170598748507,0.0,False,,,,,,,
Single-Intention Baseline,1,1,0,175,12.677575533161905,9.741299574090112,0.0,False,,,,,,,
Single-Intention Baseline,1,1,0,176,12.786565431072749,9.838702861136426,0.0,False,,,,,,,
Single-Intention Baseline,1,1,0,177,12.870867081241222,9.957515390927284,0.0,False,,,,,,,
Single-Intention Baseline,1,1,0,178,12.973437514161196,10.10368349292324,0.0,False,,,,,,,
Single-Intention Baseline,1,1,0,179,13.06309496698329,10.27830820583116,0.0,False,,,,,,,
Single-Intention Baseline,1,1,0,180,13.121450083681184,10.51738056179551,0.0,False,,,,,,,
Single-Intention Baseline,1,1,0,181,13.134910628126878,10.740311103653292,0.0,False,,,,,,,
Single-Intention Baseline,1,1,0,182,13.130381317408151,10.889317540216876,0.0,False,,,,,,,
Single-Intention Baseline,1,1,0,183,13.063150181318308,10.924208827406911,0.0,False,,,,,,,
Single-Intention Baseline,1,1,0,184,12.977603318096511,10.949099155524715,0.0,False,,,,,,,
Single-Intention Baseline,1,1,0,185,12.91025988108445,10.99728540028875,0.0,False,,,,,,,
Single-Intention Baseline,1,1,0,186,12.86588690099242,11.06614999556599,0.0,False,,,,,,,
Single-Intention Baseline,1,1,0,187,12.88338429273828,11.207309061064135,0.0,False,,,,,,,
Single-Intention Baseline,1,1,0,188,12.87371796486448,11.36704476202756,0.0,False,,,,,,,
Single-Intention Baseline,1,1,0,189,12.882280152117724,11.503839059755364,0.0,False,,,,,,,
Single-Intention Baseline,1,1,0,190,12.856401436387085,11.62631757583341,0.0,False,,,,,,,
Single-Intention Baseline,1,1,0,191,12.741394637809904,11.730680270431842,0.0,False,,,,,,,
Single-Intention Baseline,1,1,0,192,12.577200652160538,11.867342857647476,0.0,False,,,,,,,
Single-Intention Baseline,1,1,0,193,12.455302226936556,12.02111975867472,0.0,False,,,,,,,
Single-Intention Baseline,1,1,0,194,12.373474408901956,12.172573952563264,0.0,False,,,,,,,
Single-Intention Baseline,1,1,0,195,12.406378269967524,12.325916443000915,0.0,False,,,,,,,
Single-Intention Baseline,1,1,0,196,12.432205060967966,12.46582757392335,0.0,False,,,,,,,
Single-Intention Baseline,1,1,0,197,12.446364707903832,12.624715661837255,0.0,False,,,,,,,
Single-Intention Baseline,1,1,0,198,12.440651599017244,12.79084086520727,0.0,False,,,,,,,
Single-Intention Baseline,1,1,0,199,12.423208328343383,12.873114374979313,0.0,False,,,,,,,
Single-Intention Baseline,1,1,0,200,12.433844613891042,12.92248079000135,0.0,False,,,,,,,
Single-Intention Baseline,1,1,0,201,12.446479579283327,12.946307839012851,0.0,False,,,,,,,
Single-Intention Baseline,1,1,0,202,12.451965734916312,12.913230198362488,0.0,False,,,,,,,
Single-Intention Baseline,1,1,0,203,12.55901328139368,12.816367772831423,0.0,False,,,,,,,
Single-Intention Baseline,1,1,0,204,12.69891998212099,12.726793893362649,0.0,False,,,,,,,
Single-Intention Baseline,1,1,0,205,12.818882831233374,12.639572834250131,0.0,False,,,,,,,
Single-Intention Baseline,1,1,0,206,12.927466115866638,12.550710615783244,0.0,False,,,,,,,
Single-Intention Baseline,1,1,0,207,13.025634596637271,12.465715881528912,0.0,False,,,,,,,
Single-Intention Baseline,1,1,0,208,13.091437293064557,12.358146868369577,0.0,False,,,,,,,
Single-Intention Baseline,1,1,0,209,13.166907556392204,12.221916042153037,0.0,False,,,,,,,
Single-Intention Baseline,1,1,0,210,13.256650420006173,12.10067270259009,0.0,False,,,,,,,
Single-Intention Baseline,1,1,0,211,13.421374771934367,12.045616075575213,0.0,False,,,,,,,
Single-Intention Baseline,1,1,0,212,13.682590082384849,12.049026576170451,0.0,False,,,,,,,
Single-Intention Baseline,1,1,0,213,13.919473421283586,12.068087700529968,0.0,False,,,,,,,
Single-Intention Baseline,1,1,0,214,14.145482034856077,12.071269583957438,0.0,False,,,,,,,
Single-Intention Baseline,1,1,0,215,14.270087658589397,12.102557464705026,0.0,False,,,,,,,
Single-Intention Baseline,1,1,0,216,14.324092910932272,12.173771742747554,0.0,False,,,,,,,
Single-Intention Baseline,1,1,0,217,14.35559503239038,12.207144463221402,0.0,False,,,,,,,
Single-Intention Baseline,1,1,0,218,14.389376306203545,12.232056973469758,0.0,False,,,,,,,
Single-Intention Baseline,1,1,0,219,14.463241011134151,12.287762237539512,0.0,False,,,,,,,
Single-Intention Baseline,1,1,0,220,14.631994296095254,12.396347678334257,0.0,False,,,,,,,
Single-Intention Baseline,1,1,0,221,14.813273228452813,12.49141238241666,0.0,False,,,,,,,
Single-Intention Baseline,1,1,0,222,14.99046454481321,12.567432078518918,0.0,False,,,,,,,
Single-Intention Baseline,1,1,0,223,15.153680317362031,12.633793394609524,0.0,False,,,,,,,
Single-Intention Baseline,1,1,0,224,15.31983803242222,12.61358731656599,0.0,False,,,,,,,
Single-Intention Baseline,1,1,0,225,15.47254209039587,12.56177983260514,0.0,False,,,,,,,
Single-Intention Baseline,1,1,0,226,15.641202147683048,12.522356643502178,0.0,False,,,,,,,
Single-Intention Baseline,1,1,0,227,15.82617698329071,12.503613213815214,0.0,False,,,,,,,
Single-Intention Baseline,1,1,0,228,16.033229513429426,12.57031365590582,0.0,False,,,,,,,
Single-Intention Baseline,1,1,0,229,16.275716086060434,12.672547677076608,0.0,False,,,,,,,
Single-Intention Baseline,1,1,0,230,16.5131764512817,12.748109851592428,0.0,False,,,,,,,
Single-Intention Baseline,1,1,0,231,16.735838829973552,12.81373975129658,0.0,False,,,,,,,
Single-Intention Baseline,1,1,0,232,16.923020967737273,12.822788484199595,0.0,False,,,,,,,
Single-Intention Baseline,1,1,0,233,17.062201463912483,12.81195407667566,0.0,False,,,,,,,
Single-Intention Baseline,1,1,0,234,17.22907211972897,12.808220576719291,0.0,False,,,,,,,
Single-Intention Baseline,1,1,0,235,17.4042486430651,12.83982888380864,0.0,False,,,,,,,
Single-Intention Baseline,1,1,0,236,17.592015665310733,12.84208478552608,0.0,False,,,,,,,
Single-Intention Baseline,1,1,0,237,17.798786567733757,12.793304807668314,0.0,False,,,,,,,
Single-Intention Baseline,1,1,0,238,17.993199725801475,12.737690575045436,0.0,False,,,,,,,
Single-Intention Baseline,1,1,0,239,18.154264023669157,12.674233186055652,0.0,False,,,,,,,
Single-Intention Baseline,1,1,0,240,18.24445224800998,12.555599231953114,0.0,False,,,,,,,
Single-Intention Baseline,1,1,0,241,18.3152497756271,12.436289002635847,0.0,False,,,,,,,
Single-Intention Baseline,1,1,0,242,18.41597172784102,12.320801154070722,0.0,False,,,,,,,
Single-Intention Baseline,1,1,0,243,18.53718466433053,12.266502627069586,0.0,False,,,,,,,
Single-Intention Baseline,1,1,0,244,18.65548990645016,12.27062187431872,0.0,False,,,,,,,
Single-Intention Baseline,1,1,0,245,18.765551227088068,12.330269449983126,0.0,False,,,,,,,
Single-Intention Baseline,1,1,0,246,18.903226417120894,12.401179596341382,0.0,False,,,,,,,
Single-Intention Baseline,1,1,0,247,19.03817571711275,12.48284527861532,0.0,False,,,,,,,
Single-Intention Baseline,1,1,0,248,19.137837323920337,12.556422309810795,0.0,False,,,,,,,
Single-Intention Baseline,1,1,0,249,19.1850220088996,12.609702416385318,0.0,False,,,,,,,
Single-Intention Baseline,1,1,0,250,19.204453028129837,12.601184389388166,0.0,False,,,,,,,
Single-Intention Baseline,1,1,0,251,19.25030650435693,12.604106638002769,0.0,False,,,,,,,
Single-Intention Baseline,1,1,0,252,19.313386415732193,12.65984497918437,0.0,False,,,,,,,
Single-Intention Baseline,1,1,0,253,19.39443876154864,12.77998423036423,0.0,False,,,,,,,
Single-Intention Baseline,1,1,0,254,19.49183692461342,12.958687231976873,0.0,False,,,,,,,
Single-Intention Baseline,1,1,0,255,19.583435577762867,13.120053005203092,0.0,False,,,,,,,
Single-Intention Baseline,1,1,0,256,19.677677896041924,13.26334194896944,0.0,False,,,,,,,
Single-Intention Baseline,1,1,0,257,19.782789385035777,13.369691562396625,0.0,False,,,,,,,
Single-Intention Baseline,1,1,0,258,19.881591134339875,13.349100682701629,0.0,False,,,,,,,
Single-Intention Baseline,1,1,0,259,19.95898454211268,13.326336582652862,0.0,False,,,,,,,
Single-Intention Baseline,1,1,0,260,20.03300963865095,13.351371115235551,0.0,False,,,,,,,
Single-Intention Baseline,1,1,0,261,20.085675209679643,13.366019341946902,0.0,False,,,,,,,
Single-Intention Baseline,1,1,0,262,20.07987566226476,13.472031516062824,0.0,False,,,,,,,
Single-Intention Baseline,1,1,0,263,20.105832387553757,13.62043351508204,0.0,False,,,,,,,
Single-Intention Baseline,1,1,0,264,20.167527824322935,13.77265604302838,0.0,False,,,,,,,
Single-Intention Baseline,1,1,0,265,20.20488228326603,13.891816635909414,0.0,False,,,,,,,
Single-Intention Baseline,1,1,0,266,20.12630755305997,13.961419191064229,0.0,False,,,,,,,
Single-Intention Baseline,1,1,0,267,20.004345498048313,14.039914828895904,0.0,False,,,,,,,
Single-Intention Baseline,1,1,0,268,19.956498288579983,14.178780775963364,0.0,False,,,,,,,
Single-Intention Baseline,1,1,0,269,19.916182902481953,14.378734238113722,0.0,False,,,,,,,
Single-Intention Baseline,1,1,0,270,19.87844031126749,14.563514007236218,0.0,False,,,,,,,
Single-Intention Baseline,1,1,0,271,19.866196843775423,14.73021105231721,0.0,False,,,,,,,
Single-Intention Baseline,1,1,0,272,19.888724954630845,14.85568980177353,0.0,False,,,,,,,
Single-Intention Baseline,1,1,0,273,19.90506818904037,14.953064414629718,0.0,False,,,,,,,
Single-Intention Baseline,1,1,0,274,19.86964222097905,15.069248756677498,0.0,False,,,,,,,
Single-Intention Baseline,1,1,0,275,19.788491453683807,15.186685565838395,0.0,False,,,,,,,
Single-Intention Baseline,1,1,0,276,19.71829127387425,15.324328701008996,0.0,False,,,,,,,
Single-Intention Baseline,1,1,0,277,19.63753077998217,15.472713791812415,0.0,False,,,,,,,
Single-Intention Baseline,1,1,0,278,19.568687099677007,15.711173696355711,0.0,False,,,,,,,
Single-Intention Baseline,1,1,0,279,19.476115231995504,15.966440443727842,0.0,False,,,,,,,
Single-Intention Baseline,1,1,0,280,19.382213019810223,16.170699507100206,0.0,False,,,,,,,
Single-Intention Baseline,1,1,0,281,19.29875264566582,16.29843545023788,0.0,False,,,,,,,
Single-Intention Baseline,1,1,0,282,19.19602641793624,16.368332301331424,0.0,False,,,,,,,
Single-Intention Baseline,1,1,0,283,19.073449611424717,16.39907826062744,0.0,False,,,,,,,
Single-Intention Baseline,1,1,0,284,18.996004044927833,16.418889440083962,0.0,False,,,,,,,
Single-Intention Baseline,1,1,0,285,19.049042678454644,16.44660143278867,0.0,False,,,,,,,
Single-Intention Baseline,1,1,0,286,19.148298917310782,16.506186791538234,0.0,False,,,,,,,
Single-Intention Baseline,1,1,0,287,19.268837683212123,16.64406151592289,0.0,False,,,,,,,
Single-Intention Baseline,1,1,0,288,19.36085983497936,16.810533468965176,0.0,False,,,,,,,
Single-Intention Baseline,1,1,0,289,19.4353004178444,16.967517532776416,0.0,False,,,,,,,
Single-Intention Baseline,1,1,0,290,19.494457432790263,17.055005974325322,0.0,False,,,,,,,
Single-Intention Baseline,1,1,0,291,19.445595793903767,17.079972710600817,0.0,False,,,,,,,
Single-Intention Baseline,1,1,0,292,19.386046124118295,17.128220809679586,0.0,False,,,,,,,
Single-Intention Baseline,1,1,0,293,19.353582099914114,17.182873434359255,0.0,False,,,,,,,
Single-Intention Baseline,1,1,0,294,19.34977567267781,17.25154612685649,0.0,False,,,,,,,
Single-Intention Baseline,1,1,0,295,19.421657160571133,17.427617958061223,0.0,False,,,,,,,
Single-Intention Baseline,1,1,0,296,19.47395110415997,17.616165421615637,0.0,False,,,,,,,
Single-Intention Baseline,1,1,0,297,19.503935835204373,17.80178000782788,0.0,False,,,,,,,
Single-Intention Baseline,1,1,0,298,19.501733472921146,17.957068424253656,0.0,False,,,,,,,
Single-Intention Baseline,1,1,0,299,19.411686635998937,18.015699698947035,0.0,False,,,,,,,
Single-Intention Baseline,1,1,0,300,19.345747460467432,18.087618970998413,0.0,False,,,,,,,
Single-Intention Baseline,1,1,0,301,19.28018807683618,18.172348084920557,0.0,False,,,,,,,
Single-Intention Baseline,1,1,0,302,19.220385878098018,18.296090304278952,0.0,False,,,,,,,
Single-Intention Baseline,1,1,0,303,19.20446059867833,18.48668292251327,0.0,False,,,,,,,
Single-Intention Baseline,1,1,0,304,19.15236844633177,18.62307545194665,0.0,False,,,,,,,
Single-Intention Baseline,1,1,0,305,19.117806872895827,18.685331030480473,0.0,False,,,,,,,
Single-Intention Baseline,1,1,0,306,19.073013226621367,18.73529788426829,0.0,False,,,,,,,
Single-Intention Baseline,1,1,0,307,18.989344692135965,18.810553292020185,0.0,False,,,,,,,
Single-Intention Baseline,1,1,0,308,18.871534512117975,18.922095762856536,0.0,False,,,,,,,
Single-Intention Baseline,1,1,0,309,18.793968861071143,19.03343359138855,0.0,False,,,,,,,
Single-Intention Baseline,1,1,0,310,18.778832563898344,19.14247083310192,0.0,False,,,,,,,
Single-Intention Baseline,1,1,0,311,18.897504038178347,19.21415197355612,0.0,False,,,,,,,
Single-Intention Baseline,1,1,0,312,19.01925423486911,19.27919754395908,0.0,False,,,,,,,
Single-Intention Baseline,1,1,0,313,19.101879420930896,19.309091051591675,0.0,False,,,,,,,
Single-Intention Baseline,1,1,0,314,19.168625524908656,19.321989041373573,0.0,False,,,,,,,
Single-Intention Baseline,1,1,0,315,19.200634732413175,19.27688738931877,0.0,False,,,,,,,
Single-Intention Baseline,1,1,0,316,19.23246064817487,19.23578721589651,0.0,False,,,,,,,
Single-Intention Baseline,1,1,0,317,19.296719537280904,19.186804239984134,0.0,False,,,,,,,
Single-Intention Baseline,1,1,0,318,19.387938872531095,19.140706295434224,0.0,False,,,,,,,
Single-Intention Baseline,1,1,0,319,19.511232864715105,19.051847055639495,0.0,False,,,,,,,
Single-Intention Baseline,1,1,0,320,19.632838079320067,18.944926146127308,0.0,False,,,,,,,
Single-Intention Baseline,1,1,0,321,19.734200181412895,18.83064795966535,0.0,False,,,,,,,
Single-Intention Baseline,1,1,0,322,19.806488277338985,18.706524974315517,0.0,False,,,,,,,
Single-Intention Baseline,1,1,0,323,19.851790813113432,18.546183586983535,0.0,False,,,,,,,
Single-Intention Baseline,1,1,0,324,19.82116542029007,18.307410380211746,0.0,False,,,,,,,
Single-Intention Baseline,1,1,0,325,19.813175850661292,18.07538575035676,0.0,False,,,,,,,
Single-Intention Baseline,1,1,0,326,19.804719918342343,17.904964869242455,0.0,False,,,,,,,
Single-Intention Baseline,1,1,0,327,19.83771988906721,17.78207736608798,0.0,False,,,,,,,
Single-Intention Baseline,1,1,0,328,19.92607300704328,17.645804926349708,0.0,False,,,,,,,
Single-Intention Baseline,1,1,0,329,19.998896881397908,17.507876373988516,0.0,False,,,,,,,
Single-Intention Baseline,1,1,0,330,19.995909050212784,17.336351884157825,0.0,False,,,,,,,
Single-Intention Baseline,1,1,0,331,19.890923968168433,17.117500019183893,0.0,False,,,,,,,
Single-Intention Baseline,1,1,0,332,19.818819444573233,16.911244211508045,0.0,False,,,,,,,
Single-Intention Baseline,1,1,0,333,19.78832860184392,16.711629735195938,0.0,False,,,,,,,
Single-Intention Baseline,1,1,0,334,19.81851642388499,16.536662676908982,0.0,False,,,,,,,
Single-Intention Baseline,1,1,0,335,19.938988451574332,16.3562710528066,0.0,False,,,,,,,
Single-Intention Baseline,1,1,0,336,20.04541834158592,16.15598832698342,0.0,False,,,,,,,
Single-Intention Baseline,1,1,0,337,20.128424863407655,15.961780037323791,0.0,False,,,,,,,
Single-Intention Baseline,1,1,0,338,20.157385992853385,15.759619409833771,0.0,False,,,,,,,
Single-Intention Baseline,1,1,0,339,20.114884484786153,15.554598487783329,0.0,False,,,,,,,
Single-Intention Baseline,1,1,0,340,20.09244004696413,15.33494767651351,0.0,False,,,,,,,
Single-Intention Baseline,1,1,0,341,20.10163477036476,15.11569506219577,0.0,False,,,,,,,
Single-Intention Baseline,1,1,0,342,20.21178627758318,14.91433433751317,0.0,False,,,,,,,
Single-Intention Baseline,1,1,0,343,20.350215488379888,14.70905744825353,0.0,False,,,,,,,
Single-Intention Baseline,1,1,0,344,20.482832560022132,14.520533665157004,0.0,False,,,,,,,
Single-Intention Baseline,1,1,0,345,20.584752442104207,14.34505433064786,0.0,False,,,,,,,
Single-Intention Baseline,1,1,0,346,20.54366162352512,14.171455233593576,0.0,False,,,,,,,
Single-Intention Baseline,1,1,0,347,20.50760698023403,13.99228754515386,0.0,False,,,,,,,
Single-Intention Baseline,1,1,0,348,20.49948663311956,13.80562556619294,0.0,False,,,,,,,
Single-Intention Baseline,1,1,0,349,20.505649868688614,13.632855221832244,0.0,False,,,,,,,
Single-Intention Baseline,1,1,0,350,20.597663949426213,13.464198690392736,0.0,False,,,,,,,
Single-Intention Baseline,1,1,0,351,20.669623903926947,13.301672264878444,0.0,False,,,,,,,
Single-Intention Baseline,1,1,0,352,20.658491796302343,13.20783096135125,0.0,False,,,,,,,
Single-Intention Baseline,1,1,0,353,20.597440746653096,13.113654987490564,0.0,False,,,,,,,
Single-Intention Baseline,1,1,0,354,20.493939859465662,12.97367301804086,0.0,False,,,,,,,
Single-Intention Baseline,1,1,0,355,20.406087535794565,12.832676573992517,0.0,False,,,,,,,
Single-Intention Baseline,1,1,0,356,20.318897715383123,12.71903605610851,0.0,False,,,,,,,
Single-Intention Baseline,1,1,0,357,20.216898717294526,12.63852368350378,0.0,False,,,,,,,
Single-Intention Baseline,1,1,0,358,20.06917021555394,12.613825806189292,0.0,False,,,,,,,
Single-Intention Baseline,1,1,0,359,19.907439470762053,12.638717661271988,0.0,False,,,,,,,
Single-Intention Baseline,1,1,0,360,19.80922270889333,12.650683587599463,0.0,False,,,,,,,
Single-Intention Baseline,1,1,0,361,19.784046751337552,12.650363907963202,0.0,False,,,,,,,
Single-Intention Baseline,1,1,0,362,19.7563574531557,12.659663804849894,0.0,False,,,,,,,
Single-Intention Baseline,1,1,0,363,19.681720287201113,12.703935702417477,0.0,False,,,,,,,
Single-Intention Baseline,1,1,0,364,19.61121567189204,12.674544988590606,0.0,False,,,,,,,
Single-Intention Baseline,1,1,0,365,19.50182411668356,12.604141343845926,0.0,False,,,,,,,
Single-Intention Baseline,1,1,0,366,19.331998664691714,12.545004759663774,0.0,False,,,,,,,
Single-Intention Baseline,1,1,0,367,19.085351669687252,12.489116600744262,0.0,False,,,,,,,
Single-Intention Baseline,1,1,0,368,18.868093930288342,12.434040609024196,0.0,False,,,,,,,
Single-Intention Baseline,1,1,0,369,18.67234115412675,12.384839425832324,0.0,False,,,,,,,
Single-Intention Baseline,1,1,0,370,18.516954984128382,12.39596773356074,0.0,False,,,,,,,
Single-Intention Baseline,1,1,0,371,18.377729036085615,12.37590372266842,0.0,False,,,,,,,
Single-Intention Baseline,1,1,0,372,18.228815516839973,12.303772659173749,0.0,False,,,,,,,
Single-Intention Baseline,1,1,0,373,18.05626036557477,12.216869095347985,0.0,False,,,,,,,
Single-Intention Baseline,1,1,0,374,17.791351336029514,12.141729158774512,0.0,False,,,,,,,
Single-Intention Baseline,1,1,0,375,17.51758312794945,12.07490402648473,0.0,False,,,,,,,
Single-Intention Baseline,1,1,0,376,17.27655776421261,12.006808893982164,0.0,False,,,,,,,
Single-Intention Baseline,1,1,0,377,17.13989471618091,11.908381148895009,0.0,False,,,,,,,
Single-Intention Baseline,1,1,0,378,17.010172505606185,11.791669728417942,0.0,False,,,,,,,
Single-Intention Baseline,1,1,0,379,16.832811264480164,11.686458701654576,0.0,False,,,,,,,
Single-Intention Baseline,1,1,0,380,16.611733482938895,11.597319763030615,0.0,False,,,,,,,
Single-Intention Baseline,1,1,0,381,16.296514714555045,11.618618625327722,0.0,False,,,,,,,
Single-Intention Baseline,1,1,0,382,15.989340641426184,11.654163588594484,0.0,False,,,,,,,
Single-Intention Baseline,1,1,0,383,15.746147661158831,11.671762559413564,0.0,False,,,,,,,
Single-Intention Baseline,1,1,0,384,15.587097724391624,11.645900900666106,0.0,False,,,,,,,
Single-Intention Baseline,1,1,0,385,15.438492482981802,11.600284206046052,0.0,False,,,,,,,
Single-Intention Baseline,1,1,0,386,15.255381274388233,11.576568531788574,0.0,False,,,,,,,
Single-Intention Baseline,1,1,0,387,15.05246488346396,11.570895294461854,0.0,False,,,,,,,
Single-Intention Baseline,1,1,0,388,14.807225178713402,11.705034821145386,0.0,False,,,,,,,
Single-Intention Baseline,1,1,0,389,14.563188917670775,11.849418783228764,0.0,False,,,,,,,
Single-Intention Baseline,1,1,0,390,14.346621108752483,11.970821049279774,0.0,False,,,,,,,
Single-Intention Baseline,1,1,0,391,14.14349307800086,12.044470681288654,0.0,False,,,,,,,
Single-Intention Baseline,1,1,0,392,13.99080240099295,11.998333564524076,0.0,False,,,,,,,
Single-Intention Baseline,1,1,0,393,13.819650200962409,11.994344183546785,0.0,False,,,,,,,
Single-Intention Baseline,1,1,0,394,13.68461834253394,12.037257285805172,0.0,False,,,,,,,
Single-Intention Baseline,1,1,0,395,13.55047775548698,12.105581454825282,0.0,False,,,,,,,
Single-Intention Baseline,1,1,0,396,13.382392497688148,12.250292262959393,0.0,False,,,,,,,
Single-Intention Baseline,1,1,0,397,13.202455508164675,12.377725254662128,0.0,False,,,,,,,
Single-Intention Baseline,1,1,0,398,13.042038412418464,12.491306701811796,0.0,False,,,,,,,
Single-Intention Baseline,1,1,0,399,12.884555787815874,12.589025481779686,0.0,False,,,,,,,
Single-Intention Baseline,1,1,0,400,12.79495361431228,12.62808708486138,0.0,False,,,,,,,
Single-Intention Baseline,1,1,0,401,12.773303532637163,12.611207504414953,0.0,False,,,,,,,
Single-Intention Baseline,1,1,0,402,12.739103555604396,12.56213589673534,0.0,False,,,,,,,
Single-Intention Baseline,1,1,0,403,12.6562195650709,12.42907438447368,0.0,False,,,,,,,
Single-Intention Baseline,1,1,0,404,12.589309875684446,12.338900355295022,0.0,False,,,,,,,
Single-Intention Baseline,1,1,0,405,12.583239439752068,12.256415636401,0.0,False,,,,,,,
Single-Intention Baseline,1,1,0,406,12.669297247527872,12.18765739102788,0.0,False,,,,,,,
Single-Intention Baseline,1,1,0,407,12.770852282913111,12.126481750317993,0.0,False,,,,,,,
Single-Intention Baseline,1,1,0,408,12.8667232033727,12.05129893203949,0.0,False,,,,,,,
Single-Intention Baseline,1,1,0,409,12.932736245699695,11.964912505129089,0.0,False,,,,,,,
Single-Intention Baseline,1,1,0,410,12.97564476557122,11.981743394212288,0.0,False,,,,,,,
Single-Intention Baseline,1,1,0,411,12.998133552364555,11.992600216702932,0.0,False,,,,,,,
Single-Intention Baseline,1,1,0,412,13.042607440199609,11.996611551774022,0.0,False,,,,,,,
Single-Intention Baseline,1,1,0,413,13.087383974274047,11.98198437299749,0.0,False,,,,,,,
Single-Intention Baseline,1,1,0,414,13.153391061610252,11.941869457056418,0.0,False,,,,,,,
Single-Intention Baseline,1,1,0,415,13.320959419887991,11.91974931879675,0.0,False,,,,,,,
Single-Intention Baseline,1,1,0,416,13.528568375308474,11.905565551629216,0.0,False,,,,,,,
Single-Intention Baseline,1,1,0,417,13.718134933551708,11.881790610495647,0.0,False,,,,,,,
Single-Intention Baseline,1,1,0,418,13.902885999457745,11.820315784822393,0.0,False,,,,,,,
Single-Intention Baseline,1,1,0,419,14.059947990264549,11.724594840193909,0.0,False,,,,,,,
Single-Intention Baseline,1,1,0,420,14.175278530328905,11.59614709607374,0.0,False,,,,,,,
Single-Intention Baseline,1,1,0,421,14.295083945439783,11.480662215437745,0.0,False,,,,,,,
Single-Intention Baseline,1,1,0,422,14.440683301523972,11.484307661962005,0.0,False,,,,,,,
Single-Intention Baseline,1,1,0,423,14.605011084109268,11.522780007989704,0.0,False,,,,,,,
Single-Intention Baseline,1,1,0,424,14.87249926191996,11.565981095402828,0.0,False,,,,,,,
Single-Intention Baseline,1,1,0,425,15.121964801112076,11.597704470177298,0.0,False,,,,,,,
Single-Intention Baseline,1,1,0,426,15.350307468997173,11.621345759091676,0.0,False,,,,,,,
Single-Intention Baseline,1,1,0,427,15.54205347944516,11.573722960040731,0.0,False,,,,,,,
Single-Intention Baseline,1,1,0,428,15.730983189719982,11.52515713994505,0.0,False,,,,,,,
Single-Intention Baseline,1,1,0,429,15.888243778284275,11.553954930088407,0.0,False,,,,,,,
Single-Intention Baseline,1,1,0,430,16.05754244141709,11.641810960653316,0.0,False,,,,,,,
Single-Intention Baseline,1,1,0,431,16.252996469364113,11.767283241175353,0.0,False,,,,,,,
Single-Intention Baseline,1,1,0,432,16.512469555451926,11.865844796290656,0.0,False,,,,,,,
Single-Intention Baseline,1,1,0,433,16.746781224008597,11.95206503546522,0.0,False,,,,,,,
Single-Intention Baseline,1,1,0,434,16.94893004308108,12.01987012172723,0.0,False,,,,,,,
Single-Intention Baseline,1,1,0,435,17.003004191889538,12.089208646040174,0.0,False,,,,,,,
Single-Intention Baseline,1,1,0,436,17.084718373748906,12.144403797870725,0.0,False,,,,,,,
Single-Intention Baseline,1,1,0,437,17.155278903047105,12.197190215231506,0.0,False,,,,,,,
Single-Intention Baseline,1,1,0,438,17.229971166457155,12.256727577645924,0.0,False,,,,,,,
Single-Intention Baseline,1,1,0,439,17.34998444533511,12.357349130221545,0.0,False,,,,,,,
Single-Intention Baseline,1,1,0,440,17.54494184592801,12.501491236258062,0.0,False,,,,,,,
Single-Intention Baseline,1,1,0,441,17.713382696675907,12.628345146119845,0.0,False,,,,,,,
Single-Intention Baseline,1,1,0,442,17.784185091132375,12.739518464975893,0.0,False,,,,,,,
Single-Intention Baseline,1,1,0,443,17.82195064109055,12.804494784034455,0.0,False,,,,,,,
Single-Intention Baseline,1,1,0,444,17.879606472260438,12.84730407427872,0.0,False,,,,,,,
Single-Intention Baseline,1,1,0,445,17.94999402999504,12.91161071831429,0.0,False,,,,,,,
Single-Intention Baseline,1,1,0,446,18.040820723469075,12.924789509251168,0.0,False,,,,,,,
Single-Intention Baseline,1,1,0,447,18.23043609055476,13.040157222283618,0.0,False,,,,,,,
Single-Intention Baseline,1,1,0,448,18.43209966195905,13.143077838192395,0.0,False,,,,,,,
Single-Intention Baseline,1,1,0,449,18.611662310169773,13.19771732899112,0.0,False,,,,,,,
Single-Intention Baseline,1,1,0,450,18.788919226456095,13.141460095147194,0.0,False,,,,,,,
Single-Intention Baseline,1,1,0,451,18.957859496534763,13.025856006733717,0.0,False,,,,,,,
Single-Intention Baseline,1,1,0,452,19.11870755598799,12.92826428335724,0.0,False,,,,,,,
Single-Intention Baseline,1,1,0,453,19.27232556091891,12.86339363636867,0.0,False,,,,,,,
Single-Intention Baseline,1,1,0,454,19.362692257586023,12.946524969487305,0.0,False,,,,,,,
Single-Intention Baseline,1,1,0,455,19.47499065817263,13.042539152883275,0.0,False,,,,,,,
Single-Intention Baseline,1,1,0,456,19.64068091623818,13.161683650740116,0.0,False,,,,,,,
Single-Intention Baseline,1,1,0,457,19.849110078937443,13.305182652727032,0.0,False,,,,,,,
Single-Intention Baseline,1,1,0,458,20.04805760002428,13.43420384894334,0.0,False,,,,,,,
Single-Intention Baseline,1,1,0,459,20.229148731729175,13.515893086893335,0.0,False,,,,,,,
Single-Intention Baseline,1,1,0,460,20.381985445243444,13.443200365873317,0.0,False,,,,,,,
Single-Intention Baseline,1,1,0,461,20.56546451887644,13.355468381357618,0.0,False,,,,,,,
Single-Intention Baseline,1,1,0,462,20.746668260001712,13.29464912124873,0.0,False,,,,,,,
Single-Intention Baseline,1,1,0,463,20.928747311428975,13.259580964632264,0.0,False,,,,,,,
Single-Intention Baseline,1,1,0,464,21.10762992518454,13.280108937149684,0.0,False,,,,,,,
Single-Intention Baseline,1,1,0,465,21.338228459052623,13.400125564714909,0.0,False,,,,,,,
Single-Intention Baseline,1,1,0,466,21.486718726940687,13.468776732512554,0.0,False,,,,,,,
Single-Intention Baseline,1,1,0,467,21.542524130616197,13.504523297375412,0.0,False,,,,,,,
Single-Intention Baseline,1,1,0,468,21.438491674524055,13.499459402489876,0.0,False,,,,,,,
Single-Intention Baseline,1,1,0,469,21.269507292725343,13.51496132445202,0.0,False,,,,,,,
Single-Intention Baseline,1,1,0,470,21.13940879969059,13.570191668481886,0.0,False,,,,,,,
Single-Intention Baseline,1,1,0,471,21.03575556825561,13.657379476743126,0.0,False,,,,,,,
Single-Intention Baseline,1,1,0,472,20.95055304535986,13.774237403705737,0.0,False,,,,,,,
Single-Intention Baseline,1,1,0,473,20.83987454513972,13.885835154964392,0.0,False,,,,,,,
Single-Intention Baseline,1,1,0,474,20.721337273257024,13.961975744014811,0.0,False,,,,,,,
Single-Intention Baseline,1,1,0,475,20.64508799743359,13.967546383516195,0.0,False,,,,,,,
Single-Intention Baseline,1,1,0,476,20.640342901465807,13.944994856113752,0.0,False,,,,,,,
Single-Intention Baseline,1,1,0,477,20.66524611993902,13.88664191605318,0.0,False,,,,,,,
Single-Intention Baseline,1,1,0,478,20.705046203718688,13.793865409184995,0.0,False,,,,,,,
Single-Intention Baseline,1,1,0,479,20.746987897065708,13.720744527129858,0.0,False,,,,,,,
Single-Intention Baseline,1,1,0,480,20.79097220028628,13.668011824958322,0.0,False,,,,,,,
Single-Intention Baseline,1,1,0,481,20.93709304221309,13.73692680800539,0.0,False,,,,,,,
Single-Intention Baseline,1,1,0,482,21.036381108462617,13.785590627744648,0.0,False,,,,,,,
Single-Intention Baseline,1,1,0,483,21.00064425352674,13.779787221752237,0.0,False,,,,,,,
Single-Intention Baseline,1,1,0,484,20.94053127389175,13.778959014096923,0.0,False,,,,,,,
Single-Intention Baseline,1,1,0,485,20.866940202456956,13.776067855106067,0.0,False,,,,,,,
Single-Intention Baseline,1,1,0,486,20.847515245008797,13.735638805316851,0.0,False,,,,,,,
Single-Intention Baseline,1,1,0,487,20.856658526910692,13.717429832073645,0.0,False,,,,,,,
Single-Intention Baseline,1,1,0,488,20.878756902118777,13.774134834039504,0.0,False,,,,,,,
Single-Intention Baseline,1,1,0,489,20.921001551946553,13.917010365887828,0.0,False,,,,,,,
Single-Intention Baseline,1,1,0,490,20.99002479455159,14.072226996980296,0.0,False,,,,,,,
Single-Intention Baseline,1,1,0,491,21.088054773560224,14.21041955393175,0.0,False,,,,,,,
Single-Intention Baseline,1,1,0,492,21.18197240114978,14.334797530853251,0.0,False,,,,,,,
Single-Intention Baseline,1,1,0,493,21.241599361061493,14.436451628793217,0.0,False,,,,,,,
Single-Intention Baseline,1,1,0,494,21.182339708193066,14.540326169893104,0.0,False,,,,,,,
Single-Intention Baseline,1,1,0,495,21.143161325768897,14.603391370697532,0.0,False,,,,,,,
Single-Intention Baseline,1,1,0,496,21.131659458636808,14.682535979973489,0.0,False,,,,,,,
Single-Intention Baseline,1,1,0,497,21.01859070928,14.728382877585537,0.0,False,,,,,,,
Single-Intention Baseline,1,1,0,498,20.87255793089636,14.761328086154046,0.0,False,,,,,,,
Single-Intention Baseline,1,1,0,499,20.71264703287206,14.749830017765946,0.0,False,,,,,,,
Single-Intention Baseline,1,1,0,500,20.638862620157653,14.750945734792197,0.0,False,,,,,,,
Single-Intention Baseline,1,1,0,501,20.584130019795488,14.752482154628437,0.0,False,,,,,,,
Single-Intention Baseline,1,1,0,502,20.536878011531996,14.723669447990057,0.0,False,,,,,,,
Single-Intention Baseline,1,1,0,503,20.510246860618356,14.705709517576732,0.0,False,,,,,,,
Single-Intention Baseline,1,1,0,504,20.537739811298497,14.698223083801723,0.0,False,,,,,,,
Single-Intention Baseline,1,1,0,505,20.63675160550192,14.742163288455904,0.0,False,,,,,,,
Single-Intention Baseline,1,1,0,506,20.801479195298636,14.820465408147138,0.0,False,,,,,,,
Single-Intention Baseline,1,1,0,507,20.86782054420801,14.856451991389145,0.0,False,,,,,,,
Single-Intention Baseline,1,1,0,508,20.83751835952462,14.877899789410122,0.0,False,,,,,,,
Single-Intention Baseline,1,1,0,509,20.85523889449952,14.886044911203271,0.0,False,,,,,,,
Single-Intention Baseline,1,1,0,510,20.911489299506194,14.84191717494536,0.0,False,,,,,,,
Single-Intention Baseline,1,1,0,511,20.988348613814026,14.7488055998017,0.0,False,,,,,,,
Single-Intention Baseline,1,1,0,512,21.059233062415917,14.674936215002749,0.0,False,,,,,,,
Single-Intention Baseline,1,1,0,513,21.148398971273817,14.65942859602201,0.0,False,,,,,,,
Single-Intention Baseline,1,1,0,514,21.122725039024083,14.6515115153634,0.0,False,,,,,,,
Single-Intention Baseline,1,1,0,515,21.084894892651565,14.651762553447144,0.0,False,,,,,,,
Single-Intention Baseline,1,1,0,516,21.03046941774225,14.681840018668993,0.0,False,,,,,,,
Single-Intention Baseline,1,1,0,517,20.96768821415704,14.683857293060122,0.0,False,,,,,,,
Single-Intention Baseline,1,1,0,518,20.914483741112416,14.69181008913882,0.0,False,,,,,,,
Single-Intention Baseline,1,1,0,519,20.88417596351324,14.706863462214232,0.0,False,,,,,,,
Single-Intention Baseline,1,1,0,520,20.920601090097296,14.640624978012507,0.0,False,,,,,,,
Single-Intention Baseline,1,1,0,521,20.93767214017089,14.539589324447826,0.0,False,,,,,,,
Single-Intention Baseline,1,1,0,522,20.824013878428406,14.397875309035184,0.0,False,,,,,,,
Single-Intention Baseline,1,1,0,523,20.68396163057716,14.284805794967266,0.0,False,,,,,,,
Single-Intention Baseline,1,1,0,524,20.559220504482,14.21132187274729,0.0,False,,,,,,,
Single-Intention Baseline,1,1,0,525,20.581371461839296,14.17571135916296,0.0,False,,,,,,,
Single-Intention Baseline,1,1,0,526,20.587420232080554,14.147310733204304,0.0,False,,,,,,,
Single-Intention Baseline,1,1,0,527,20.571912956205345,14.07559138242267,0.0,False,,,,,,,
Single-Intention Baseline,1,1,0,528,20.555049895870347,13.908837267239258,0.0,False,,,,,,,
Single-Intention Baseline,1,1,0,529,20.49678298203803,13.7131711077416,0.0,False,,,,,,,
Single-Intention Baseline,1,1,0,530,20.354377446605973,13.482755399296726,0.0,False,,,,,,,
Single-Intention Baseline,1,1,0,531,20.24043631522955,13.285184122255806,0.0,False,,,,,,,
Single-Intention Baseline,1,1,0,532,20.15120584398877,13.090426674522424,0.0,False,,,,,,,
Single-Intention Baseline,1,1,0,533,20.13167473625772,12.903033641299077,0.0,False,,,,,,,
Single-Intention Baseline,1,1,0,534,20.17061895641994,12.71224767201073,0.0,False,,,,,,,
Single-Intention Baseline,1,1,0,535,20.186837820667655,12.50779084389291,0.0,False,,,,,,,
Single-Intention Baseline,1,1,0,536,20.131240893451704,12.341342978369504,0.0,False,,,,,,,
Single-Intention Baseline,1,1,0,537,20.019559987064486,12.17450248066856,0.0,False,,,,,,,
Single-Intention Baseline,1,1,0,538,19.81139648245274,12.066353666670594,0.0,False,,,,,,,
Single-Intention Baseline,1,1,0,539,19.584224068182948,11.970937458179836,0.0,False,,,,,,,
Single-Intention Baseline,1,1,0,540,19.380900064536124,11.877667933688766,0.0,False,,,,,,,
Single-Intention Baseline,1,1,0,541,19.200930011183896,11.791188088846546,0.0,False,,,,,,,
Single-Intention Baseline,1,1,0,542,19.05727415649526,11.764384751768636,0.0,False,,,,,,,
Single-Intention Baseline,1,1,0,543,18.88649754672877,11.748444219301293,0.0,False,,,,,,,
Single-Intention Baseline,1,1,0,544,18.69949591248364,11.739743194263433,0.0,False,,,,,,,
Single-Intention Baseline,1,1,0,545,18.482547867505485,11.668759330898045,0.0,False,,,,,,,
Single-Intention Baseline,1,1,0,546,18.212452945370963,11.610311220738735,0.0,False,,,,,,,
Single-Intention Baseline,1,1,0,547,17.909167083485702,11.592984002551797,0.0,False,,,,,,,
Single-Intention Baseline,1,1,0,548,17.67829798721156,11.581791362889996,0.0,False,,,,,,,
Single-Intention Baseline,1,1,0,549,17.51802599009556,11.52411976152523,0.0,False,,,,,,,
Single-Intention Baseline,1,1,0,550,17.392386402260357,11.477791022020856,0.0,False,,,,,,,
Single-Intention Baseline,1,1,0,551,17.22879790272591,11.44351771274738,0.0,False,,,,,,,
Single-Intention Baseline,1,1,0,552,17.051212298772,11.395002746830183,0.0,False,,,,,,,
Single-Intention Baseline,1,1,0,553,16.81643549695156,11.314823139100277,0.0,False,,,,,,,
Single-Intention Baseline,1,1,0,554,16.505090035539812,11.287699556440668,0.0,False,,,,,,,
Single-Intention Baseline,1,1,0,555,16.23256258124515,11.261275779084654,0.0,False,,,,,,,
Single-Intention Baseline,1,1,0,556,16.023836098073087,11.238183580563412,0.0,False,,,,,,,
Single-Intention Baseline,1,1,0,557,15.863484222263724,11.23567825206319,0.0,False,,,,,,,
Single-Intention Baseline,1,1,0,558,15.706636032819125,11.22065719048297,0.0,False,,,,,,,
Single-Intention Baseline,1,1,0,559,15.543738540293909,11.169991764525346,0.0,False,,,,,,,
Single-Intention Baseline,1,1,0,560,15.324556189679042,11.116067040880171,0.0,False,,,,,,,
Single-Intention Baseline,1,1,0,561,15.008302202923218,11.17405237189037,0.0,False,,,,,,,
Single-Intention Baseline,1,1,0,562,14.71690664956181,11.230021411986376,0.0,False,,,,,,,
Single-Intention Baseline,1,1,0,563,14.541385916296443,11.255615068415326,0.0,False,,,,,,,
Single-Intention Baseline,1,1,0,564,14.410040859368651,11.248767500024554,0.0,False,,,,,,,
Single-Intention Baseline,1,1,0,565,14.295229246482908,11.254775319683418,0.0,False,,,,,,,
Single-Intention Baseline,1,1,0,566,14.211995211984895,11.279849779558754,0.0,False,,,,,,,
Single-Intention Baseline,1,1,0,567,14.064966487726588,11.235968943956566,0.0,False,,,,,,,
Single-Intention Baseline,1,1,0,568,13.82444917775728,11.213937320787824,0.0,False,,,,,,,
Single-Intention Baseline,1,1,0,569,13.571612058025822,11.201137597967872,0.0,False,,,,,,,
Single-Intention Baseline,1,1,0,570,13.340429449528797,11.18428178553111,0.0,False,,,,,,,
Single-Intention Baseline,1,1,0,571,13.134747007557747,11.171144246881406,0.0,False,,,,,,,
Single-Intention Baseline,1,1,0,572,12.99813362778012,11.17527735767343,0.0,False,,,,,,,
Single-Intention Baseline,1,1,0,573,12.833949063158066,11.175111707966655,0.0,False,,,,,,,
Single-Intention Baseline,1,1,0,574,12.653100600818744,11.180862761456629,0.0,False,,,,,,,
Single-Intention Baseline,1,1,0,575,12.422081528067396,11.15598663620662,0.0,False,,,,,,,
Single-Intention Baseline,1,1,0,576,12.089911456382463,11.14037279378708,0.0,False,,,,,,,
Single-Intention Baseline,1,1,0,577,11.805866624172593,11.129126020279356,0.0,False,,,,,,,
Single-Intention Baseline,1,1,0,578,11.61966946410864,11.105496614308404,0.0,False,,,,,,,
Single-Intention Baseline,1,1,0,579,11.48117422562005,11.021070943078522,0.0,False,,,,,,,
Single-Intention Baseline,1,1,0,580,11.343006190312526,10.925766309232344,0.0,False,,,,,,,
Single-Intention Baseline,1,1,0,581,11.168015336579684,10.843443675390631,0.0,False,,,,,,,
Single-Intention Baseline,1,1,0,582,11.044927607991076,10.786515110017351,0.0,False,,,,,,,
Single-Intention Baseline,1,1,0,583,11.047428010978969,10.795280758329396,0.0,False,,,,,,,
Single-Intention Baseline,1,1,0,584,11.06541334240688,10.801588705519986,0.0,False,,,,,,,
Single-Intention Baseline,1,1,0,585,11.09470435467132,10.793602350202082,0.0,False,,,,,,,
Single-Intention Baseline,1,1,0,586,11.128760731846834,10.771579001022412,0.0,False,,,,,,,
Single-Intention Baseline,1,1,0,587,11.17483693465882,10.779069785953494,0.0,False,,,,,,,
Single-Intention Baseline,1,1,0,588,11.237173490252898,10.810873626611814,0.0,False,,,,,,,
Single-Intention Baseline,1,1,0,589,11.278019470779013,10.854098718846291,0.0,False,,,,,,,
Single-Intention Baseline,1,1,0,590,11.22754080468085,10.88692405103642,0.0,False,,,,,,,
Single-Intention Baseline,1,1,0,591,11.103417220661536,10.90605886590868,0.0,False,,,,,,,
Single-Intention Baseline,1,1,0,592,10.925550879642708,10.965516803894657,0.0,False,,,,,,,
Single-Intention Baseline,1,1,0,593,10.780439652084963,11.052757737159244,0.0,False,,,,,,,
Single-Intention Baseline,1,1,0,594,10.67024475275459,11.140180699150497,0.0,False,,,,,,,
Single-Intention Baseline,1,1,0,595,10.751044599070983,11.172339955257993,0.0,False,,,,,,,
Single-Intention Baseline,1,1,0,596,11.022743233272816,11.154348549509727,0.0,False,,,,,,,
Single-Intention Baseline,1,1,0,597,11.232407190809612,11.10040491573499,0.0,False,,,,,,,
Single-Intention Baseline,1,1,0,598,11.380008200738482,11.0252702611549,0.0,False,,,,,,,
Single-Intention Baseline,1,1,0,599,11.429110468487895,11.038267486655489,0.0,False,,,,,,,
Single-Intention Baseline,1,1,0,600,11.420491875185933,11.097832579795062,0.0,False,,,,,,,
Single-Intention Baseline,1,1,0,601,11.355704605509642,11.187276364741855,0.0,False,,,,,,,
Single-Intention Baseline,1,1,0,602,11.31368278694003,11.27207135490331,0.0,False,,,,,,,
Single-Intention Baseline,1,1,0,603,11.299804135654174,11.342299258917691,0.0,False,,,,,,,
Single-Intention Baseline,1,1,0,604,11.326038534621116,11.357546345815155,0.0,False,,,,,,,
Single-Intention Baseline,1,1,0,605,11.411979211277492,11.384012429815666,0.0,False,,,,,,,
Single-Intention Baseline,1,1,0,606,11.46729518578156,11.448064632649052,0.0,False,,,,,,,
Single-Intention Baseline,1,1,0,607,11.510934384231144,11.50372686847668,0.0,False,,,,,,,
Single-Intention Baseline,1,1,0,608,11.52164605471522,11.539047360329612,0.0,False,,,,,,,
Single-Intention Baseline,1,1,0,609,11.50937319667652,11.509666122152934,0.0,False,,,,,,,
Single-Intention Baseline,1,1,0,610,11.540992100421894,11.479084188095737,0.0,False,,,,,,,
Single-Intention Baseline,1,1,0,611,11.601646408790128,11.43938002379381,0.0,False,,,,,,,
Single-Intention Baseline,1,1,0,612,11.746761232046303,11.416622403759108,0.0,False,,,,,,,
Single-Intention Baseline,1,1,0,613,11.957615238323983,11.41997859152575,0.0,False,,,,,,,
Single-Intention Baseline,1,1,0,614,12.147009696003764,11.405112088615573,0.0,False,,,,,,,
Single-Intention Baseline,1,1,0,615,12.315304365576347,11.36786452177175,0.0,False,,,,,,,
Single-Intention Baseline,1,1,0,616,12.341362121109889,11.337651671539026,0.0,False,,,,,,,
Single-Intention Baseline,1,1,0,617,12.327618668283389,11.305841410078845,0.0,False,,,,,,,
Single-Intention Baseline,1,1,0,618,12.327410182918502,11.30803304079298,0.0,False,,,,,,,
Single-Intention Baseline,1,1,0,619,12.35578667077469,11.417709282641278,0.0,False,,,,,,,
Single-Intention Baseline,1,1,0,620,12.36540150639978,11.56009298378811,0.0,False,,,,,,,
Single-Intention Baseline,1,1,0,621,12.38454226178683,11.699353578601936,0.0,False,,,,,,,
Single-Intention Baseline,1,1,0,622,12.376707017194011,11.813857225772852,0.0,False,,,,,,,
Single-Intention Baseline,1,1,0,623,12.324816584741662,11.861768410350503,0.0,False,,,,,,,
Single-Intention Baseline,1,1,0,624,12.208212562475726,11.867269696383207,0.0,False,,,,,,,
Single-Intention Baseline,1,1,0,625,12.083286321517951,11.892035668904164,0.0,False,,,,,,,
Single-Intention Baseline,1,1,0,626,11.995553577152114,11.952272181756577,0.0,False,,,,,,,
Single-Intention Baseline,1,1,0,627,11.947640454056032,12.026614555166908,0.0,False,,,,,,,
Single-Intention Baseline,1,1,0,628,11.984428321379436,12.11084486038869,0.0,False,,,,,,,
Single-Intention Baseline,1,1,0,629,12.011948796566577,12.19442685065845,0.0,False,,,,,,,
Single-Intention Baseline,1,1,0,630,12.041832174485226,12.25589349869871,0.0,False,,,,,,,
Single-Intention Baseline,1,1,0,631,12.077455386269683,12.245006277110022,0.0,False,,,,,,,
Single-Intention Baseline,1,1,0,632,12.0832508871411,12.193192228740854,0.0,False,,,,,,,
Single-Intention Baseline,1,1,0,633,12.082113360716274,12.141601288951223,0.0,False,,,,,,,
Single-Intention Baseline,1,1,0,634,12.111659373142071,12.090734713639934,0.0,False,,,,,,,
Single-Intention Baseline,1,1,0,635,12.163137180865863,12.086189789389335,0.0,False,,,,,,,
Single-Intention Baseline,1,1,0,636,12.313388457854543,12.125653362798186,0.0,False,,,,,,,
Single-Intention Baseline,1,1,0,637,12.489461553258678,12.166448273301125,0.0,False,,,,,,,
Single-Intention Baseline,1,1,0,638,12.639640264029133,12.196332302175088,0.0,False,,,,,,,
Single-Intention Baseline,1,1,0,639,12.771019611456325,12.207017299136862,0.0,False,,,,,,,
Single-Intention Baseline,1,1,0,640,12.823021240135086,12.248152670882831,0.0,False,,,,,,,
Single-Intention Baseline,1,1,0,641,12.842219936723412,12.29256887829754,0.0,False,,,,,,,
Single-Intention Baseline,1,1,0,642,12.901066150942832,12.340897945035964,0.0,False,,,,,,,
Single-Intention Baseline,1,1,0,643,13.034942328728723,12.451940097183728,0.0,False,,,,,,,
Single-Intention Baseline,1,1,0,644,13.234158212796274,12.558784148966666,0.0,False,,,,,,,
Single-Intention Baseline,1,1,0,645,13.475156951995888,12.651641709275358,0.0,False,,,,,,,
Single-Intention Baseline,1,1,0,646,13.687553344880236,12.739740408134852,0.0,False,,,,,,,
Single-Intention Baseline,1,1,0,647,13.904475780923416,12.813994644942404,0.0,False,,,,,,,
Single-Intention Baseline,1,1,0,648,14.089754592695709,12.89127485645738,0.0,False,,,,,,,
Single-Intention Baseline,1,1,0,649,14.12486598225869,12.875074563427276,0.0,False,,,,,,,
Single-Intention Baseline,1,1,0,650,14.132310368288124,12.81679228513346,0.0,False,,,,,,,
Single-Intention Baseline,1,1,0,651,14.143715184287467,12.75393161993672,0.0,False,,,,,,,
Single-Intention Baseline,1,1,0,652,14.171101933271656,12.691541087075189,0.0,False,,,,,,,
Single-Intention Baseline,1,1,0,653,14.23453730476227,12.676825525466738,0.0,False,,,,,,,
Single-Intention Baseline,1,1,0,654,14.3922597118775,12.776038347347535,0.0,False,,,,,,,
Single-Intention Baseline,1,1,0,655,14.58129377976187,12.86177297304036,0.0,False,,,,,,,
Single-Intention Baseline,1,1,0,656,14.753641286171632,12.938285190894891,0.0,False,,,,,,,
Single-Intention Baseline,1,1,0,657,14.911961568400352,12.968749577461212,0.0,False,,,,,,,
Single-Intention Baseline,1,1,0,658,15.044116961706171,12.964315020568158,0.0,False,,,,,,,
Single-Intention Baseline,1,1,0,659,15.179466311008683,12.950418357222128,0.0,False,,,,,,,
Single-Intention Baseline,1,1,0,660,15.261822456226463,12.865510864078413,0.0,False,,,,,,,
Single-Intention Baseline,1,1,0,661,15.3902098909735,12.799758676127556,0.0,False,,,,,,,
Single-Intention Baseline,1,1,0,662,15.529274179865231,12.753380311974093,0.0,False,,,,,,,
Single-Intention Baseline,1,1,0,663,15.698517760283435,12.696331482444974,0.0,False,,,,,,,
Single-Intention Baseline,1,1,0,664,15.861668853468569,12.657250128238802,0.0,False,,,,,,,
Single-Intention Baseline,1,1,0,665,15.95693068139472,12.631123830880322,0.0,False,,,,,,,
Single-Intention Baseline,1,1,0,666,16.00646274285336,12.587997394192168,0.0,False,,,,,,,
Single-Intention Baseline,1,1,0,667,16.01250015351203,12.520130262313248,0.0,False,,,,,,,
Single-Intention Baseline,1,1,0,668,16.003451288122392,12.455918747134245,0.0,False,,,,,,,
Single-Intention Baseline,1,1,0,669,15.98167294726005,12.394352171727125,0.0,False,,,,,,,
Single-Intention Baseline,1,1,0,670,15.943910880607415,12.334397297385744,0.0,False,,,,,,,
Single-Intention Baseline,1,1,0,671,15.936046564275411,12.279484525224571,0.0,False,,,,,,,
Single-Intention Baseline,1,1,0,672,15.9776856620234,12.21871927961532,0.0,False,,,,,,,
Single-Intention Baseline,1,1,0,673,16.028832532949735,12.151446176939828,0.0,False,,,,,,,
Single-Intention Baseline,1,1,0,674,16.109688392621972,12.01275893111508,0.0,False,,,,,,,
Single-Intention Baseline,1,1,0,675,16.19673872611098,11.85365822524772,0.0,False,,,,,,,
Single-Intention Baseline,1,1,0,676,16.26460257862382,11.703591048708592,0.0,False,,,,,,,
Single-Intention Baseline,1,1,0,677,16.315335763028997,11.56144809202935,0.0,False,,,,,,,
Single-Intention Baseline,1,1,0,678,16.394024035054944,11.478090370067813,0.0,False,,,,,,,
Single-Intention Baseline,1,1,0,679,16.429330914809732,11.489948229637736,0.0,False,,,,,,,
Single-Intention Baseline,1,1,0,680,16.43746811337092,11.46993570313125,0.0,False,,,,,,,
Single-Intention Baseline,1,1,0,681,16.438273498793063,11.47060761362556,0.0,False,,,,,,,
Single-Intention Baseline,1,1,0,682,16.401275741470062,11.455516866236929,0.0,False,,,,,,,
Single-Intention Baseline,1,1,0,683,16.29544853558863,11.38855515318104,0.0,False,,,,,,,
Single-Intention Baseline,1,1,0,684,16.176662950522243,11.3172282576312,0.0,False,,,,,,,
Single-Intention Baseline,1,1,0,685,16.115294134609012,11.280291223271233,0.0,False,,,,,,,
Single-Intention Baseline,1,1,0,686,16.111543806187328,11.25318366430991,0.0,False,,,,,,,
Single-Intention Baseline,1,1,0,687,16.111597054644665,11.19083312248522,0.0,False,,,,,,,
Single-Intention Baseline,1,1,0,688,16.099446403728905,11.125056161010768,0.0,False,,,,,,,
Single-Intention Baseline,1,1,0,689,16.044995949287234,11.130507867622484,0.0,False,,,,,,,
Single-Intention Baseline,1,1,0,690,15.984416015389524,11.142318841033836,0.0,False,,,,,,,
Single-Intention Baseline,1,1,0,691,15.909398070459392,11.101524502480768,0.0,False,,,,,,,
Single-Intention Baseline,1,1,0,692,15.79867180874948,11.069930855436873,0.0,False,,,,,,,
Single-Intention Baseline,1,1,0,693,15.756326312739436,11.078080931142008,0.0,False,,,,,,,
Single-Intention Baseline,1,1,0,694,15.721284661076822,11.074350297720338,0.0,False,,,,,,,
Single-Intention Baseline,1,1,0,695,15.7602147486827,11.107504070118813,0.0,False,,,,,,,
Single-Intention Baseline,1,1,0,696,15.834242837899351,11.15802532101674,0.0,False,,,,,,,
Single-Intention Baseline,1,1,0,697,15.917787120091464,11.167709489452784,0.0,False,,,,,,,
Single-Intention Baseline,1,1,0,698,15.978402710570997,11.144490101716327,0.0,False,,,,,,,
Single-Intention Baseline,1,1,0,699,15.969364312666386,11.082311611047407,0.0,False,,,,,,,
Single-Intention Baseline,1,1,0,700,15.891629124955324,11.153427802428885,0.0,False,,,,,,,
Single-Intention Baseline,1,1,0,701,15.796494455942971,11.288248249596258,0.0,False,,,,,,,
Single-Intention Baseline,1,1,0,702,15.68302486039524,11.39065758250402,0.0,False,,,,,,,
Single-Intention Baseline,1,1,0,703,15.608392125663482,11.422285250148851,0.0,False,,,,,,,
Single-Intention Baseline,1,1,0,704,15.588521574607062,11.376333210954725,0.0,False,,,,,,,
Single-Intention Baseline,1,1,0,705,15.577023656989049,11.291337437509847,0.0,False,,,,,,,
Single-Intention Baseline,1,1,0,706,15.537022748738051,11.18633062522076,0.0,False,,,,,,,
Single-Intention Baseline,1,1,0,707,15.424121964891151,11.066214595618703,0.0,False,,,,,,,
Single-Intention Baseline,1,1,0,708,15.26699634076268,10.922915953452083,0.0,False,,,,,,,
Single-Intention Baseline,1,1,0,709,15.139862729548286,10.791369434592822,0.0,False,,,,,,,
Single-Intention Baseline,1,1,0,710,15.024317972316105,10.691211629978683,0.0,False,,,,,,,
Single-Intention Baseline,1,1,0,711,14.867646860022042,10.79671484094683,0.0,False,,,,,,,
Single-Intention Baseline,1,1,0,712,14.712928516735053,11.016457344246454,0.0,False,,,,,,,
Single-Intention Baseline,1,1,0,713,14.556677633034449,11.13936692073168,0.0,False,,,,,,,
Single-Intention Baseline,1,1,0,714,14.405375585496031,11.217422290930742,0.0,False,,,,,,,
Single-Intention Baseline,1,1,0,715,14.304848413213538,11.258135584626876,0.0,False,,,,,,,
Single-Intention Baseline,1,1,0,716,14.2755771192975,11.242136944753367,0.0,False,,,,,,,
Single-Intention Baseline,1,1,0,717,14.274708529408892,11.1822027937098,0.0,False,,,,,,,
Single-Intention Baseline,1,1,0,718,14.292160026772498,11.103034723212671,0.0,False,,,,,,,
Single-Intention Baseline,1,1,0,719,14.274941839839585,11.00105573054063,0.0,False,,,,,,,
Single-Intention Baseline,1,1,0,720,14.277247715692834,10.90700556797821,0.0,False,,,,,,,
Single-Intention Baseline,1,1,0,721,14.209073105310912,10.925684830908803,0.0,False,,,,,,,
Single-Intention Baseline,1,1,0,722,14.026886836860406,10.992154090973488,0.0,False,,,,,,,
Single-Intention Baseline,1,1,0,723,13.84286158042594,11.025926786119744,0.0,False,,,,,,,
Single-Intention Baseline,1,1,0,724,13.675231891743772,11.030198968292993,0.0,False,,,,,,,
Single-Intention Baseline,1,1,0,725,13.549192945584725,11.005981416765607,0.0,False,,,,,,,
Single-Intention Baseline,1,1,0,726,13.47289159767332,10.993487107705914,0.0,False,,,,,,,
Single-Intention Baseline,1,1,0,727,13.361874802243214,11.005426198337346,0.0,False,,,,,,,
Single-Intention Baseline,1,1,0,728,13.212559930239618,10.996724917590337,0.0,False,,,,,,,
Single-Intention Baseline,1,1,0,729,13.00243645647208,10.958892896606963,0.0,False,,,,,,,
Single-Intention Baseline,1,1,0,730,12.715861956136113,10.980334719169049,0.0,False,,,,,,,
Single-Intention Baseline,1,1,0,731,12.460202602031698,10.990342929693092,0.0,False,,,,,,,
Single-Intention Baseline,1,1,0,732,12.220381440251051,10.998895377298728,0.0,False,,,,,,,
Single-Intention Baseline,1,1,0,733,12.073749029399576,10.9686286224599,0.0,False,,,,,,,
Single-Intention Baseline,1,1,0,734,11.967350969101822,10.934587606138413,0.0,False,,,,,,,
Single-Intention Baseline,1,1,0,735,11.830589375309648,10.906732795902712,0.0,False,,,,,,,
Single-Intention Baseline,1,1,0,736,11.69975710947931,10.892398725631615,0.0,False,,,,,,,
Single-Intention Baseline,1,1,0,737,11.51455882465322,10.886173536280772,0.0,False,,,,,,,
Single-Intention Baseline,1,1,0,738,11.278363852329818,10.892463351641489,0.0,False,,,,,,,
Single-Intention Baseline,1,1,0,739,11.089181387645327,10.900237421306665,0.0,False,,,,,,,
Single-Intention Baseline,1,1,0,740,11.068904446206334,10.907699007904217,0.0,False,,,,,,,
Single-Intention Baseline,1,1,0,741,11.083194274508436,10.903248568440972,0.0,False,,,,,,,
Single-Intention Baseline,1,1,0,742,11.102403836551057,10.879310647205418,0.0,False,,,,,,,
Single-Intention Baseline,1,1,0,743,11.072816872827406,10.92520935993061,0.0,False,,,,,,,
Single-Intention Baseline,1,1,0,744,11.024032107597169,10.91590480866457,0.0,False,,,,,,,
Single-Intention Baseline,1,1,0,745,10.961193813924746,10.881329000284705,0.0,False,,,,,,,
Single-Intention Baseline,1,1,0,746,10.957464756447536,10.933890115077036,0.0,False,,,,,,,
Single-Intention Baseline,1,1,0,747,10.933710815766188,10.993701801684418,0.0,False,,,,,,,
Single-Intention Baseline,1,1,0,748,10.961142153651018,11.018401140528038,0.0,False,,,,,,,
Single-Intention Baseline,1,1,0,749,11.02014741291611,11.00321461960636,0.0,False,,,,,,,
Single-Intention Baseline,1,1,0,750,11.069521266902576,11.00725410281678,0.0,False,,,,,,,
Single-Intention Baseline,1,1,0,751,11.083530734958895,11.05879738378957,0.0,False,,,,,,,
Single-Intention Baseline,1,1,0,752,11.004862104049518,11.034123579756994,0.0,False,,,,,,,
Single-Intention Baseline,1,1,0,753,11.055261289070016,11.04389559137884,0.0,False,,,,,,,
Single-Intention Baseline,1,1,0,754,11.11465275687563,11.087549693884068,0.0,False,,,,,,,
Single-Intention Baseline,1,1,0,755,11.060643815746932,11.143136642572772,0.0,False,,,,,,,
Single-Intention Baseline,1,1,0,756,11.057087660740168,11.191332172974215,0.0,False,,,,,,,
Single-Intention Baseline,1,1,0,757,11.066478752693651,11.234516807586797,0.0,False,,,,,,,
Single-Intention Baseline,1,1,0,758,11.07483223449079,11.279295094286914,0.0,False,,,,,,,
Single-Intention Baseline,1,1,0,759,11.032626390160123,11.29091937466781,0.0,False,,,,,,,
Single-Intention Baseline,1,1,0,760,10.95646276019607,11.248533990204782,0.0,False,,,,,,,
Single-Intention Baseline,1,1,0,761,10.994084535977194,11.261763637790075,0.0,False,,,,,,,
Single-Intention Baseline,1,1,0,762,11.075551098846368,11.314463731486564,0.0,False,,,,,,,
Single-Intention Baseline,1,1,0,763,11.05182701406794,11.360370775299918,0.0,False,,,,,,,
Single-Intention Baseline,1,1,0,764,11.014859599723502,11.387785927871075,0.0,False,,,,,,,
Single-Intention Baseline,1,1,0,765,10.982300026839653,11.39029805337457,0.0,False,,,,,,,
Single-Intention Baseline,1,1,0,766,11.013685939860432,11.35203561845328,0.0,False,,,,,,,
Single-Intention Baseline,1,1,0,767,11.09301664896663,11.285560834453516,0.0,False,,,,,,,
Single-Intention Baseline,1,1,0,768,11.117163936906543,11.266134288735744,0.0,False,,,,,,,
Single-Intention Baseline,1,1,0,769,11.118184922242571,11.254376502561664,0.0,False,,,,,,,
Single-Intention Baseline,1,1,0,770,11.083230810163462,11.179488560692825,0.0,False,,,,,,,
Single-Intention Baseline,1,1,0,771,11.185955898004355,11.125538127331623,0.0,False,,,,,,,
Single-Intention Baseline,1,1,0,772,11.204728384999582,11.107045928582773,0.0,False,,,,,,,
Single-Intention Baseline,1,1,0,773,11.157819259052502,11.0947253532174,0.0,False,,,,,,,
Single-Intention Baseline,1,1,0,774,11.135247553317155,11.067610045815217,0.0,False,,,,,,,
Single-Intention Baseline,1,1,0,775,11.162248880767615,11.054613183606117,0.0,False,,,,,,,
Single-Intention Baseline,1,1,0,776,11.206606115543613,11.019109875846995,0.0,False,,,,,,,
Single-Intention Baseline,1,1,0,777,11.25237917443456,10.944465630862496,0.0,False,,,,,,,
Single-Intention Baseline,1,1,0,778,11.225871307335568,10.94225493600827,0.0,False,,,,,,,
Single-Intention Baseline,1,1,0,779,11.167813021241512,10.919031912637022,0.0,False,,,,,,,
Single-Intention Baseline,1,1,0,780,11.071412479726154,10.88234167600518,0.0,False,,,,,,,
Single-Intention Baseline,1,1,0,781,11.055367197785545,10.870498528492265,0.0,False,,,,,,,
Single-Intention Baseline,1,1,0,782,11.14921561857596,10.874469595060328,0.0,False,,,,,,,
Single-Intention Baseline,1,1,0,783,11.257504484709278,10.864932166520308,0.0,False,,,,,,,
Single-Intention Baseline,1,1,0,784,11.341283995333695,10.858451740407483,0.0,False,,,,,,,
Single-Intention Baseline,1,1,0,785,11.424038596148227,10.85205862660799,0.0,False,,,,,,,
Single-Intention Baseline,1,1,0,786,11.498133057600462,10.842560081263324,0.0,False,,,,,,,
Single-Intention Baseline,1,1,0,787,11.458872946612535,10.7861348680479,0.0,False,,,,,,,
Single-Intention Baseline,1,1,0,788,11.372029567448209,10.705663786069127,0.0,False,,,,,,,
Single-Intention Baseline,1,1,0,789,11.216943199466003,10.666142154814516,0.0,False,,,,,,,
Single-Intention Baseline,1,1,0,790,11.054264461743404,10.676730306201993,0.0,False,,,,,,,
Single-Intention Baseline,1,1,0,791,11.080862377722529,10.68680228035744,0.0,False,,,,,,,
Single-Intention Baseline,1,1,0,792,11.13585472905329,10.679499010724347,0.0,False,,,,,,,
Single-Intention Baseline,1,1,0,793,11.207251084037065,10.638865645025543,0.0,False,,,,,,,
Single-Intention Baseline,1,1,0,794,11.212786265405462,10.62318251740721,0.0,False,,,,,,,
Single-Intention Baseline,1,1,0,795,11.15798038862012,10.565426728980947,0.0,False,,,,,,,
Single-Intention Baseline,1,1,0,796,11.081025519571542,10.498830808789403,0.0,False,,,,,,,
Single-Intention Baseline,1,1,0,797,11.030915737326447,10.519346066392396,0.0,False,,,,,,,
Single-Intention Baseline,1,1,0,798,11.056803307484298,10.543554322500604,0.0,False,,,,,,,
Single-Intention Baseline,1,1,0,799,11.118042778866483,10.534929559415088,0.0,False,,,,,,,
Single-Intention Baseline,1,1,0,800,11.19576777452629,10.511962850137088,0.0,False,,,,,,,
Single-Intention Baseline,1,1,0,801,11.233949488007962,10.537768778896636,0.0,False,,,,,,,
Single-Intention Baseline,1,1,0,802,11.204471433131948,10.554946394095635,0.0,False,,,,,,,
Single-Intention Baseline,1,1,0,803,11.096230490439751,10.504108514393844,0.0,False,,,,,,,
Single-Intention Baseline,1,1,0,804,11.09404172065113,10.448232239352665,0.0,False,,,,,,,
Single-Intention Baseline,1,1,0,805,11.120758712715151,10.377242608005435,0.0,False,,,,,,,
Single-Intention Baseline,1,1,0,806,11.165180356680676,10.301025162681622,0.0,False,,,,,,,
Single-Intention Baseline,1,1,0,807,11.212388688072112,10.230937687485897,0.0,False,,,,,,,
Single-Intention Baseline,1,1,0,808,11.2642625131635,10.234339700882323,0.0,False,,,,,,,
Single-Intention Baseline,1,1,0,809,11.284690217210043,10.24812655983287,0.0,False,,,,,,,
Single-Intention Baseline,1,1,0,810,11.284219902792572,10.294970612147996,0.0,False,,,,,,,
Single-Intention Baseline,1,1,0,811,11.269908556107756,10.336714705275936,0.0,False,,,,,,,
Single-Intention Baseline,1,1,0,812,11.23733803993212,10.361770721735102,0.0,False,,,,,,,
Single-Intention Baseline,1,1,0,813,11.166054104834195,10.363227161677155,0.0,False,,,,,,,
Single-Intention Baseline,1,1,0,814,11.12731278463206,10.31786782447882,0.0,False,,,,,,,
Single-Intention Baseline,1,1,0,815,11.15713245755785,10.310710349408938,0.0,False,,,,,,,
Single-Intention Baseline,1,1,0,816,11.181042726456251,10.325747035177024,0.0,False,,,,,,,
Single-Intention Baseline,1,1,0,817,11.233428854393544,10.437947894992456,0.0,False,,,,,,,
Single-Intention Baseline,1,1,0,818,11.344293129377348,10.560952693616477,0.0,False,,,,,,,
Single-Intention Baseline,1,1,0,819,11.529853248856124,10.699606438884404,0.0,False,,,,,,,
Single-Intention Baseline,1,1,0,820,11.640379484442912,10.795047233967802,0.0,False,,,,,,,
Single-Intention Baseline,1,1,0,821,11.708780195845597,10.860802961701914,0.0,False,,,,,,,
Single-Intention Baseline,1,1,0,822,11.777977680411295,10.912340320039684,0.0,False,,,,,,,
Single-Intention Baseline,1,1,0,823,11.868603215376009,10.977481375164457,0.0,False,,,,,,,
Single-Intention Baseline,1,1,0,824,11.96822785552296,11.091392391815669,0.0,False,,,,,,,
Single-Intention Baseline,1,1,0,825,12.10942780154928,11.217536101480848,0.0,False,,,,,,,
Single-Intention Baseline,1,1,0,826,12.300459360265808,11.336077175569423,0.0,False,,,,,,,
Single-Intention Baseline,1,1,0,827,12.49349246877737,11.428905723802592,0.0,False,,,,,,,
Single-Intention Baseline,1,1,0,828,12.682386851762612,11.498290534655878,0.0,False,,,,,,,
Single-Intention Baseline,1,1,0,829,12.85911570129975,11.512907004999292,0.0,False,,,,,,,
Single-Intention Baseline,1,1,0,830,13.015160067097286,11.45831480056932,0.0,False,,,,,,,
Single-Intention Baseline,1,1,0,831,13.151392538452631,11.41266771943848,0.0,False,,,,,,,
Single-Intention Baseline,1,1,0,832,13.300053523245609,11.383931993879338,0.0,False,,,,,,,
Single-Intention Baseline,1,1,0,833,13.44445335249992,11.398419189771849,0.0,False,,,,,,,
Single-Intention Baseline,1,1,0,834,13.633320858880998,11.478546742968476,0.0,False,,,,,,,
Single-Intention Baseline,1,1,0,835,13.831989279323304,11.555153510876622,0.0,False,,,,,,,
Single-Intention Baseline,1,1,0,836,14.016132322252869,11.622673976451566,0.0,False,,,,,,,
Single-Intention Baseline,1,1,0,837,14.123782604057524,11.677892042354808,0.0,False,,,,,,,
Single-Intention Baseline,1,1,0,838,14.185157842877649,11.70955843012111,0.0,False,,,,,,,
Single-Intention Baseline,1,1,0,839,14.271333849222486,11.751236007776424,0.0,False,,,,,,,
Single-Intention Baseline,1,1,0,840,14.367824966286262,11.825494793035952,0.0,False,,,,,,,
Single-Intention Baseline,1,1,0,841,14.4941202883885,11.980173036620869,0.0,False,,,,,,,
Single-Intention Baseline,1,1,0,842,14.668461945285095,12.12484060770056,0.0,False,,,,,,,
Single-Intention Baseline,1,1,0,843,14.84466663376801,12.241890303622837,0.0,False,,,,,,,
Single-Intention Baseline,1,1,0,844,15.012311217660642,12.344228260304767,0.0,False,,,,,,,
Single-Intention Baseline,1,1,0,845,15.187081586024815,12.405279392911591,0.0,False,,,,,,,
Single-Intention Baseline,1,1,0,846,15.40551020914025,12.3364944830373,0.0,False,,,,,,,
Single-Intention Baseline,1,1,0,847,15.591604497995991,12.2735939824694,0.0,False,,,,,,,
Single-Intention Baseline,1,1,0,848,15.75918953196819,12.228810550608532,0.0,False,,,,,,,
Single-Intention Baseline,1,1,0,849,15.907198859922058,12.22188246853182,0.0,False,,,,,,,
Single-Intention Baseline,1,1,0,850,16.079648719868604,12.25831651900989,0.0,False,,,,,,,
Single-Intention Baseline,1,1,0,851,16.31794530652264,12.366705737024713,0.0,False,,,,,,,
Single-Intention Baseline,1,1,0,852,16.53552015213348,12.457906309565002,0.0,False,,,,,,,
Single-Intention Baseline,1,1,0,853,16.74732489794275,12.518072408950824,0.0,False,,,,,,,
Single-Intention Baseline,1,1,0,854,16.925392692355434,12.460236270356912,0.0,False,,,,,,,
Single-Intention Baseline,1,1,0,855,17.10228300167256,12.329953495424654,0.0,False,,,,,,,
Single-Intention Baseline,1,1,0,856,17.288236288442036,12.223370067625826,0.0,False,,,,,,,
Single-Intention Baseline,1,1,0,857,17.488291784547194,12.143468244270002,0.0,False,,,,,,,
Single-Intention Baseline,1,1,0,858,17.67176738611075,12.206952232555,0.0,False,,,,,,,
Single-Intention Baseline,1,1,0,859,17.920119535316775,12.272997679359989,0.0,False,,,,,,,
Single-Intention Baseline,1,1,0,860,18.17190942041711,12.319364944263924,0.0,False,,,,,,,
Single-Intention Baseline,1,1,0,861,18.414050924802595,12.352533156165698,0.0,False,,,,,,,
Single-Intention Baseline,1,1,0,862,18.62656606123703,12.345119518906175,0.0,False,,,,,,,
Single-Intention Baseline,1,1,0,863,18.784169655302833,12.260009658369242,0.0,False,,,,,,,
Single-Intention Baseline,1,1,0,864,18.92129516681202,12.174664828699642,0.0,False,,,,,,,
Single-Intention Baseline,1,1,0,865,19.067733273146928,12.101881982100137,0.0,False,,,,,,,
Single-Intention Baseline,1,1,0,866,19.2044958905261,12.074760960551584,0.0,False,,,,,,,
Single-Intention Baseline,1,1,0,867,19.39578743245503,12.12091909273313,0.0,False,,,,,,,
Single-Intention Baseline,1,1,0,868,19.64675750901217,12.207757463393255,0.0,False,,,,,,,
Single-Intention Baseline,1,1,0,869,19.87812888089899,12.277509122614536,0.0,False,,,,,,,
Single-Intention Baseline,1,1,0,870,20.071159451849265,12.349952790928112,0.0,False,,,,,,,
Single-Intention Baseline,1,1,0,871,20.137388360046536,12.444237926866029,0.0,False,,,,,,,
Single-Intention Baseline,1,1,0,872,20.11660755050923,12.577602492414696,0.0,False,,,,,,,
Single-Intention Baseline,1,1,0,873,20.11693488207162,12.7127126059506,0.0,False,,,,,,,
Single-Intention Baseline,1,1,0,874,20.122660061823343,12.849256396577722,0.0,False,,,,,,,
Single-Intention Baseline,1,1,0,875,20.173019435004537,13.068125349968176,0.0,False,,,,,,,
Single-Intention Baseline,1,1,0,876,20.182831788854365,13.304806193391132,0.0,False,,,,,,,
Single-Intention Baseline,1,1,0,877,20.182264908511723,13.51348050057304,0.0,False,,,,,,,
Single-Intention Baseline,1,1,0,878,20.13701314446589,13.6833340638626,0.0,False,,,,,,,
Single-Intention Baseline,1,1,0,879,20.0280506931976,13.792348454273212,0.0,False,,,,,,,
Single-Intention Baseline,1,1,0,880,19.901227440085215,13.880334709516434,0.0,False,,,,,,,
Single-Intention Baseline,1,1,0,881,19.805214759881697,13.99995662994199,0.0,False,,,,,,,
Single-Intention Baseline,1,1,0,882,19.721685927722955,14.105088590382849,0.0,False,,,,,,,
Single-Intention Baseline,1,1,0,883,19.70241309318239,14.204036258811904,0.0,False,,,,,,,
Single-Intention Baseline,1,1,0,884,19.77358728194365,14.357025438239042,0.0,False,,,,,,,
Single-Intention Baseline,1,1,0,885,19.81639315672768,14.512123497455086,0.0,False,,,,,,,
Single-Intention Baseline,1,1,0,886,19.838272763264104,14.664130402200374,0.0,False,,,,,,,
Single-Intention Baseline,1,1,0,887,19.833275070351775,14.826305861138795,0.0,False,,,,,,,
Single-Intention Baseline,1,1,0,888,19.784878996603897,14.985483827396646,0.0,False,,,,,,,
Single-Intention Baseline,1,1,0,889,19.689621551300053,15.172293209910972,0.0,False,,,,,,,
Single-Intention Baseline,1,1,0,890,19.6306313251421,15.304908812119647,0.0,False,,,,,,,
Single-Intention Baseline,1,1,0,891,19.674501198831,15.406642057533066,0.0,False,,,,,,,
Single-Intention Baseline,1,1,0,892,19.764102337234217,15.527560090580003,0.0,False,,,,,,,
Single-Intention Baseline,1,1,0,893,19.85955908384287,15.7026907733017,0.0,False,,,,,,,
Single-Intention Baseline,1,1,0,894,19.90598014836908,15.860552103893882,0.0,False,,,,,,,
Single-Intention Baseline,1,1,0,895,19.927420095874098,16.009261339749504,0.0,False,,,,,,,
Single-Intention Baseline,1,1,0,896,19.870822451119412,16.150430956396864,0.0,False,,,,,,,
Single-Intention Baseline,1,1,0,897,19.73356168071942,16.290064606221414,0.0,False,,,,,,,
Single-Intention Baseline,1,1,0,898,19.65000675059001,16.428899179656135,0.0,False,,,,,,,
Single-Intention Baseline,1,1,0,899,19.595762696324037,16.569210215985713,0.0,False,,,,,,,
Single-Intention Baseline,1,1,0,900,19.570211704398343,16.712108491187728,0.0,False,,,,,,,
Single-Intention Baseline,1,1,0,901,19.625692302728012,16.93384711672643,0.0,False,,,,,,,
Single-Intention Baseline,1,1,0,902,19.652005952549494,17.172528695592398,0.0,False,,,,,,,
Single-Intention Baseline,1,1,0,903,19.645695814855767,17.383575933719204,0.0,False,,,,,,,
Single-Intention Baseline,1,1,0,904,19.527095071539772,17.529199143690402,0.0,False,,,,,,,
Single-Intention Baseline,1,1,0,905,19.428189116338547,17.690938358928364,0.0,False,,,,,,,
Single-Intention Baseline,1,1,0,906,19.36615429327516,17.866900041863857,0.0,False,,,,,,,
Single-Intention Baseline,1,1,0,907,19.34372854073856,18.035198529599196,0.0,False,,,,,,,
Single-Intention Baseline,1,1,0,908,19.4158260934702,18.21539507925892,0.0,False,,,,,,,
Single-Intention Baseline,1,1,0,909,19.53604741515269,18.420469373444543,0.0,False,,,,,,,
Single-Intention Baseline,1,1,0,910,19.622036730793912,18.592635222377613,0.0,False,,,,,,,
Single-Intention Baseline,1,1,0,911,19.608787567585257,18.68323525633185,0.0,False,,,,,,,
Single-Intention Baseline,1,1,0,912,19.537814280272453,18.772008880189784,0.0,False,,,,,,,
Single-Intention Baseline,1,1,0,913,19.443831506865564,18.880346186643298,0.0,False,,,,,,,
Single-Intention Baseline,1,1,0,914,19.36931693450123,18.971884551512247,0.0,False,,,,,,,
Single-Intention Baseline,1,1,0,915,19.30474878383165,19.04956491656267,0.0,False,,,,,,,
Single-Intention Baseline,1,1,0,916,19.266573923203055,19.114727999636063,0.0,False,,,,,,,
Single-Intention Baseline,1,1,0,917,19.241410804457875,19.200135693686548,0.0,False,,,,,,,
Single-Intention Baseline,1,1,0,918,19.18148242887883,19.307332098614435,0.0,False,,,,,,,
Single-Intention Baseline,1,1,0,919,19.113475925630997,19.37932228230867,0.0,False,,,,,,,
Single-Intention Baseline,1,1,0,920,19.00684593042486,19.34467993302354,0.0,False,,,,,,,
Single-Intention Baseline,1,1,0,921,18.87600000888402,19.28932063776624,0.0,False,,,,,,,
Single-Intention Baseline,1,1,0,922,18.673260511340136,19.22793487279067,0.0,False,,,,,,,
Single-Intention Baseline,1,1,0,923,18.47395334018492,19.16050971396823,0.0,False,,,,,,,
Single-Intention Baseline,1,1,0,924,18.362027113739153,19.09857580986104,0.0,False,,,,,,,
Single-Intention Baseline,1,1,0,925,18.320634922788727,19.017710303223435,0.0,False,,,,,,,
Single-Intention Baseline,1,1,0,926,18.329122418058112,18.91675348828772,0.0,False,,,,,,,
Single-Intention Baseline,1,1,0,927,18.340148482374097,18.798917795484677,0.0,False,,,,,,,
Single-Intention Baseline,1,1,0,928,18.486913926749025,18.757966561171084,0.0,False,,,,,,,
Single-Intention Baseline,1,1,0,929,18.66350033462304,18.801553285369163,0.0,False,,,,,,,
Single-Intention Baseline,1,1,0,930,18.79776243832328,18.858500709951077,0.0,False,,,,,,,
Single-Intention Baseline,1,1,0,931,18.771818390064944,18.98654743398236,0.0,False,,,,,,,
Single-Intention Baseline,1,1,0,932,18.734820019013487,19.1356757467402,0.0,False,,,,,,,
Single-Intention Baseline,1,1,0,933,18.746594972498983,19.294366091379445,0.0,False,,,,,,,
Single-Intention Baseline,1,1,0,934,18.881863599453332,19.50611720921866,0.0,False,,,,,,,
Single-Intention Baseline,1,1,0,935,19.027443370790177,19.66574910304478,0.0,False,,,,,,,
Single-Intention Baseline,1,1,0,936,19.17058889589055,19.77311129440704,0.0,False,,,,,,,
Single-Intention Baseline,1,1,0,937,19.31025947127549,19.84198962958146,0.0,False,,,,,,,
Single-Intention Baseline,1,1,0,938,19.375706024388656,19.86420704693096,0.0,False,,,,,,,
Single-Intention Baseline,1,1,0,939,19.38221388203701,19.786964037348746,0.0,False,,,,,,,
Single-Intention Baseline,1,1,0,940,19.394597499944133,19.722627580280996,0.0,False,,,,,,,
Single-Intention Baseline,1,1,0,941,19.438480994125747,19.676773739438833,0.0,False,,,,,,,
Single-Intention Baseline,1,1,0,942,19.498926644659537,19.644405465154748,0.0,False,,,,,,,
Single-Intention Baseline,1,1,0,943,19.635529455211532,19.64350635187001,0.0,False,,,,,,,
Single-Intention Baseline,1,1,0,944,19.806711124819277,19.650591759883596,1.0,True,,,,,,,
Dijkstra Teacher,1,1,0,0,0.886654889705156,-0.1602001672180948,0.0,False,,,,,,,
Dijkstra Teacher,1,1,0,1,0.8969157128787715,-0.1692100476468955,0.0,False,,,,,,,
Dijkstra Teacher,1,1,0,2,0.8975251799380235,-0.1905473661716285,0.0,False,,,,,,,
Dijkstra Teacher,1,1,0,3,0.8154133662461325,-0.2430448192054325,0.0,False,,,,,,,
Dijkstra Teacher,1,1,0,4,0.7621911235774997,-0.269729611799387,0.0,False,,,,,,,
Dijkstra Teacher,1,1,0,5,0.7334441673536434,-0.2117631472898488,0.0,False,,,,,,,
Dijkstra Teacher,1,1,0,6,0.7178527937366773,-0.1092092697868326,0.0,False,,,,,,,
Dijkstra Teacher,1,1,0,7,0.7129131786901307,-0.0188694543756007,0.0,False,,,,,,,
Dijkstra Teacher,1,1,0,8,0.7033180695083393,0.0838197157171593,0.0,False,,,,,,,
Dijkstra Teacher,1,1,0,9,0.6822101028928432,0.1644547603348866,0.0,False,,,,,,,
Dijkstra Teacher,1,1,0,10,0.5809482517513017,0.1443864338961869,0.0,False,,,,,,,
Dijkstra Teacher,1,1,0,11,0.462389890537505,0.153820671528303,0.0,False,,,,,,,
Dijkstra Teacher,1,1,0,12,0.3659758154012169,0.1833100382176462,0.0,False,,,,,,,
Dijkstra Teacher,1,1,0,13,0.3254273942852138,0.3002815821132206,0.0,False,,,,,,,
Dijkstra Teacher,1,1,0,14,0.2997867298938018,0.4577774612135437,0.0,False,,,,,,,
Dijkstra Teacher,1,1,0,15,0.2861125246850466,0.6003176451167065,0.0,False,,,,,,,
Dijkstra Teacher,1,1,0,16,0.2637357957626268,0.735262348376942,0.0,False,,,,,,,
Dijkstra Teacher,1,1,0,17,0.1687665194978604,0.8415947524677329,0.0,False,,,,,,,
Dijkstra Teacher,1,1,0,18,-0.0050474103632654,0.9343442964337214,0.0,False,,,,,,,
Dijkstra Teacher,1,1,0,19,-0.1459615952127427,1.0290264792302208,0.0,False,,,,,,,
Dijkstra Teacher,1,1,0,20,-0.2636839030354903,1.1287598765660292,0.0,False,,,,,,,
Dijkstra Teacher,1,1,0,21,-0.3271070859062753,1.213166898871056,0.0,False,,,,,,,
Dijkstra Teacher,1,1,0,22,-0.2885097493733943,1.1908369940554526,0.0,False,,,,,,,
Dijkstra Teacher,1,1,0,23,-0.2572528788263389,1.1723355243047855,0.0,False,,,,,,,
Dijkstra Teacher,1,1,0,24,-0.224386462035839,1.123932355623533,0.0,False,,,,,,,
Dijkstra Teacher,1,1,0,25,-0.2048923383118653,1.0555623123401316,0.0,False,,,,,,,
Dijkstra Teacher,1,1,0,26,-0.2388183039371561,0.925701167335554,0.0,False,,,,,,,
Dijkstra Teacher,1,1,0,27,-0.2693301272859325,0.7510619191302943,0.0,False,,,,,,,
Dijkstra Teacher,1,1,0,28,-0.2751695984451723,0.6265349098049788,0.0,False,,,,,,,
Dijkstra Teacher,1,1,0,29,-0.2221924504747064,0.5669246491741264,0.0,False,,,,,,,
Dijkstra Teacher,1,1,0,30,-0.1661563248397245,0.5308064703106541,0.0,False,,,,,,,
Dijkstra Teacher,1,1,0,31,-0.0949080847936655,0.5140556286899561,0.0,False,,,,,,,
Dijkstra Teacher,1,1,0,32,-0.0471832870723914,0.49207504451237,0.0,False,,,,,,,
Dijkstra Teacher,1,1,0,33,-0.0264059957841865,0.5216686444035221,0.0,False,,,,,,,
Dijkstra Teacher,1,1,0,34,0.013939064672383,0.5964295227669598,0.0,False,,,,,,,
Dijkstra Teacher,1,1,0,35,0.0874561771100995,0.702018703596057,0.0,False,,,,,,,
Dijkstra Teacher,1,1,0,36,0.1853939209751533,0.8199500840198418,0.0,False,,,,,,,
Dijkstra Teacher,1,1,0,37,0.2690072167028152,0.9271848379485792,0.0,False,,,,,,,
Dijkstra Teacher,1,1,0,38,0.2220556171091223,0.9345575791496564,0.0,False,,,,,,,
Dijkstra Teacher,1,1,0,39,0.1126517379037088,0.9260996763992588,0.0,False,,,,,,,
Dijkstra Teacher,1,1,0,40,-0.0255404325540709,0.9275188982198166,0.0,False,,,,,,,
Dijkstra Teacher,1,1,0,41,-0.1351370633902102,0.9284961536539574,0.0,False,,,,,,,
Dijkstra Teacher,1,1,0,42,-0.2259533033422422,0.9360330812127204,0.0,False,,,,,,,
Dijkstra Teacher,1,1,0,43,-0.2291006929786262,0.9429513097594258,0.0,False,,,,,,,
Dijkstra Teacher,1,1,0,44,-0.1690356740990137,0.9263317966083042,0.0,False,,,,,,,
Dijkstra Teacher,1,1,0,45,-0.1426708271245859,0.9015234390572364,0.0,False,,,,,,,
Dijkstra Teacher,1,1,0,46,-0.1308840993112126,0.9418216504335212,0.0,False,,,,,,,
Dijkstra Teacher,1,1,0,47,-0.1272644121457486,0.9597774723693034,0.0,False,,,,,,,
Dijkstra Teacher,1,1,0,48,-0.1166692875202072,0.9788557973755032,0.0,False,,,,,,,
Dijkstra Teacher,1,1,0,49,-0.0713942236140244,0.9767719277785304,0.0,False,,,,,,,
Dijkstra Teacher,1,1,0,50,0.0193338486139432,0.967751650491198,0.0,False,,,,,,,
Dijkstra Teacher,1,1,0,51,0.1929204078024605,0.972915708230682,0.0,False,,,,,,,
Dijkstra Teacher,1,1,0,52,0.3588674539581765,0.952457516614768,0.0,False,,,,,,,
Dijkstra Teacher,1,1,0,53,0.5054558268481143,0.90349666073016,0.0,False,,,,,,,
Dijkstra Teacher,1,1,0,54,0.6109578105885329,0.823153825920702,0.0,False,,,,,,,
Dijkstra Teacher,1,1,0,55,0.5724032136955608,0.651674288580738,0.0,False,,,,,,,
Dijkstra Teacher,1,1,0,56,0.549866568637909,0.4826572856739434,0.0,False,,,,,,,
Dijkstra Teacher,1,1,0,57,0.5376253131746276,0.3304185426680424,0.0,False,,,,,,,
Dijkstra Teacher,1,1,0,58,0.5582381190492781,0.2072043058779787,0.0,False,,,,,,,
Dijkstra Teacher,1,1,0,59,0.6082384089731173,0.0973646816529263,0.0,False,,,,,,,
Dijkstra Teacher,1,1,0,60,0.6706757406603363,-0.023956218309868,0.0,False,,,,,,,
Dijkstra Teacher,1,1,0,61,0.7312595702263346,-0.1325879278390498,0.0,False,,,,,,,
Dijkstra Teacher,1,1,0,62,0.7361804886271237,-0.2070802105086123,0.0,False,,,,,,,
Dijkstra Teacher,1,1,0,63,0.6623956516932231,-0.261617830893467,0.0,False,,,,,,,
Dijkstra Teacher,1,1,0,64,0.5354727100924458,-0.2767668074718476,0.0,False,,,,,,,
Dijkstra Teacher,1,1,0,65,0.3503902758439374,-0.2410066162429888,0.0,False,,,,,,,
Dijkstra Teacher,1,1,0,66,0.1894771190052162,-0.2121974884924655,0.0,False,,,,,,,
Dijkstra Teacher,1,1,0,67,0.037625890186803,-0.188210658367027,0.0,False,,,,,,,
Dijkstra Teacher,1,1,0,68,-0.0723282351876614,-0.1728664187926878,0.0,False,,,,,,,
Dijkstra Teacher,1,1,0,69,-0.132902316447671,-0.126122042385566,0.0,False,,,,,,,
Dijkstra Teacher,1,1,0,70,-0.2172637966366717,-0.05736475617306,0.0,False,,,,,,,
Dijkstra Teacher,1,1,0,71,-0.2456368486115294,-0.0092598232876668,0.0,False,,,,,,,
Dijkstra Teacher,1,1,0,72,-0.3200742462707528,-0.0266254711228185,0.0,False,,,,,,,
Dijkstra Teacher,1,1,0,73,-0.3565712244389105,-0.0763346370555339,0.0,False,,,,,,,
Dijkstra Teacher,1,1,0,74,-0.3486011053727228,-0.119490494431382,0.0,False,,,,,,,
Dijkstra Teacher,1,1,0,75,-0.2894069747864893,-0.1474215391405824,0.0,False,,,,,,,
Dijkstra Teacher,1,1,0,76,-0.0982235282085833,-0.0749313911588693,0.0,False,,,,,,,
Dijkstra Teacher,1,1,0,77,0.0695825451120039,0.0022712971934489,0.0,False,,,,,,,
Dijkstra Teacher,1,1,0,78,0.2295951367439334,0.0517535074120772,0.0,False,,,,,,,
Dijkstra Teacher,1,1,0,79,0.3499295904981762,0.0827332488551506,0.0,False,,,,,,,
Dijkstra Teacher,1,1,0,80,0.3300729738355943,0.1447352892571971,0.0,False,,,,,,,
Dijkstra Teacher,1,1,0,81,0.3068515461201134,0.2163325819946187,0.0,False,,,,,,,
Dijkstra Teacher,1,1,0,82,0.3030431832396082,0.2980792404625413,0.0,False,,,,,,,
Dijkstra Teacher,1,1,0,83,0.2987776779051326,0.4025442827143069,0.0,False,,,,,,,
Dijkstra Teacher,1,1,0,84,0.3055586934727451,0.4600909275266032,0.0,False,,,,,,,
Dijkstra Teacher,1,1,0,85,0.3114551582317119,0.52587253455661,0.0,False,,,,,,,
Dijkstra Teacher,1,1,0,86,0.2939243716759949,0.578145315940605,0.0,False,,,,,,,
Dijkstra Teacher,1,1,0,87,0.2610069388010751,0.568827073581224,0.0,False,,,,,,,
Dijkstra Teacher,1,1,0,88,0.2111440881873,0.51715532017465,0.0,False,,,,,,,
Dijkstra Teacher,1,1,0,89,0.1450038472545901,0.438972886615308,0.0,False,,,,,,,
Dijkstra Teacher,1,1,0,90,0.0506930194746536,0.3125836147783323,0.0,False,,,,,,,
Dijkstra Teacher,1,1,0,91,-0.009956193501887,0.146207168683196,0.0,False,,,,,,,
Dijkstra Teacher,1,1,0,92,0.0058186592085804,-0.0608700305657521,0.0,False,,,,,,,
Dijkstra Teacher,1,1,0,93,-0.0183385518337087,-0.2240655180629233,0.0,False,,,,,,,
Dijkstra Teacher,1,1,0,94,-0.0525078744455745,-0.3681017953458396,0.0,False,,,,,,,
Dijkstra Teacher,1,1,0,95,-0.0856499255701395,-0.4691329704901909,0.0,False,,,,,,,
Dijkstra Teacher,1,1,0,96,-0.0516819366047809,-0.4480073338954989,0.0,False,,,,,,,
Dijkstra Teacher,1,1,0,97,0.0435477582203197,-0.3792736436862035,0.0,False,,,,,,,
Dijkstra Teacher,1,1,0,98,0.1300287346066996,-0.3282066426697496,0.0,False,,,,,,,
Dijkstra Teacher,1,1,0,99,0.2002188038789657,-0.288835889696325,0.0,False,,,,,,,
Dijkstra Teacher,1,1,0,100,0.2380771569198612,-0.2899678292911373,0.0,False,,,,,,,
Dijkstra Teacher,1,1,0,101,0.1828831648360146,-0.2874523500326417,0.0,False,,,,,,,
Dijkstra Teacher,1,1,0,102,0.0955889707452598,-0.2752734261937408,0.0,False,,,,,,,
Dijkstra Teacher,1,1,0,103,0.0306308780045656,-0.2393781224028811,0.0,False,,,,,,,
Dijkstra Teacher,1,1,0,104,-0.0322784407741317,-0.1655702894153197,0.0,False,,,,,,,
Dijkstra Teacher,1,1,0,105,-0.1108022798934752,0.056914794600317,0.0,False,,,,,,,
Dijkstra Teacher,1,1,0,106,-0.1701029634018224,0.2664189884492744,0.0,False,,,,,,,
Dijkstra Teacher,1,1,0,107,-0.1977296426504774,0.4388153923356346,0.0,False,,,,,,,
Dijkstra Teacher,1,1,0,108,-0.2232392243108922,0.5384817372705535,0.0,False,,,,,,,
Dijkstra Teacher,1,1,0,109,-0.2360061396067624,0.5131392428107181,0.0,False,,,,,,,
Dijkstra Teacher,1,1,0,110,-0.2733003212978631,0.3899590537367314,0.0,False,,,,,,,
Dijkstra Teacher,1,1,0,111,-0.3059064544499738,0.2591682118490176,0.0,False,,,,,,,
Dijkstra Teacher,1,1,0,112,-0.3124429092304148,0.1469150943003078,0.0,False,,,,,,,
Dijkstra Teacher,1,1,0,113,-0.3130946600399932,0.0438199218985974,0.0,False,,,,,,,
Dijkstra Teacher,1,1,0,114,-0.3023785455141311,0.0186648888256787,0.0,False,,,,,,,
Dijkstra Teacher,1,1,0,115,-0.277552095860268,0.0304309661192985,0.0,False,,,,,,,
Dijkstra Teacher,1,1,0,116,-0.2170102846749333,0.0697036991202109,0.0,False,,,,,,,
Dijkstra Teacher,1,1,0,117,-0.1318379161823951,0.0827094482643272,0.0,False,,,,,,,
Dijkstra Teacher,1,1,0,118,-0.0493177671454532,0.0678918366936118,0.0,False,,,,,,,
Dijkstra Teacher,1,1,0,119,-0.0216642578030388,0.0935268651312281,0.0,False,,,,,,,
Dijkstra Teacher,1,1,0,120,0.0137798693903421,0.0831702204160153,0.0,False,,,,,,,
Dijkstra Teacher,1,1,0,121,0.0529284000803692,0.0752700791164466,0.0,False,,,,,,,
Dijkstra Teacher,1,1,0,122,0.1138216864715978,0.088517088122711,0.0,False,,,,,,,
Dijkstra Teacher,1,1,0,123,0.1674682398327096,0.0890268254029132,0.0,False,,,,,,,
Dijkstra Teacher,1,1,0,124,0.1631452944264068,0.0937208421515339,0.0,False,,,,,,,
Dijkstra Teacher,1,1,0,125,0.1447024716344262,0.0671603775856789,0.0,False,,,,,,,
Dijkstra Teacher,1,1,0,126,0.1333265193028248,0.0290651650135649,0.0,False,,,,,,,
Dijkstra Teacher,1,1,0,127,0.1307421544478984,-0.0135701826865378,0.0,False,,,,,,,
Dijkstra Teacher,1,1,0,128,0.1006024978295545,-0.0142424866202622,0.0,False,,,,,,,
Dijkstra Teacher,1,1,0,129,0.0825682693595967,0.0087436447209706,0.0,False,,,,,,,
Dijkstra Teacher,1,1,0,130,0.0229170340637005,-0.0007531945637429,0.0,False,,,,,,,
Dijkstra Teacher,1,1,0,131,-0.0734183127474765,-0.0783086266273428,0.0,False,,,,,,,
Dijkstra Teacher,1,1,0,132,-0.1777767793304623,-0.1837809575884936,0.0,False,,,,,,,
Dijkstra Teacher,1,1,0,133,-0.317211901996114,-0.2761826242999001,0.0,False,,,,,,,
Dijkstra Teacher,1,1,0,134,-0.5421511038625917,-0.2830318180511081,0.0,False,,,,,,,
Dijkstra Teacher,1,1,0,135,-0.7356721531463295,-0.2750771670802426,0.0,False,,,,,,,
Dijkstra Teacher,1,1,0,136,-0.80022514879439,-0.278150547749191,0.0,False,,,,,,,
Dijkstra Teacher,1,1,0,137,-0.7860475441852544,-0.2253856271902777,0.0,False,,,,,,,
Dijkstra Teacher,1,1,0,138,-0.7345596014629856,-0.1444838521629631,0.0,False,,,,,,,
Dijkstra Teacher,1,1,0,139,-0.6803619323790571,-0.0507825542051832,0.0,False,,,,,,,
Dijkstra Teacher,1,1,0,140,-0.6314418035666284,0.020863367850261,0.0,False,,,,,,,
Dijkstra Teacher,1,1,0,141,-0.578152098730243,0.0393148551506435,0.0,False,,,,,,,
Dijkstra Teacher,1,1,0,142,-0.5334558681989745,-0.0234230535699953,0.0,False,,,,,,,
Dijkstra Teacher,1,1,0,143,-0.5052570699365961,-0.0898099230355746,0.0,False,,,,,,,
Dijkstra Teacher,1,1,0,144,-0.4501905462880165,-0.1412690385374286,0.0,False,,,,,,,
Dijkstra Teacher,1,1,0,145,-0.3843951708191913,-0.1523334329568009,0.0,False,,,,,,,
Dijkstra Teacher,1,1,0,146,-0.2978610195749835,-0.0602450543776598,0.0,False,,,,,,,
Dijkstra Teacher,1,1,0,147,-0.1589006500141239,0.0612858316207574,0.0,False,,,,,,,
Dijkstra Teacher,1,1,0,148,-0.0152151116809191,0.1811628904730282,0.0,False,,,,,,,
Dijkstra Teacher,1,1,0,149,0.1061280515865218,0.2826921090692745,0.0,False,,,,,,,
Dijkstra Teacher,1,1,0,150,0.1880275804138531,0.354658076619961,0.0,False,,,,,,,
Dijkstra Teacher,1,1,0,151,0.1267496914651668,0.4075408445007821,0.0,False,,,,,,,
Dijkstra Teacher,1,1,0,152,0.016396517141474,0.4692060333482579,0.0,False,,,,,,,
Dijkstra Teacher,1,1,0,153,-0.0619144568900697,0.5354404296154583,0.0,False,,,,,,,
Dijkstra Teacher,1,1,0,154,-0.1194912649286732,0.5865554615007328,0.0,False,,,,,,,
Dijkstra Teacher,1,1,0,155,-0.1101341229616241,0.6493238974160159,0.0,False,,,,,,,
Dijkstra Teacher,1,1,0,156,-0.0916711492117653,0.7108505771637781,0.0,False,,,,,,,
Dijkstra Teacher,1,1,0,157,-0.1034687261334677,0.727647728904575,0.0,False,,,,,,,
Dijkstra Teacher,1,1,0,158,-0.1107472069760477,0.6804420065885776,0.0,False,,,,,,,
Dijkstra Teacher,1,1,0,159,-0.1215176867826065,0.6116310521683189,0.0,False,,,,,,,
Dijkstra Teacher,1,1,0,160,-0.1180417489089706,0.5554825345535739,0.0,False,,,,,,,
Dijkstra Teacher,1,1,0,161,-0.0872332586216228,0.5185944379987981,0.0,False,,,,,,,
Dijkstra Teacher,1,1,0,162,0.0131686551001467,0.5426269383130755,0.0,False,,,,,,,
Dijkstra Teacher,1,1,0,163,0.1374681066713657,0.5784434261333241,0.0,False,,,,,,,
Dijkstra Teacher,1,1,0,164,0.2529802362667424,0.5710169453084628,0.0,False,,,,,,,
Dijkstra Teacher,1,1,0,165,0.352160766682565,0.5475210954855754,0.0,False,,,,,,,
Dijkstra Teacher,1,1,0,166,0.4444437966324425,0.5133749574646829,0.0,False,,,,,,,
Dijkstra Teacher,1,1,0,167,0.4531480357664415,0.4098096318603506,0.0,False,,,,,,,
Dijkstra Teacher,1,1,0,168,0.4565505130466353,0.3362846643273207,0.0,False,,,,,,,
Dijkstra Teacher,1,1,0,169,0.4196405659768688,0.3206647133881102,0.0,False,,,,,,,
Dijkstra Teacher,1,1,0,170,0.3610496547116486,0.3141918513196469,0.0,False,,,,,,,
Dijkstra Teacher,1,1,0,171,0.3523082627403635,0.2393714052916617,0.0,False,,,,,,,
Dijkstra Teacher,1,1,0,172,0.3636667378265259,0.1469278840633023,0.0,False,,,,,,,
Dijkstra Teacher,1,1,0,173,0.3379537015981481,0.068551502780693,0.0,False,,,,,,,
Dijkstra Teacher,1,1,0,174,0.2669048484676078,-0.0281388133946484,0.0,False,,,,,,,
Dijkstra Teacher,1,1,0,175,0.1912004562458911,-0.1215910769221057,0.0,False,,,,,,,
Dijkstra Teacher,1,1,0,176,0.1144843600577706,-0.1977816395653464,0.0,False,,,,,,,
Dijkstra Teacher,1,1,0,177,0.0517134382811159,-0.2693403754723884,0.0,False,,,,,,,
Dijkstra Teacher,1,1,0,178,0.1295700615955524,-0.3297726274139325,0.0,False,,,,,,,
Dijkstra Teacher,1,1,0,179,0.2572468497826147,-0.3892832567185373,0.0,False,,,,,,,
Dijkstra Teacher,1,1,0,180,0.3542378442305656,-0.4417353928016553,0.0,False,,,,,,,
Dijkstra Teacher,1,1,0,181,0.3958399861175777,-0.4417938506945538,0.0,False,,,,,,,
Dijkstra Teacher,1,1,0,182,0.401311250119419,-0.3831450176562291,0.0,False,,,,,,,
Dijkstra Teacher,1,1,0,183,0.4099443720037575,-0.3196832673423809,0.0,False,,,,,,,
Dijkstra Teacher,1,1,0,184,0.4427664920055351,-0.2461768330487211,0.0,False,,,,,,,
Dijkstra Teacher,1,1,0,185,0.5121421078833664,-0.1524208576002892,0.0,False,,,,,,,
Dijkstra Teacher,1,1,0,186,0.584257799065699,-0.0272436580630534,0.0,False,,,,,,,
Dijkstra Teacher,1,1,0,187,0.6509996040437618,0.1101498901344177,0.0,False,,,,,,,
Dijkstra Teacher,1,1,0,188,0.6575383616853308,0.2470919564910089,0.0,False,,,,,,,
Dijkstra Teacher,1,1,0,189,0.6152165336732496,0.4085834135685997,0.0,False,,,,,,,
Dijkstra Teacher,1,1,0,190,0.403323903989801,0.6031273000656804,0.0,False,,,,,,,
Dijkstra Teacher,1,1,0,191,0.2037192713756116,0.791141593655436,0.0,False,,,,,,,
Dijkstra Teacher,1,1,0,192,0.0799327436434374,0.9086407450096378,0.0,False,,,,,,,
Dijkstra Teacher,1,1,0,193,0.007630377858969,1.007583168712154,0.0,False,,,,,,,
Dijkstra Teacher,1,1,0,194,-0.0006666773174178,1.0637513718418994,0.0,False,,,,,,,
Dijkstra Teacher,1,1,0,195,-0.0151803183696809,1.0993265917357826,0.0,False,,,,,,,
Dijkstra Teacher,1,1,0,196,-0.0308546392056769,1.0991154129099243,0.0,False,,,,,,,
Dijkstra Teacher,1,1,0,197,-0.082117826210129,1.0242534885835808,0.0,False,,,,,,,
Dijkstra Teacher,1,1,0,198,-0.1687397190849913,0.9142477133107646,0.0,False,,,,,,,
Dijkstra Teacher,1,1,0,199,-0.2386405945034171,0.8078591127081972,0.0,False,,,,,,,
Dijkstra Teacher,1,1,0,200,-0.278535706611851,0.6842931469504991,0.0,False,,,,,,,
Dijkstra Teacher,1,1,0,201,-0.2820683523272292,0.5588926842798035,0.0,False,,,,,,,
Dijkstra Teacher,1,1,0,202,-0.2744883693792637,0.4297246911684826,0.0,False,,,,,,,
Dijkstra Teacher,1,1,0,203,-0.116318303927414,0.3931703001205228,0.0,False,,,,,,,
Dijkstra Teacher,1,1,0,204,0.0434179780786513,0.3669352686803687,0.0,False,,,,,,,
Dijkstra Teacher,1,1,0,205,0.1900558572047954,0.3365551246603676,0.0,False,,,,,,,
Dijkstra Teacher,1,1,0,206,0.3228091796076475,0.3129284927219888,0.0,False,,,,,,,
Dijkstra Teacher,1,1,0,207,0.4245723826467281,0.3173319602247263,0.0,False,,,,,,,
Dijkstra Teacher,1,1,0,208,0.4252876828511651,0.4392122583922254,0.0,False,,,,,,,
Dijkstra Teacher,1,1,0,209,0.3285351949357434,0.5485369113731218,0.0,False,,,,,,,
Dijkstra Teacher,1,1,0,210,0.2431649877919518,0.6603586079228868,0.0,False,,,,,,,
Dijkstra Teacher,1,1,0,211,0.1731724666864959,0.7879176070981921,0.0,False,,,,,,,
Dijkstra Teacher,1,1,0,212,0.1291673298219162,0.8854265916618069,0.0,False,,,,,,,
Dijkstra Teacher,1,1,0,213,0.0725557878773946,0.8683087035844514,0.0,False,,,,,,,
Dijkstra Teacher,1,1,0,214,-0.0419247630170743,0.769931361474078,0.0,False,,,,,,,
Dijkstra Teacher,1,1,0,215,-0.1855906340145811,0.6279880636222117,0.0,False,,,,,,,
Dijkstra Teacher,1,1,0,216,-0.2828067187218362,0.5164368171554466,0.0,False,,,,,,,
Dijkstra Teacher,1,1,0,217,-0.3459409479341623,0.4657479490668491,0.0,False,,,,,,,
Dijkstra Teacher,1,1,0,218,-0.3820258843787585,0.4614038461813474,0.0,False,,,,,,,
Dijkstra Teacher,1,1,0,219,-0.3526654851611713,0.4744355660169995,0.0,False,,,,,,,
Dijkstra Teacher,1,1,0,220,-0.2887290900714107,0.4642447506293358,0.0,False,,,,,,,
Dijkstra Teacher,1,1,0,221,-0.2314093216784323,0.4273105590120903,0.0,False,,,,,,,
Dijkstra Teacher,1,1,0,222,-0.1749071985645557,0.3557464168201101,0.0,False,,,,,,,
Dijkstra Teacher,1,1,0,223,-0.1449157107629021,0.2263627303366009,0.0,False,,,,,,,
Dijkstra Teacher,1,1,0,224,-0.131790479659243,0.0621458300178749,0.0,False,,,,,,,
Dijkstra Teacher,1,1,0,225,-0.1116437026681573,-0.0351081897380213,0.0,False,,,,,,,
Dijkstra Teacher,1,1,0,226,-0.0786310559608796,-0.1257561967639311,0.0,False,,,,,,,
Dijkstra Teacher,1,1,0,227,0.0306420881667511,-0.1819946561543333,0.0,False,,,,,,,
Dijkstra Teacher,1,1,0,228,0.1670445844496099,-0.2321812485738106,0.0,False,,,,,,,
Dijkstra Teacher,1,1,0,229,0.2266953235865826,-0.2423262517261416,0.0,False,,,,,,,
Dijkstra Teacher,1,1,0,230,0.2126645603382728,-0.2058208555508792,0.0,False,,,,,,,
Dijkstra Teacher,1,1,0,231,0.184979894509881,-0.1514898642630978,0.0,False,,,,,,,
Dijkstra Teacher,1,1,0,232,0.1658058812554192,-0.0721980614023968,0.0,False,,,,,,,
Dijkstra Teacher,1,1,0,233,0.1494703704208777,0.0202279607794274,0.0,False,,,,,,,
Dijkstra Teacher,1,1,0,234,0.1625094588339123,0.0883219843571807,0.0,False,,,,,,,
Dijkstra Teacher,1,1,0,235,0.181987094824754,0.1632595121806015,0.0,False,,,,,,,
Dijkstra Teacher,1,1,0,236,0.1912762551432549,0.259720911437291,0.0,False,,,,,,,
Dijkstra Teacher,1,1,0,237,0.1730687242963236,0.3592548643282468,0.0,False,,,,,,,
Dijkstra Teacher,1,1,0,238,0.1835959977778254,0.4459870976176339,0.0,False,,,,,,,
Dijkstra Teacher,1,1,0,239,0.1223140632217533,0.5224042987159874,0.0,False,,,,,,,
Dijkstra Teacher,1,1,0,240,-0.0785810681871479,0.6200231988926941,0.0,False,,,,,,,
Dijkstra Teacher,1,1,0,241,-0.2700051810820808,0.70832424737372,0.0,False,,,,,,,
Dijkstra Teacher,1,1,0,242,-0.4458751951708339,0.7786282479360327,0.0,False,,,,,,,
Dijkstra Teacher,1,1,0,243,-0.5237069890503779,0.7753610445807162,0.0,False,,,,,,,
Dijkstra Teacher,1,1,0,244,-0.5164374456227039,0.7425837878495811,0.0,False,,,,,,,
Dijkstra Teacher,1,1,0,245,-0.4874268377572173,0.707693983330532,0.0,False,,,,,,,
Dijkstra Teacher,1,1,0,246,-0.4604752655032545,0.6736507303809389,0.0,False,,,,,,,
Dijkstra Teacher,1,1,0,247,-0.4256350010649503,0.6446445904280409,0.0,False,,,,,,,
Dijkstra Teacher,1,1,0,248,-0.3927172710674144,0.611629066847361,0.0,False,,,,,,,
Dijkstra Teacher,1,1,0,249,-0.3731806445597223,0.5555169416021617,0.0,False,,,,,,,
Dijkstra Teacher,1,1,0,250,-0.3219822220608404,0.481119758597916,0.0,False,,,,,,,
Dijkstra Teacher,1,1,0,251,-0.2530220648608217,0.4022280838614045,0.0,False,,,,,,,
Dijkstra Teacher,1,1,0,252,-0.126323771957919,0.3195252109088609,0.0,False,,,,,,,
Dijkstra Teacher,1,1,0,253,0.132354171327471,0.2584478782206636,0.0,False,,,,,,,
Dijkstra Teacher,1,1,0,254,0.3652240843863935,0.1987640328896241,0.0,False,,,,,,,
Dijkstra Teacher,1,1,0,255,0.5631961224536985,0.1540104895415528,0.0,False,,,,,,,
Dijkstra Teacher,1,1,0,256,0.6179768611366377,0.1751772595404803,0.0,False,,,,,,,
Dijkstra Teacher,1,1,0,257,0.5943226081594455,0.1994000512060931,0.0,False,,,,,,,
Dijkstra Teacher,1,1,0,258,0.528498046624268,0.2248094435798577,0.0,False,,,,,,,
Dijkstra Teacher,1,1,0,259,0.4957810388059607,0.2621367364491158,0.0,False,,,,,,,
Dijkstra Teacher,1,1,0,260,0.5018022815922234,0.3503786065131157,0.0,False,,,,,,,
Dijkstra Teacher,1,1,0,261,0.5338541495537138,0.4998090206273206,0.0,False,,,,,,,
Dijkstra Teacher,1,1,0,262,0.5328452004532976,0.6301266681195317,0.0,False,,,,,,,
Dijkstra Teacher,1,1,0,263,0.5056870299795615,0.7320653807344829,0.0,False,,,,,,,
Dijkstra Teacher,1,1,0,264,0.4232974046469662,0.7643290854777933,0.0,False,,,,,,,
Dijkstra Teacher,1,1,0,265,0.2650323363352756,0.7155834020241213,0.0,False,,,,,,,
Dijkstra Teacher,1,1,0,266,0.0797673703429801,0.6747002925597951,0.0,False,,,,,,,
Dijkstra Teacher,1,1,0,267,-0.082684035531281,0.6551921799339546,0.0,False,,,,,,,
Dijkstra Teacher,1,1,0,268,-0.1629412574495454,0.6130560965379485,0.0,False,,,,,,,
Dijkstra Teacher,1,1,0,269,-0.180582955719037,0.5064589990910479,0.0,False,,,,,,,
Dijkstra Teacher,1,1,0,270,-0.2137292933627453,0.3920993738738936,0.0,False,,,,,,,
Dijkstra Teacher,1,1,0,271,-0.2701992410275481,0.2752399245379616,0.0,False,,,,,,,
Dijkstra Teacher,1,1,0,272,-0.3702760229601464,0.1575846319214396,0.0,False,,,,,,,
Dijkstra Teacher,1,1,0,273,-0.4623158135757436,0.045770343072227,0.0,False,,,,,,,
Dijkstra Teacher,1,1,0,274,-0.5316060195969302,-0.070480091254367,0.0,False,,,,,,,
Dijkstra Teacher,1,1,0,275,-0.6100767085051799,-0.1845513264583659,0.0,False,,,,,,,
Dijkstra Teacher,1,1,0,276,-0.6695821656570041,-0.3013648014154799,0.0,False,,,,,,,
Dijkstra Teacher,1,1,0,277,-0.547392942366968,-0.3638958180843875,0.0,False,,,,,,,
Dijkstra Teacher,1,1,0,278,-0.3834292995752184,-0.4168082660772478,0.0,False,,,,,,,
Dijkstra Teacher,1,1,0,279,-0.244478042720248,-0.4667521371851315,0.0,False,,,,,,,
Dijkstra Teacher,1,1,0,280,-0.1365403690430214,-0.5128367813741312,0.0,False,,,,,,,
Dijkstra Teacher,1,1,0,281,-0.0787004813721144,-0.5771242622631855,0.0,False,,,,,,,
Dijkstra Teacher,1,1,0,282,-0.0197725684176813,-0.7036261497570353,0.0,False,,,,,,,
Dijkstra Teacher,1,1,0,283,0.0892177413372174,-0.816631993469231,0.0,False,,,,,,,
Dijkstra Teacher,1,1,0,284,0.1967511776748439,-0.9031236739123404,0.0,False,,,,,,,
Dijkstra Teacher,1,1,0,285,0.2850660640589222,-0.9241177059867828,0.0,False,,,,,,,
Dijkstra Teacher,1,1,0,286,0.40061244094729,-0.8585146613171434,0.0,False,,,,,,,
Dijkstra Teacher,1,1,0,287,0.4777499599022592,-0.7908227253562159,0.0,False,,,,,,,
Dijkstra Teacher,1,1,0,288,0.5237974375994747,-0.727772437613695,0.0,False,,,,,,,
Dijkstra Teacher,1,1,0,289,0.518167587586744,-0.7125199821073293,0.0,False,,,,,,,
Dijkstra Teacher,1,1,0,290,0.4520848982823399,-0.7040849499570568,0.0,False,,,,,,,
Dijkstra Teacher,1,1,0,291,0.3765576964635043,-0.6790424873328844,0.0,False,,,,,,,
Dijkstra Teacher,1,1,0,292,0.3207911619880811,-0.6392366710397881,0.0,False,,,,,,,
Dijkstra Teacher,1,1,0,293,0.2822702564441129,-0.5958745869807954,0.0,False,,,,,,,
Dijkstra Teacher,1,1,0,294,0.316862870371473,-0.4672700279441719,0.0,False,,,,,,,
Dijkstra Teacher,1,1,0,295,0.3564729681452171,-0.3227760325058855,0.0,False,,,,,,,
Dijkstra Teacher,1,1,0,296,0.3905920316396758,-0.1980424371368094,0.0,False,,,,,,,
Dijkstra Teacher,1,1,0,297,0.397519125393183,-0.0679920921753306,0.0,False,,,,,,,
Dijkstra Teacher,1,1,0,298,0.298737062174552,0.0408152555043596,0.0,False,,,,,,,
Dijkstra Teacher,1,1,0,299,0.1356056746262109,0.1526232676641952,0.0,False,,,,,,,
Dijkstra Teacher,1,1,0,300,-0.0066583429365433,0.2645213841016712,0.0,False,,,,,,,
Dijkstra Teacher,1,1,0,301,-0.1289535431145735,0.3587056214387767,0.0,False,,,,,,,
Dijkstra Teacher,1,1,0,302,-0.1617305726851358,0.3764491525101175,0.0,False,,,,,,,
Dijkstra Teacher,1,1,0,303,-0.1620772786981418,0.3584618516811372,0.0,False,,,,,,,
Dijkstra Teacher,1,1,0,304,-0.1216442676710617,0.3094183630789155,0.0,False,,,,,,,
Dijkstra Teacher,1,1,0,305,-0.0743304433411799,0.2634196812625175,0.0,False,,,,,,,
Dijkstra Teacher,1,1,0,306,-0.0369646995933897,0.226746793763332,0.0,False,,,,,,,
Dijkstra Teacher,1,1,0,307,-0.0067957716664339,0.190291575503993,0.0,False,,,,,,,
Dijkstra Teacher,1,1,0,308,-0.0025688539976113,0.1035579108202001,0.0,False,,,,,,,
Dijkstra Teacher,1,1,0,309,0.0316688833684405,-0.0380995610111169,0.0,False,,,,,,,
Dijkstra Teacher,1,1,0,310,0.1015384255020066,-0.1522540571641306,0.0,False,,,,,,,
Dijkstra Teacher,1,1,0,311,0.2331318690654573,-0.1716598146700089,0.0,False,,,,,,,
Dijkstra Teacher,1,1,0,312,0.4263337676542416,-0.1365218756474552,0.0,False,,,,,,,
Dijkstra Teacher,1,1,0,313,0.6197039400231721,-0.09799571775174,0.0,False,,,,,,,
Dijkstra Teacher,1,1,0,314,0.7930015736357086,-0.0689173888134276,0.0,False,,,,,,,
Dijkstra Teacher,1,1,0,315,0.8649788370639526,-0.0633263184173793,0.0,False,,,,,,,
Dijkstra Teacher,1,1,0,316,0.8464338250850184,-0.0383371304097997,0.0,False,,,,,,,
Dijkstra Teacher,1,1,0,317,0.7639899224072517,-0.0153398511169282,0.0,False,,,,,,,
Dijkstra Teacher,1,1,0,318,0.6841551597429746,-0.003088259812297,0.0,False,,,,,,,
Dijkstra Teacher,1,1,0,319,0.611593896526965,0.0312837553297697,0.0,False,,,,,,,
Dijkstra Teacher,1,1,0,320,0.5105790934408956,0.1378113951035695,0.0,False,,,,,,,
Dijkstra Teacher,1,1,0,321,0.4014563095424532,0.3023388217207744,0.0,False,,,,,,,
Dijkstra Teacher,1,1,0,322,0.293062901059342,0.4449690810380506,0.0,False,,,,,,,
Dijkstra Teacher,1,1,0,323,0.2067420798495894,0.4699875251903066,0.0,False,,,,,,,
Dijkstra Teacher,1,1,0,324,0.0785751272132392,0.4576313604082576,0.0,False,,,,,,,
Dijkstra Teacher,1,1,0,325,-0.079504275976077,0.4229994750896357,0.0,False,,,,,,,
Dijkstra Teacher,1,1,0,326,-0.2000433559795335,0.3994342082529898,0.0,False,,,,,,,
Dijkstra Teacher,1,1,0,327,-0.2952164090894024,0.3689024355336657,0.0,False,,,,,,,
Dijkstra Teacher,1,1,0,328,-0.2634288130041291,0.310609402325613,0.0,False,,,,,,,
Dijkstra Teacher,1,1,0,329,-0.2097589929018418,0.2355468455836069,0.0,False,,,,,,,
Dijkstra Teacher,1,1,0,330,-0.1782977312826984,0.1321409341810034,0.0,False,,,,,,,
Dijkstra Teacher,1,1,0,331,-0.1606619170329325,-0.0101208982420434,0.0,False,,,,,,,
Dijkstra Teacher,1,1,0,332,-0.139153524009013,-0.2252118440280817,0.0,False,,,,,,,
Dijkstra Teacher,1,1,0,333,-0.133906484051918,-0.4400742840438336,0.0,False,,,,,,,
Dijkstra Teacher,1,1,0,334,-0.1031792962537685,-0.6387244159987026,0.0,False,,,,,,,
Dijkstra Teacher,1,1,0,335,-0.0361945771097789,-0.8144545286767391,0.0,False,,,,,,,
Dijkstra Teacher,1,1,0,336,0.0081430054172794,-0.8865396495586636,0.0,False,,,,,,,
Dijkstra Teacher,1,1,0,337,0.1168167804812194,-0.8134352291421444,0.0,False,,,,,,,
Dijkstra Teacher,1,1,0,338,0.264090933472314,-0.7436223294955766,0.0,False,,,,,,,
Dijkstra Teacher,1,1,0,339,0.4050865050044628,-0.6843250271851344,0.0,False,,,,,,,
Dijkstra Teacher,1,1,0,340,0.4560089805140355,-0.6328773246677558,0.0,False,,,,,,,
Dijkstra Teacher,1,1,0,341,0.4028871750606494,-0.5783714837816479,0.0,False,,,,,,,
Dijkstra Teacher,1,1,0,342,0.2835870110003668,-0.5134088125205927,0.0,False,,,,,,,
Dijkstra Teacher,1,1,0,343,0.1749647771164574,-0.4489591034053322,0.0,False,,,,,,,
Dijkstra Teacher,1,1,0,344,0.0822928950262801,-0.3660233694749321,0.0,False,,,,,,,
Dijkstra Teacher,1,1,0,345,0.0015919787285592,-0.2447569478256925,0.0,False,,,,,,,
Dijkstra Teacher,1,1,0,346,-0.056687512570298,-0.0229117040800175,0.0,False,,,,,,,
Dijkstra Teacher,1,1,0,347,-0.1183489282405105,0.1439548881167227,0.0,False,,,,,,,
Dijkstra Teacher,1,1,0,348,-0.223462959687894,0.2178317656124436,0.0,False,,,,,,,
Dijkstra Teacher,1,1,0,349,-0.3642249281173885,0.2702858955408292,0.0,False,,,,,,,
Dijkstra Teacher,1,1,0,350,-0.5329846445773969,0.3322144298119311,0.0,False,,,,,,,
Dijkstra Teacher,1,1,0,351,-0.6717824106387852,0.4105371219830888,0.0,False,,,,,,,
Dijkstra Teacher,1,1,0,352,-0.7854466446067636,0.4986701848530656,0.0,False,,,,,,,
Dijkstra Teacher,1,1,0,353,-0.8649031103425743,0.6039946734504588,0.0,False,,,,,,,
Dijkstra Teacher,1,1,0,354,-0.8859206099615377,0.7850950850604602,0.0,False,,,,,,,
Dijkstra Teacher,1,1,0,355,-0.9197062727438488,0.9583093465180756,0.0,False,,,,,,,
Dijkstra Teacher,1,1,0,356,-0.9197627911096404,1.0931515122161686,0.0,False,,,,,,,
Dijkstra Teacher,1,1,0,357,-0.855064314257309,1.135631076248593,0.0,False,,,,,,,
Dijkstra Teacher,1,1,0,358,-0.7820326913963386,1.1531147489159848,0.0,False,,,,,,,
Dijkstra Teacher,1,1,0,359,-0.6995502448742262,1.240096564676462,0.0,False,,,,,,,
Dijkstra Teacher,1,1,0,360,-0.6269461118610441,1.3618643399196189,0.0,False,,,,,,,
Dijkstra Teacher,1,1,0,361,-0.5731596808350709,1.5520659257596447,0.0,False,,,,,,,
Dijkstra Teacher,1,1,0,362,-0.5120341446257796,1.7584215178020526,0.0,False,,,,,,,
Dijkstra Teacher,1,1,0,363,-0.417078126067871,1.9673365109169565,0.0,False,,,,,,,
Dijkstra Teacher,1,1,0,364,-0.338873000696686,2.116885563062675,0.0,False,,,,,,,
Dijkstra Teacher,1,1,0,365,-0.360488034316193,2.1626896634602897,0.0,False,,,,,,,
Dijkstra Teacher,1,1,0,366,-0.4515238534157696,2.196610184934458,0.0,False,,,,,,,
Dijkstra Teacher,1,1,0,367,-0.5097225548108715,2.2362319578167145,0.0,False,,,,,,,
Dijkstra Teacher,1,1,0,368,-0.5497502786117117,2.265560849824296,0.0,False,,,,,,,
Dijkstra Teacher,1,1,0,369,-0.5338959415845986,2.368990330978227,0.0,False,,,,,,,
Dijkstra Teacher,1,1,0,370,-0.4696277887592211,2.5055051672319943,0.0,False,,,,,,,
Dijkstra Teacher,1,1,0,371,-0.3322593957256118,2.666983722680833,0.0,False,,,,,,,
Dijkstra Teacher,1,1,0,372,-0.2155415085097609,2.809154997097532,0.0,False,,,,,,,
Dijkstra Teacher,1,1,0,373,-0.0953832118093771,2.9376475340529464,0.0,False,,,,,,,
Dijkstra Teacher,1,1,0,374,0.0323977421009536,2.9799076226380774,0.0,False,,,,,,,
Dijkstra Teacher,1,1,0,375,0.1283277592801855,2.9698927638217847,0.0,False,,,,,,,
Dijkstra Teacher,1,1,0,376,0.2376055938276797,2.985778363822344,0.0,False,,,,,,,
Dijkstra Teacher,1,1,0,377,0.3497879703506811,3.037773659222831,0.0,False,,,,,,,
Dijkstra Teacher,1,1,0,378,0.4642657412416198,3.199829173981446,0.0,False,,,,,,,
Dijkstra Teacher,1,1,0,379,0.657792810495755,3.4090804450400176,0.0,False,,,,,,,
Dijkstra Teacher,1,1,0,380,0.850469300735414,3.592547187234787,0.0,False,,,,,,,
Dijkstra Teacher,1,1,0,381,1.035242066710227,3.763978020435685,0.0,False,,,,,,,
Dijkstra Teacher,1,1,0,382,1.146939341074245,3.8899340750651294,0.0,False,,,,,,,
Dijkstra Teacher,1,1,0,383,1.2130280706846093,3.9697392169940615,0.0,False,,,,,,,
Dijkstra Teacher,1,1,0,384,1.2944628098642517,4.063941001953616,0.0,False,,,,,,,
Dijkstra Teacher,1,1,0,385,1.3577012481985122,4.130370019316874,0.0,False,,,,,,,
Dijkstra Teacher,1,1,0,386,1.4461011736847784,4.257256885423013,0.0,False,,,,,,,
Dijkstra Teacher,1,1,0,387,1.616494793001174,4.423751947919092,0.0,False,,,,,,,
Dijkstra Teacher,1,1,0,388,1.7978355448531225,4.562027980981548,0.0,False,,,,,,,
Dijkstra Teacher,1,1,0,389,1.9713928194360308,4.683104163947156,0.0,False,,,,,,,
Dijkstra Teacher,1,1,0,390,2.1446211287570143,4.735541791000823,0.0,False,,,,,,,
Dijkstra Teacher,1,1,0,391,2.2991441759848485,4.76549674107608,0.0,False,,,,,,,
Dijkstra Teacher,1,1,0,392,2.469383263302191,4.805067225887392,0.0,False,,,,,,,
Dijkstra Teacher,1,1,0,393,2.656708972533485,4.839082276420259,0.0,False,,,,,,,
Dijkstra Teacher,1,1,0,394,2.851081609842222,4.878369433387934,0.0,False,,,,,,,
Dijkstra Teacher,1,1,0,395,3.0251882140290993,5.083122243293873,0.0,False,,,,,,,
Dijkstra Teacher,1,1,0,396,3.2136771347962005,5.321450215398283,0.0,False,,,,,,,
Dijkstra Teacher,1,1,0,397,3.391377078120971,5.5353134541212405,0.0,False,,,,,,,
Dijkstra Teacher,1,1,0,398,3.5696607193753165,5.729141275257205,0.0,False,,,,,,,
Dijkstra Teacher,1,1,0,399,3.71185526418534,5.839754936551586,0.0,False,,,,,,,
Dijkstra Teacher,1,1,0,400,3.842639802302665,5.939619606219913,0.0,False,,,,,,,
Dijkstra Teacher,1,1,0,401,3.952338699246152,6.044975021616925,0.0,False,,,,,,,
Dijkstra Teacher,1,1,0,402,4.030391407273134,6.16411693914545,0.0,False,,,,,,,
Dijkstra Teacher,1,1,0,403,4.1150529376973815,6.2994680861105214,0.0,False,,,,,,,
Dijkstra Teacher,1,1,0,404,4.203966454904711,6.452384778871335,0.0,False,,,,,,,
Dijkstra Teacher,1,1,0,405,4.305052599578885,6.580603755625674,0.0,False,,,,,,,
Dijkstra Teacher,1,1,0,406,4.407342281178085,6.689743093258037,0.0,False,,,,,,,
Dijkstra Teacher,1,1,0,407,4.568876045156541,6.718759741478577,0.0,False,,,,,,,
Dijkstra Teacher,1,1,0,408,4.78416086485097,6.691578277969472,0.0,False,,,,,,,
Dijkstra Teacher,1,1,0,409,4.962262489955681,6.672455702279493,0.0,False,,,,,,,
Dijkstra Teacher,1,1,0,410,5.139949338557326,6.667097276097415,0.0,False,,,,,,,
Dijkstra Teacher,1,1,0,411,5.305685284885687,6.677183719891155,0.0,False,,,,,,,
Dijkstra Teacher,1,1,0,412,5.456351263479094,6.733946320569527,0.0,False,,,,,,,
Dijkstra Teacher,1,1,0,413,5.597190947622757,6.82353125544433,0.0,False,,,,,,,
Dijkstra Teacher,1,1,0,414,5.731634979422675,6.881918524568411,0.0,False,,,,,,,
Dijkstra Teacher,1,1,0,415,5.877016600019523,6.917254977286013,0.0,False,,,,,,,
Dijkstra Teacher,1,1,0,416,6.020562643268861,6.951658651843242,0.0,False,,,,,,,
Dijkstra Teacher,1,1,0,417,6.18484807571959,6.969856593639664,0.0,False,,,,,,,
Dijkstra Teacher,1,1,0,418,6.324037497551966,6.99507224773243,0.0,False,,,,,,,
Dijkstra Teacher,1,1,0,419,6.465127647305608,7.042624613286113,0.0,False,,,,,,,
Dijkstra Teacher,1,1,0,420,6.6201312471935285,7.085280931614973,0.0,False,,,,,,,
Dijkstra Teacher,1,1,0,421,6.794617675024905,7.140725097002891,0.0,False,,,,,,,
Dijkstra Teacher,1,1,0,422,7.000601980113423,7.260467176881767,0.0,False,,,,,,,
Dijkstra Teacher,1,1,0,423,7.20220178423098,7.35580865546855,0.0,False,,,,,,,
Dijkstra Teacher,1,1,0,424,7.396229293425237,7.4454862638386174,0.0,False,,,,,,,
Dijkstra Teacher,1,1,0,425,7.593730072669261,7.507018850901751,0.0,False,,,,,,,
Dijkstra Teacher,1,1,0,426,7.802517287985087,7.459760160120261,0.0,False,,,,,,,
Dijkstra Teacher,1,1,0,427,7.964171453483131,7.407357946593886,0.0,False,,,,,,,
Dijkstra Teacher,1,1,0,428,8.117023180557595,7.380421085235092,0.0,False,,,,,,,
Dijkstra Teacher,1,1,0,429,8.264812131942355,7.392841964200675,0.0,False,,,,,,,
Dijkstra Teacher,1,1,0,430,8.447507371441015,7.425783796011995,0.0,False,,,,,,,
Dijkstra Teacher,1,1,0,431,8.666231801475572,7.475942474606448,0.0,False,,,,,,,
Dijkstra Teacher,1,1,0,432,8.86892432750644,7.5073971292675425,0.0,False,,,,,,,
Dijkstra Teacher,1,1,0,433,9.033982645878782,7.518826428367347,0.0,False,,,,,,,
Dijkstra Teacher,1,1,0,434,9.182635565734868,7.456999760826435,0.0,False,,,,,,,
Dijkstra Teacher,1,1,0,435,9.341691074669724,7.392102284359662,0.0,False,,,,,,,
Dijkstra Teacher,1,1,0,436,9.49190099235388,7.351635139892272,0.0,False,,,,,,,
Dijkstra Teacher,1,1,0,437,9.625038753186573,7.429985897403019,0.0,False,,,,,,,
Dijkstra Teacher,1,1,0,438,9.767325451410091,7.553869543308589,0.0,False,,,,,,,
Dijkstra Teacher,1,1,0,439,9.939678351888515,7.671781374462356,0.0,False,,,,,,,
Dijkstra Teacher,1,1,0,440,10.12417529748502,7.781768546691646,0.0,False,,,,,,,
Dijkstra Teacher,1,1,0,441,10.17010781119484,7.824042915934182,0.0,False,,,,,,,
Dijkstra Teacher,1,1,0,442,10.141234609755212,7.8805548597658435,0.0,False,,,,,,,
Dijkstra Teacher,1,1,0,443,10.08784975366382,7.963103846906389,0.0,False,,,,,,,
Dijkstra Teacher,1,1,0,444,10.057646669205049,8.074950865110072,0.0,False,,,,,,,
Dijkstra Teacher,1,1,0,445,10.061030219248662,8.225223766173865,0.0,False,,,,,,,
Dijkstra Teacher,1,1,0,446,10.106810125370735,8.430043567765178,0.0,False,,,,,,,
Dijkstra Teacher,1,1,0,447,10.12622580540427,8.617281516078352,0.0,False,,,,,,,
Dijkstra Teacher,1,1,0,448,10.081169511902887,8.760498603757473,0.0,False,,,,,,,
Dijkstra Teacher,1,1,0,449,10.007391783658322,8.854780856172328,0.0,False,,,,,,,
Dijkstra Teacher,1,1,0,450,9.914848299778733,8.962778990035227,0.0,False,,,,,,,
Dijkstra Teacher,1,1,0,451,9.845016087970386,9.000616565201767,0.0,False,,,,,,,
Dijkstra Teacher,1,1,0,452,9.815886061998684,8.983453251860443,0.0,False,,,,,,,
Dijkstra Teacher,1,1,0,453,9.840695872321136,9.03940454728615,0.0,False,,,,,,,
Dijkstra Teacher,1,1,0,454,9.922822203925833,9.144635162612662,0.0,False,,,,,,,
Dijkstra Teacher,1,1,0,455,9.99950788412634,9.232605807809014,0.0,False,,,,,,,
Dijkstra Teacher,1,1,0,456,10.052677950267478,9.314408927573789,0.0,False,,,,,,,
Dijkstra Teacher,1,1,0,457,10.032357854164164,9.400990814545658,0.0,False,,,,,,,
Dijkstra Teacher,1,1,0,458,9.96394988578761,9.411973713379748,0.0,False,,,,,,,
Dijkstra Teacher,1,1,0,459,9.942491582577636,9.361180097654229,0.0,False,,,,,,,
Dijkstra Teacher,1,1,0,460,10.000849947638674,9.31656140310664,0.0,False,,,,,,,
Dijkstra Teacher,1,1,0,461,10.085078284315436,9.272828333026869,0.0,False,,,,,,,
Dijkstra Teacher,1,1,0,462,10.186723693022827,9.264467111078666,0.0,False,,,,,,,
Dijkstra Teacher,1,1,0,463,10.279405386446555,9.297161025793557,0.0,False,,,,,,,
Dijkstra Teacher,1,1,0,464,10.382357350967204,9.358187183695833,0.0,False,,,,,,,
Dijkstra Teacher,1,1,0,465,10.475016436208762,9.410404817594788,0.0,False,,,,,,,
Dijkstra Teacher,1,1,0,466,10.496120132056214,9.466368872999992,0.0,False,,,,,,,
Dijkstra Teacher,1,1,0,467,10.451126850366252,9.489494729321551,0.0,False,,,,,,,
Dijkstra Teacher,1,1,0,468,10.406798423592535,9.426068562219712,0.0,False,,,,,,,
Dijkstra Teacher,1,1,0,469,10.397360928795834,9.37406279708156,0.0,False,,,,,,,
Dijkstra Teacher,1,1,0,470,10.423791470161666,9.421146958787787,0.0,False,,,,,,,
Dijkstra Teacher,1,1,0,471,10.50214188936062,9.555400873853598,0.0,False,,,,,,,
Dijkstra Teacher,1,1,0,472,10.666085957782045,9.69259980945412,0.0,False,,,,,,,
Dijkstra Teacher,1,1,0,473,10.825777923995632,9.80595919050679,0.0,False,,,,,,,
Dijkstra Teacher,1,1,0,474,10.9383203720089,9.91128376150536,0.0,False,,,,,,,
Dijkstra Teacher,1,1,0,475,11.015476336293869,9.967970194311745,0.0,False,,,,,,,
Dijkstra Teacher,1,1,0,476,11.093763519877694,10.001661309208096,0.0,False,,,,,,,
Dijkstra Teacher,1,1,0,477,11.206642543010132,10.04805251133431,0.0,False,,,,,,,
Dijkstra Teacher,1,1,0,478,11.330401653206827,10.133634655543032,0.0,False,,,,,,,
Dijkstra Teacher,1,1,0,479,11.458462942934537,10.243116226784291,0.0,False,,,,,,,
Dijkstra Teacher,1,1,0,480,11.66016164439302,10.451409133225647,0.0,False,,,,,,,
Dijkstra Teacher,1,1,0,481,11.896727169482142,10.6758919590136,0.0,False,,,,,,,
Dijkstra Teacher,1,1,0,482,12.104734097883146,10.828680642039243,0.0,False,,,,,,,
Dijkstra Teacher,1,1,0,483,12.26849028000754,10.91061944640843,0.0,False,,,,,,,
Dijkstra Teacher,1,1,0,484,12.391200205302408,10.933873182269654,0.0,False,,,,,,,
Dijkstra Teacher,1,1,0,485,12.511239707096236,10.974176314377369,0.0,False,,,,,,,
Dijkstra Teacher,1,1,0,486,12.609748635479706,11.08615183824311,0.0,False,,,,,,,
Dijkstra Teacher,1,1,0,487,12.757244922663077,11.216886287486622,0.0,False,,,,,,,
Dijkstra Teacher,1,1,0,488,12.93065779873519,11.338378953594974,0.0,False,,,,,,,
Dijkstra Teacher,1,1,0,489,13.089504356060836,11.443855004855436,0.0,False,,,,,,,
Dijkstra Teacher,1,1,0,490,13.257966265060649,11.53346440230488,0.0,False,,,,,,,
Dijkstra Teacher,1,1,0,491,13.428456811829683,11.55391837879566,0.0,False,,,,,,,
Dijkstra Teacher,1,1,0,492,13.62659941476076,11.458786248644554,0.0,False,,,,,,,
Dijkstra Teacher,1,1,0,493,13.816776068186266,11.380290611238609,0.0,False,,,,,,,
Dijkstra Teacher,1,1,0,494,14.006424406683545,11.324857783829238,0.0,False,,,,,,,
Dijkstra Teacher,1,1,0,495,14.15363845508508,11.34386918958527,0.0,False,,,,,,,
Dijkstra Teacher,1,1,0,496,14.303553333887187,11.416991148598576,0.0,False,,,,,,,
Dijkstra Teacher,1,1,0,497,14.517857156534935,11.517304367771656,0.0,False,,,,,,,
Dijkstra Teacher,1,1,0,498,14.719897886302515,11.6194136785492,0.0,False,,,,,,,
Dijkstra Teacher,1,1,0,499,14.910546255424803,11.703164798193844,0.0,False,,,,,,,
Dijkstra Teacher,1,1,0,500,15.117113974834297,11.715540477303149,0.0,False,,,,,,,
Dijkstra Teacher,1,1,0,501,15.330267783691305,11.659628011849788,0.0,False,,,,,,,
Dijkstra Teacher,1,1,0,502,15.529366608416774,11.61817314869153,0.0,False,,,,,,,
Dijkstra Teacher,1,1,0,503,15.732571062713212,11.607205383961048,0.0,False,,,,,,,
Dijkstra Teacher,1,1,0,504,15.909116801563584,11.684369106633282,0.0,False,,,,,,,
Dijkstra Teacher,1,1,0,505,16.08659717052672,11.81546387979986,0.0,False,,,,,,,
Dijkstra Teacher,1,1,0,506,16.294071282579893,11.946060381092508,0.0,False,,,,,,,
Dijkstra Teacher,1,1,0,507,16.485529501084585,12.06300459024644,0.0,False,,,,,,,
Dijkstra Teacher,1,1,0,508,16.676265897645767,12.154996534350614,0.0,False,,,,,,,
Dijkstra Teacher,1,1,0,509,16.85986211574453,12.142027340988747,0.0,False,,,,,,,
Dijkstra Teacher,1,1,0,510,17.063706548368184,12.052672596621615,0.0,False,,,,,,,
Dijkstra Teacher,1,1,0,511,17.276828709868045,11.983520679402629,0.0,False,,,,,,,
Dijkstra Teacher,1,1,0,512,17.449065887851887,11.955448590090034,0.0,False,,,,,,,
Dijkstra Teacher,1,1,0,513,17.611902714599395,12.016200556270464,0.0,False,,,,,,,
Dijkstra Teacher,1,1,0,514,17.807037856935626,12.065796220162326,0.0,False,,,,,,,
Dijkstra Teacher,1,1,0,515,18.07550254757314,12.089007229036469,0.0,False,,,,,,,
Dijkstra Teacher,1,1,0,516,18.3375118592226,12.11348973049312,0.0,False,,,,,,,
Dijkstra Teacher,1,1,0,517,18.438419623554378,12.132371477999724,0.0,False,,,,,,,
Dijkstra Teacher,1,1,0,518,18.440679584142416,12.168259731048424,0.0,False,,,,,,,
Dijkstra Teacher,1,1,0,519,18.397606957330584,12.2492728259839,0.0,False,,,,,,,
Dijkstra Teacher,1,1,0,520,18.39985481938101,12.349693403219533,0.0,False,,,,,,,
Dijkstra Teacher,1,1,0,521,18.448303504534696,12.501965524459882,0.0,False,,,,,,,
Dijkstra Teacher,1,1,0,522,18.47582527409524,12.70808553792849,0.0,False,,,,,,,
Dijkstra Teacher,1,1,0,523,18.49247043996912,12.90413366867636,0.0,False,,,,,,,
Dijkstra Teacher,1,1,0,524,18.48592643651481,13.0844169601003,0.0,False,,,,,,,
Dijkstra Teacher,1,1,0,525,18.43817466348464,13.261038602639887,0.0,False,,,,,,,
Dijkstra Teacher,1,1,0,526,18.32308932925712,13.358211643298542,0.0,False,,,,,,,
Dijkstra Teacher,1,1,0,527,18.28322570360502,13.309497787031583,0.0,False,,,,,,,
Dijkstra Teacher,1,1,0,528,18.26877737442246,13.301024061309189,0.0,False,,,,,,,
Dijkstra Teacher,1,1,0,529,18.320878179075148,13.32262028965055,0.0,False,,,,,,,
Dijkstra Teacher,1,1,0,530,18.485459560801814,13.44035862928398,0.0,False,,,,,,,
Dijkstra Teacher,1,1,0,531,18.66628391098621,13.555917741567743,0.0,False,,,,,,,
Dijkstra Teacher,1,1,0,532,18.789920853758662,13.624587979398145,0.0,False,,,,,,,
Dijkstra Teacher,1,1,0,533,18.84008372716385,13.650896518038726,0.0,False,,,,,,,
Dijkstra Teacher,1,1,0,534,18.82157728597034,13.688244160518252,0.0,False,,,,,,,
Dijkstra Teacher,1,1,0,535,18.767684537362605,13.69851670996351,0.0,False,,,,,,,
Dijkstra Teacher,1,1,0,536,18.76630979139838,13.670313229802298,0.0,False,,,,,,,
Dijkstra Teacher,1,1,0,537,18.826981875798552,13.749838460345332,0.0,False,,,,,,,
Dijkstra Teacher,1,1,0,538,18.915854494420927,13.89183158464512,0.0,False,,,,,,,
Dijkstra Teacher,1,1,0,539,19.01244178036276,14.052800024405965,0.0,False,,,,,,,
Dijkstra Teacher,1,1,0,540,19.10166189795896,14.174028120874109,0.0,False,,,,,,,
Dijkstra Teacher,1,1,0,541,19.119206978501,14.205422130868495,0.0,False,,,,,,,
Dijkstra Teacher,1,1,0,542,19.103504039248012,14.237547420037131,0.0,False,,,,,,,
Dijkstra Teacher,1,1,0,543,19.136712140881144,14.239475934253862,0.0,False,,,,,,,
Dijkstra Teacher,1,1,0,544,19.198988441829744,14.27233749275325,0.0,False,,,,,,,
Dijkstra Teacher,1,1,0,545,19.256267821062664,14.360081583733315,0.0,False,,,,,,,
Dijkstra Teacher,1,1,0,546,19.327941861927673,14.508229275765354,0.0,False,,,,,,,
Dijkstra Teacher,1,1,0,547,19.42924938933576,14.681154937769657,0.0,False,,,,,,,
Dijkstra Teacher,1,1,0,548,19.493435442372,14.78993104317464,0.0,False,,,,,,,
Dijkstra Teacher,1,1,0,549,19.479725486404355,14.83314943486389,0.0,False,,,,,,,
Dijkstra Teacher,1,1,0,550,19.41284716034676,14.872359191424882,0.0,False,,,,,,,
Dijkstra Teacher,1,1,0,551,19.35193961482038,14.91501664670385,0.0,False,,,,,,,
Dijkstra Teacher,1,1,0,552,19.35785675480501,14.980446510331404,0.0,False,,,,,,,
Dijkstra Teacher,1,1,0,553,19.420692129862523,15.09744614351323,0.0,False,,,,,,,
Dijkstra Teacher,1,1,0,554,19.527588944883355,15.241867278298814,0.0,False,,,,,,,
Dijkstra Teacher,1,1,0,555,19.74201511042676,15.34392215823278,0.0,False,,,,,,,
Dijkstra Teacher,1,1,0,556,19.942486826894207,15.441048227821948,0.0,False,,,,,,,
Dijkstra Teacher,1,1,0,557,20.11409279161903,15.521190580855524,0.0,False,,,,,,,
Dijkstra Teacher,1,1,0,558,20.19593667926507,15.643257290016434,0.0,False,,,,,,,
Dijkstra Teacher,1,1,0,559,20.28925007931276,15.797360485064646,0.0,False,,,,,,,
Dijkstra Teacher,1,1,0,560,20.450849237953776,15.893247514828444,0.0,False,,,,,,,
Dijkstra Teacher,1,1,0,561,20.632345737157767,16.000580608290086,0.0,False,,,,,,,
Dijkstra Teacher,1,1,0,562,20.837328533642673,16.081583184076646,0.0,False,,,,,,,
Dijkstra Teacher,1,1,0,563,20.949345413607297,16.10499385476552,0.0,False,,,,,,,
Dijkstra Teacher,1,1,0,564,20.931958565806863,16.14276039373837,0.0,False,,,,,,,
Dijkstra Teacher,1,1,0,565,20.896180513455366,16.185590145191966,0.0,False,,,,,,,
Dijkstra Teacher,1,1,0,566,20.84607127360816,16.23266325468376,0.0,False,,,,,,,
Dijkstra Teacher,1,1,0,567,20.805491064876968,16.219430838704824,0.0,False,,,,,,,
Dijkstra Teacher,1,1,0,568,20.80625974421965,16.199089327998685,0.0,False,,,,,,,
Dijkstra Teacher,1,1,0,569,20.8896817055619,16.18356732545839,0.0,False,,,,,,,
Dijkstra Teacher,1,1,0,570,20.848326341986557,16.203143833099038,0.0,False,,,,,,,
Dijkstra Teacher,1,1,0,571,20.782741700882873,16.239067049829377,0.0,False,,,,,,,
Dijkstra Teacher,1,1,0,572,20.720530100481223,16.204318313432275,0.0,False,,,,,,,
Dijkstra Teacher,1,1,0,573,20.673809564299837,16.132800913139537,0.0,False,,,,,,,
Dijkstra Teacher,1,1,0,574,20.64534756304317,16.01418323964825,0.0,False,,,,,,,
Dijkstra Teacher,1,1,0,575,20.63197078687765,15.885118020983423,0.0,False,,,,,,,
Dijkstra Teacher,1,1,0,576,20.643273971110613,15.8065651140438,0.0,False,,,,,,,
Dijkstra Teacher,1,1,0,577,20.726895837592583,15.781580657225422,0.0,False,,,,,,,
Dijkstra Teacher,1,1,0,578,20.835930403628648,15.731403535908962,0.0,False,,,,,,,
Dijkstra Teacher,1,1,0,579,20.93635770485618,15.63438985970057,0.0,False,,,,,,,
Dijkstra Teacher,1,1,0,580,20.99939445392647,15.52502426617994,0.0,False,,,,,,,
Dijkstra Teacher,1,1,0,581,20.908440217027852,15.361609583347589,0.0,False,,,,,,,
Dijkstra Teacher,1,1,0,582,20.797447011719893,15.18095774039511,0.0,False,,,,,,,
Dijkstra Teacher,1,1,0,583,20.730429991873407,15.01162486875247,0.0,False,,,,,,,
Dijkstra Teacher,1,1,0,584,20.69343396344969,14.852792556448229,0.0,False,,,,,,,
Dijkstra Teacher,1,1,0,585,20.722821144537612,14.702696630909754,0.0,False,,,,,,,
Dijkstra Teacher,1,1,0,586,20.8230444655236,14.508673733150331,0.0,False,,,,,,,
Dijkstra Teacher,1,1,0,587,20.889459802342177,14.31726464900094,0.0,False,,,,,,,
Dijkstra Teacher,1,1,0,588,20.933266856754553,14.13416840380446,0.0,False,,,,,,,
Dijkstra Teacher,1,1,0,589,20.887751859954953,13.944161355516965,0.0,False,,,,,,,
Dijkstra Teacher,1,1,0,590,20.79152841447524,13.74279805092579,0.0,False,,,,,,,
Dijkstra Teacher,1,1,0,591,20.731395214474517,13.54706866706668,0.0,False,,,,,,,
Dijkstra Teacher,1,1,0,592,20.694228353792333,13.350784155761277,0.0,False,,,,,,,
Dijkstra Teacher,1,1,0,593,20.71574161387109,13.144462435068894,0.0,False,,,,,,,
Dijkstra Teacher,1,1,0,594,20.727806172360165,12.93377045307787,0.0,False,,,,,,,
Dijkstra Teacher,1,1,0,595,20.697769217408233,12.804092486144242,0.0,False,,,,,,,
Dijkstra Teacher,1,1,0,596,20.606560956574462,12.69188376705603,0.0,False,,,,,,,
Dijkstra Teacher,1,1,0,597,20.4660937434197,12.582620974686394,0.0,False,,,,,,,
Dijkstra Teacher,1,1,0,598,20.321391058374697,12.481238740268136,0.0,False,,,,,,,
Dijkstra Teacher,1,1,0,599,20.19045172604045,12.399500551544826,0.0,False,,,,,,,
Dijkstra Teacher,1,1,0,600,20.062629915932316,12.3460619520822,0.0,False,,,,,,,
Dijkstra Teacher,1,1,0,601,19.887838253231415,12.463299966811404,0.0,False,,,,,,,
Dijkstra Teacher,1,1,0,602,19.683859326176016,12.59831911366074,0.0,False,,,,,,,
Dijkstra Teacher,1,1,0,603,19.49773404513839,12.71278181403282,0.0,False,,,,,,,
Dijkstra Teacher,1,1,0,604,19.329443074396753,12.809340684136604,0.0,False,,,,,,,
Dijkstra Teacher,1,1,0,605,19.240220832801892,12.78452630514933,0.0,False,,,,,,,
Dijkstra Teacher,1,1,0,606,19.128822211939205,12.776622382865485,0.0,False,,,,,,,
Dijkstra Teacher,1,1,0,607,18.9663052041405,12.80987288499989,0.0,False,,,,,,,
Dijkstra Teacher,1,1,0,608,18.76122949391023,12.81519570083132,0.0,False,,,,,,,
Dijkstra Teacher,1,1,0,609,18.501995574432417,12.86993037526658,0.0,False,,,,,,,
Dijkstra Teacher,1,1,0,610,18.279491089556476,12.905754071414837,0.0,False,,,,,,,
Dijkstra Teacher,1,1,0,611,18.077124047819964,12.935693638095753,0.0,False,,,,,,,
Dijkstra Teacher,1,1,0,612,17.92732203017523,12.95928487959984,0.0,False,,,,,,,
Dijkstra Teacher,1,1,0,613,17.89522259939949,12.913198053645166,0.0,False,,,,,,,
Dijkstra Teacher,1,1,0,614,17.811423077182518,12.866041819927071,0.0,False,,,,,,,
Dijkstra Teacher,1,1,0,615,17.735462138522994,12.857542527829663,0.0,False,,,,,,,
Dijkstra Teacher,1,1,0,616,17.630194339132775,12.896072042763327,0.0,False,,,,,,,
Dijkstra Teacher,1,1,0,617,17.468080694972336,12.95094314097397,0.0,False,,,,,,,
Dijkstra Teacher,1,1,0,618,17.281082637131362,13.008954190989764,0.0,False,,,,,,,
Dijkstra Teacher,1,1,0,619,17.100942656467858,13.030479075904672,0.0,False,,,,,,,
Dijkstra Teacher,1,1,0,620,16.98478703756133,12.952298948125806,0.0,False,,,,,,,
Dijkstra Teacher,1,1,0,621,16.89314040318841,12.861658776993655,0.0,False,,,,,,,
Dijkstra Teacher,1,1,0,622,16.81598549191993,12.795187367245678,0.0,False,,,,,,,
Dijkstra Teacher,1,1,0,623,16.7448255169027,12.802050517044153,0.0,False,,,,,,,
Dijkstra Teacher,1,1,0,624,16.66734568434331,12.867597639556983,0.0,False,,,,,,,
Dijkstra Teacher,1,1,0,625,16.543759435654035,12.835233218647138,0.0,False,,,,,,,
Dijkstra Teacher,1,1,0,626,16.378407094150276,12.817674094842344,0.0,False,,,,,,,
Dijkstra Teacher,1,1,0,627,16.19924203743316,12.809211879369984,0.0,False,,,,,,,
Dijkstra Teacher,1,1,0,628,16.03419718454056,12.797802846885736,0.0,False,,,,,,,
Dijkstra Teacher,1,1,0,629,15.8895081506608,12.78056079191952,0.0,False,,,,,,,
Dijkstra Teacher,1,1,0,630,15.806704650755435,12.74236201699076,0.0,False,,,,,,,
Dijkstra Teacher,1,1,0,631,15.703275744391467,12.720305718798528,0.0,False,,,,,,,
Dijkstra Teacher,1,1,0,632,15.56543348312288,12.70740533014756,0.0,False,,,,,,,
Dijkstra Teacher,1,1,0,633,15.40374816282326,12.663856342400356,0.0,False,,,,,,,
Dijkstra Teacher,1,1,0,634,15.139759929333357,12.611099396424088,0.0,False,,,,,,,
Dijkstra Teacher,1,1,0,635,14.837475413636016,12.58656683328272,0.0,False,,,,,,,
Dijkstra Teacher,1,1,0,636,14.571751423864171,12.559587203329276,0.0,False,,,,,,,
Dijkstra Teacher,1,1,0,637,14.41456363482416,12.489713947941416,0.0,False,,,,,,,
Dijkstra Teacher,1,1,0,638,14.293758180318347,12.412523621441476,0.0,False,,,,,,,
Dijkstra Teacher,1,1,0,639,14.199124492158395,12.368881345805743,0.0,False,,,,,,,
Dijkstra Teacher,1,1,0,640,14.136721758329587,12.353124691100527,0.0,False,,,,,,,
Dijkstra Teacher,1,1,0,641,14.01674688208351,12.344064183546648,0.0,False,,,,,,,
Dijkstra Teacher,1,1,0,642,13.793492059596316,12.361992676141082,0.0,False,,,,,,,
Dijkstra Teacher,1,1,0,643,13.605842383028277,12.376335041649348,0.0,False,,,,,,,
Dijkstra Teacher,1,1,0,644,13.426765086540913,12.384197331578337,0.0,False,,,,,,,
Dijkstra Teacher,1,1,0,645,13.306691036634742,12.405528509617076,0.0,False,,,,,,,
Dijkstra Teacher,1,1,0,646,13.201800832379066,12.469005021919688,0.0,False,,,,,,,
Dijkstra Teacher,1,1,0,647,13.065393585521598,12.516211869834644,0.0,False,,,,,,,
Dijkstra Teacher,1,1,0,648,12.903087745076862,12.464104473920736,0.0,False,,,,,,,
Dijkstra Teacher,1,1,0,649,12.714448773332345,12.42984715219828,0.0,False,,,,,,,
Dijkstra Teacher,1,1,0,650,12.472583766217024,12.44039465693234,0.0,False,,,,,,,
Dijkstra Teacher,1,1,0,651,12.254999673587752,12.44684271557648,0.0,False,,,,,,,
Dijkstra Teacher,1,1,0,652,12.057519618130591,12.447313560469548,0.0,False,,,,,,,
Dijkstra Teacher,1,1,0,653,11.961606694051843,12.387254533857227,0.0,False,,,,,,,
Dijkstra Teacher,1,1,0,654,11.875653151579408,12.314795610552205,0.0,False,,,,,,,
Dijkstra Teacher,1,1,0,655,11.78802543465658,12.221098744784108,0.0,False,,,,,,,
Dijkstra Teacher,1,1,0,656,11.714583159230829,12.066167095628716,0.0,False,,,,,,,
Dijkstra Teacher,1,1,0,657,11.7127186904681,11.831587332989956,0.0,False,,,,,,,
Dijkstra Teacher,1,1,0,658,11.720631264737744,11.617412376451082,0.0,False,,,,,,,
Dijkstra Teacher,1,1,0,659,11.746690099513632,11.417195394876508,0.0,False,,,,,,,
Dijkstra Teacher,1,1,0,660,11.80043017068876,11.252970404828996,0.0,False,,,,,,,
Dijkstra Teacher,1,1,0,661,11.937945410903492,11.121618713779736,0.0,False,,,,,,,
Dijkstra Teacher,1,1,0,662,12.05860479868033,10.94767147848557,0.0,False,,,,,,,
Dijkstra Teacher,1,1,0,663,12.091507959631835,10.773182899292946,0.0,False,,,,,,,
Dijkstra Teacher,1,1,0,664,12.05172386749098,10.594956420221004,0.0,False,,,,,,,
Dijkstra Teacher,1,1,0,665,12.014098853760784,10.423812223337585,0.0,False,,,,,,,
Dijkstra Teacher,1,1,0,666,12.009901598533428,10.264615344137322,0.0,False,,,,,,,
Dijkstra Teacher,1,1,0,667,12.032703723983207,10.135882437580053,0.0,False,,,,,,,
Dijkstra Teacher,1,1,0,668,12.138558594068702,10.00522003211477,0.0,False,,,,,,,
Dijkstra Teacher,1,1,0,669,12.231717500950168,9.851429323143554,0.0,False,,,,,,,
Dijkstra Teacher,1,1,0,670,12.291718644618395,9.707258631425155,0.0,False,,,,,,,
Dijkstra Teacher,1,1,0,671,12.322299336055062,9.553828490396349,0.0,False,,,,,,,
Dijkstra Teacher,1,1,0,672,12.239776081264369,9.348187652453456,0.0,False,,,,,,,
Dijkstra Teacher,1,1,0,673,12.16867049083782,9.13906652813917,0.0,False,,,,,,,
Dijkstra Teacher,1,1,0,674,12.125023451524315,8.935958214324755,0.0,False,,,,,,,
Dijkstra Teacher,1,1,0,675,12.158444902710908,8.771917148252863,0.0,False,,,,,,,
Dijkstra Teacher,1,1,0,676,12.256663627879794,8.637564898099814,0.0,False,,,,,,,
Dijkstra Teacher,1,1,0,677,12.354289675756688,8.496727172762299,0.0,False,,,,,,,
Dijkstra Teacher,1,1,0,678,12.404082636869711,8.34487097556811,0.0,False,,,,,,,
Dijkstra Teacher,1,1,0,679,12.297960194281124,8.194282495116989,0.0,False,,,,,,,
Dijkstra Teacher,1,1,0,680,12.192596861556542,8.044760606684582,0.0,False,,,,,,,
Dijkstra Teacher,1,1,0,681,12.104104609122558,7.889322251579601,0.0,False,,,,,,,
Dijkstra Teacher,1,1,0,682,12.015892397921112,7.770038710032783,0.0,False,,,,,,,
Dijkstra Teacher,1,1,0,683,12.079891955501315,7.647465022146551,0.0,False,,,,,,,
Dijkstra Teacher,1,1,0,684,12.194778347512912,7.508649959187784,0.0,False,,,,,,,
Dijkstra Teacher,1,1,0,685,12.286447625284374,7.399164781539093,0.0,False,,,,,,,
Dijkstra Teacher,1,1,0,686,12.339208653263048,7.39140275703199,0.0,False,,,,,,,
Dijkstra Teacher,1,1,0,687,12.347083046849448,7.489715836995439,0.0,False,,,,,,,
Dijkstra Teacher,1,1,0,688,12.346570069938847,7.604372709358455,0.0,False,,,,,,,
Dijkstra Teacher,1,1,0,689,12.36875415391441,7.710107651806158,0.0,False,,,,,,,
Dijkstra Teacher,1,1,0,690,12.419531299080152,7.815303469163411,0.0,False,,,,,,,
Dijkstra Teacher,1,1,0,691,12.532925286818667,7.90176047232544,0.0,False,,,,,,,
Dijkstra Teacher,1,1,0,692,12.71571473004544,8.010356504314181,0.0,False,,,,,,,
Dijkstra Teacher,1,1,0,693,12.859754166575586,8.130725144370489,0.0,False,,,,,,,
Dijkstra Teacher,1,1,0,694,12.980788445359892,8.24543403949805,0.0,False,,,,,,,
Dijkstra Teacher,1,1,0,695,13.063002432381996,8.378971157370517,0.0,False,,,,,,,
Dijkstra Teacher,1,1,0,696,13.021589320925724,8.568899837764917,0.0,False,,,,,,,
Dijkstra Teacher,1,1,0,697,12.990951860879797,8.763801795280884,0.0,False,,,,,,,
Dijkstra Teacher,1,1,0,698,12.969294835663328,8.953889092941056,0.0,False,,,,,,,
Dijkstra Teacher,1,1,0,699,12.97116972953443,9.145024949070857,0.0,False,,,,,,,
Dijkstra Teacher,1,1,0,700,13.018227061540134,9.350123091797292,0.0,False,,,,,,,
Dijkstra Teacher,1,1,0,701,13.085602968237744,9.560867893561134,0.0,False,,,,,,,
Dijkstra Teacher,1,1,0,702,13.208829511781229,9.741709554166183,0.0,False,,,,,,,
Dijkstra Teacher,1,1,0,703,13.267850687991464,9.903220420650218,0.0,False,,,,,,,
Dijkstra Teacher,1,1,0,704,13.20977468242765,10.068818879163713,0.0,False,,,,,,,
Dijkstra Teacher,1,1,0,705,13.139206398020017,10.249605654759549,0.0,False,,,,,,,
Dijkstra Teacher,1,1,0,706,13.114247591661751,10.396469147030553,0.0,False,,,,,,,
Dijkstra Teacher,1,1,0,707,13.134219975655387,10.485034022081187,0.0,False,,,,,,,
Dijkstra Teacher,1,1,0,708,13.261535325953275,10.481584750534632,0.0,False,,,,,,,
Dijkstra Teacher,1,1,0,709,13.41608352934422,10.524606167713848,0.0,False,,,,,,,
Dijkstra Teacher,1,1,0,710,13.554451896880623,10.610020381299044,0.0,False,,,,,,,
Dijkstra Teacher,1,1,0,711,13.65074719053807,10.695316117553071,0.0,False,,,,,,,
Dijkstra Teacher,1,1,0,712,13.677042639099785,10.78261063768164,0.0,False,,,,,,,
Dijkstra Teacher,1,1,0,713,13.56504382947511,10.855386400081317,0.0,False,,,,,,,
Dijkstra Teacher,1,1,0,714,13.51034217838084,10.944994521668638,0.0,False,,,,,,,
Dijkstra Teacher,1,1,0,715,13.464243887514744,11.025883800370758,0.0,False,,,,,,,
Dijkstra Teacher,1,1,0,716,13.43545578814268,11.09157630400072,0.0,False,,,,,,,
Dijkstra Teacher,1,1,0,717,13.449252831892164,11.039064734150315,0.0,False,,,,,,,
Dijkstra Teacher,1,1,0,718,13.484045457803482,10.944404946968362,0.0,False,,,,,,,
Dijkstra Teacher,1,1,0,719,13.54709861045714,10.899933351211155,0.0,False,,,,,,,
Dijkstra Teacher,1,1,0,720,13.649216013655025,10.928814117482188,0.0,False,,,,,,,
Dijkstra Teacher,1,1,0,721,13.758345961712456,10.975777345647298,0.0,False,,,,,,,
Dijkstra Teacher,1,1,0,722,13.860674902943956,11.04714844131136,0.0,False,,,,,,,
Dijkstra Teacher,1,1,0,723,13.916383937832736,11.0936179064141,0.0,False,,,,,,,
Dijkstra Teacher,1,1,0,724,13.915798300952112,11.121892967446533,0.0,False,,,,,,,
Dijkstra Teacher,1,1,0,725,13.961518173534936,11.120846849737507,0.0,False,,,,,,,
Dijkstra Teacher,1,1,0,726,13.960247145051524,11.180636624892458,0.0,False,,,,,,,
Dijkstra Teacher,1,1,0,727,13.967541104943283,11.259069498868596,0.0,False,,,,,,,
Dijkstra Teacher,1,1,0,728,14.040033766582354,11.347955775431334,0.0,False,,,,,,,
Dijkstra Teacher,1,1,0,729,14.095701400636468,11.382010246327942,0.0,False,,,,,,,
Dijkstra Teacher,1,1,0,730,14.157699016109962,11.426926056972892,0.0,False,,,,,,,
Dijkstra Teacher,1,1,0,731,14.20621441156262,11.507181939910856,0.0,False,,,,,,,
Dijkstra Teacher,1,1,0,732,14.27197378357995,11.57545123141613,0.0,False,,,,,,,
Dijkstra Teacher,1,1,0,733,14.364753400471956,11.577960235081171,0.0,False,,,,,,,
Dijkstra Teacher,1,1,0,734,14.464086273595418,11.435570825090624,0.0,False,,,,,,,
Dijkstra Teacher,1,1,0,735,14.565059020798376,11.280892628327706,0.0,False,,,,,,,
Dijkstra Teacher,1,1,0,736,14.677085801959818,11.171867044984008,0.0,False,,,,,,,
Dijkstra Teacher,1,1,0,737,14.789912904841485,11.095562654620393,0.0,False,,,,,,,
Dijkstra Teacher,1,1,0,738,14.894775961179633,11.06300052774135,0.0,False,,,,,,,
Dijkstra Teacher,1,1,0,739,14.95250094634167,11.033600872807524,0.0,False,,,,,,,
Dijkstra Teacher,1,1,0,740,15.028863418982118,10.953105811075384,0.0,False,,,,,,,
Dijkstra Teacher,1,1,0,741,15.135358683835967,10.885894040672518,0.0,False,,,,,,,
Dijkstra Teacher,1,1,0,742,15.299722153585206,10.872633325701038,0.0,False,,,,,,,
Dijkstra Teacher,1,1,0,743,15.50653048382065,10.857279295652006,0.0,False,,,,,,,
Dijkstra Teacher,1,1,0,744,15.678989934346284,10.850075615275008,0.0,False,,,,,,,
Dijkstra Teacher,1,1,0,745,15.821560498340643,10.83306423983834,0.0,False,,,,,,,
Dijkstra Teacher,1,1,0,746,15.925385790403409,10.883969563717937,0.0,False,,,,,,,
Dijkstra Teacher,1,1,0,747,15.977285497582514,10.984144224212038,0.0,False,,,,,,,
Dijkstra Teacher,1,1,0,748,16.05781804751707,11.112158103576368,0.0,False,,,,,,,
Dijkstra Teacher,1,1,0,749,16.155397019192982,11.142978610113785,0.0,False,,,,,,,
Dijkstra Teacher,1,1,0,750,16.289044232430793,11.09890228236018,0.0,False,,,,,,,
Dijkstra Teacher,1,1,0,751,16.42894596831742,11.022348490956873,0.0,False,,,,,,,
Dijkstra Teacher,1,1,0,752,16.55778536314924,10.98354390284536,0.0,False,,,,,,,
Dijkstra Teacher,1,1,0,753,16.674465404678465,10.957162673098722,0.0,False,,,,,,,
Dijkstra Teacher,1,1,0,754,16.77880673255423,10.950893986369213,0.0,False,,,,,,,
Dijkstra Teacher,1,1,0,755,16.847555123377305,10.959248371411292,0.0,False,,,,,,,
Dijkstra Teacher,1,1,0,756,16.902780423869117,10.967372683322704,0.0,False,,,,,,,
Dijkstra Teacher,1,1,0,757,16.889981488196526,10.957941075580116,0.0,False,,,,,,,
Dijkstra Teacher,1,1,0,758,16.933541528257486,10.93306563823768,0.0,False,,,,,,,
Dijkstra Teacher,1,1,0,759,17.080145364379735,10.862862978296736,0.0,False,,,,,,,
Dijkstra Teacher,1,1,0,760,17.174188622421475,10.897777290077183,0.0,False,,,,,,,
Dijkstra Teacher,1,1,0,761,17.253855709294356,10.950486625220424,0.0,False,,,,,,,
Dijkstra Teacher,1,1,0,762,17.32002703681038,10.983095211783816,0.0,False,,,,,,,
Dijkstra Teacher,1,1,0,763,17.35252832207043,10.97245275027736,0.0,False,,,,,,,
Dijkstra Teacher,1,1,0,764,17.35349283649624,11.00751978899365,0.0,False,,,,,,,
Dijkstra Teacher,1,1,0,765,17.366671661599206,11.064139952075408,0.0,False,,,,,,,
Dijkstra Teacher,1,1,0,766,17.369749394925403,11.06489416915145,0.0,False,,,,,,,
Dijkstra Teacher,1,1,0,767,17.448502074812865,10.976454166855852,0.0,False,,,,,,,
Dijkstra Teacher,1,1,0,768,17.473679757779227,10.999294700240007,0.0,False,,,,,,,
Dijkstra Teacher,1,1,0,769,17.480729039672134,11.019987267709048,0.0,False,,,,,,,
Dijkstra Teacher,1,1,0,770,17.454582442687165,11.016967349906889,0.0,False,,,,,,,
Dijkstra Teacher,1,1,0,771,17.39167519901142,10.986326230385782,0.0,False,,,,,,,
Dijkstra Teacher,1,1,0,772,17.379396267662607,11.015792584271548,0.0,False,,,,,,,
Dijkstra Teacher,1,1,0,773,17.393028488518883,11.065400201277049,0.0,False,,,,,,,
Dijkstra Teacher,1,1,0,774,17.41273698762562,11.072278294106624,0.0,False,,,,,,,
Dijkstra Teacher,1,1,0,775,17.552683974562804,10.99809594166675,0.0,False,,,,,,,
Dijkstra Teacher,1,1,0,776,17.72923386535523,10.897855542744056,0.0,False,,,,,,,
Dijkstra Teacher,1,1,0,777,17.872166237618874,10.824711836017425,0.0,False,,,,,,,
Dijkstra Teacher,1,1,0,778,17.963162990407465,10.814982894440956,0.0,False,,,,,,,
Dijkstra Teacher,1,1,0,779,17.959098654600428,10.926639653899477,0.0,False,,,,,,,
Dijkstra Teacher,1,1,0,780,17.977892663601057,11.043861980009035,0.0,False,,,,,,,
Dijkstra Teacher,1,1,0,781,17.99337668907664,11.118465818517588,0.0,False,,,,,,,
Dijkstra Teacher,1,1,0,782,18.041128072122365,11.11152027911812,0.0,False,,,,,,,
Dijkstra Teacher,1,1,0,783,18.128668832298818,11.016534799078771,0.0,False,,,,,,,
Dijkstra Teacher,1,1,0,784,18.219211961507845,10.960250947760215,0.0,False,,,,,,,
Dijkstra Teacher,1,1,0,785,18.315677120384123,10.92282838124042,0.0,False,,,,,,,
Dijkstra Teacher,1,1,0,786,18.41300993196408,10.93660631867026,0.0,False,,,,,,,
Dijkstra Teacher,1,1,0,787,18.469303848813965,10.9246374192485,0.0,False,,,,,,,
Dijkstra Teacher,1,1,0,788,18.50403495573926,10.937597807814855,0.0,False,,,,,,,
Dijkstra Teacher,1,1,0,789,18.513980698922783,10.965708879373326,0.0,False,,,,,,,
Dijkstra Teacher,1,1,0,790,18.49493056371856,10.959469999177392,0.0,False,,,,,,,
Dijkstra Teacher,1,1,0,791,18.5094213372096,10.908808239029767,0.0,False,,,,,,,
Dijkstra Teacher,1,1,0,792,18.527364819375364,10.887135582261852,0.0,False,,,,,,,
Dijkstra Teacher,1,1,0,793,18.5222562759839,10.916062390595854,0.0,False,,,,,,,
Dijkstra Teacher,1,1,0,794,18.50255208008781,10.952036648350822,0.0,False,,,,,,,
Dijkstra Teacher,1,1,0,795,18.47759712505951,10.944551678832877,0.0,False,,,,,,,
Dijkstra Teacher,1,1,0,796,18.445398624592737,11.012901443846378,0.0,False,,,,,,,
Dijkstra Teacher,1,1,0,797,18.450189896707418,11.082412836298367,0.0,False,,,,,,,
Dijkstra Teacher,1,1,0,798,18.45456503247472,11.137858071328488,0.0,False,,,,,,,
Dijkstra Teacher,1,1,0,799,18.558960187558643,11.04934867958742,0.0,False,,,,,,,
Dijkstra Teacher,1,1,0,800,18.65006541772699,11.01578917662743,0.0,False,,,,,,,
Dijkstra Teacher,1,1,0,801,18.70446561217234,11.050493578980571,0.0,False,,,,,,,
Dijkstra Teacher,1,1,0,802,18.74825859018741,11.076656133924931,0.0,False,,,,,,,
Dijkstra Teacher,1,1,0,803,18.75616543865072,11.079727245154286,0.0,False,,,,,,,
Dijkstra Teacher,1,1,0,804,18.717105840494888,11.076090989021486,0.0,False,,,,,,,
Dijkstra Teacher,1,1,0,805,18.701947664833774,11.033308564436378,0.0,False,,,,,,,
Dijkstra Teacher,1,1,0,806,18.728230997304347,10.954510536510746,0.0,False,,,,,,,
Dijkstra Teacher,1,1,0,807,18.892992711206148,10.812443634423545,0.0,False,,,,,,,
Dijkstra Teacher,1,1,0,808,19.0518218757366,10.689405933748793,0.0,False,,,,,,,
Dijkstra Teacher,1,1,0,809,19.193878917734676,10.580480669641044,0.0,False,,,,,,,
Dijkstra Teacher,1,1,0,810,19.2483558143549,10.647161298350078,0.0,False,,,,,,,
Dijkstra Teacher,1,1,0,811,19.274519221924383,10.851293743603774,0.0,False,,,,,,,
Dijkstra Teacher,1,1,0,812,19.303346978383345,11.024782264321972,0.0,False,,,,,,,
Dijkstra Teacher,1,1,0,813,19.290790277668737,11.1559199540365,0.0,False,,,,,,,
Dijkstra Teacher,1,1,0,814,19.29454782783746,11.25395745616161,0.0,False,,,,,,,
Dijkstra Teacher,1,1,0,815,19.28075423084058,11.30261497196156,0.0,False,,,,,,,
Dijkstra Teacher,1,1,0,816,19.274286092359684,11.39214783443595,0.0,False,,,,,,,
Dijkstra Teacher,1,1,0,817,19.285553090858475,11.526671979009532,0.0,False,,,,,,,
Dijkstra Teacher,1,1,0,818,19.26663975120814,11.712571874251024,0.0,False,,,,,,,
Dijkstra Teacher,1,1,0,819,19.116006924240892,11.917635702795335,0.0,False,,,,,,,
Dijkstra Teacher,1,1,0,820,18.977929703681887,12.097049103831164,0.0,False,,,,,,,
Dijkstra Teacher,1,1,0,821,18.845700337237357,12.264604373954429,0.0,False,,,,,,,
Dijkstra Teacher,1,1,0,822,18.748624013554785,12.423579285613275,0.0,False,,,,,,,
Dijkstra Teacher,1,1,0,823,18.701821610521502,12.589429255250494,0.0,False,,,,,,,
Dijkstra Teacher,1,1,0,824,18.599454272882856,12.674359185122258,0.0,False,,,,,,,
Dijkstra Teacher,1,1,0,825,18.46943078475792,12.650985296731156,0.0,False,,,,,,,
Dijkstra Teacher,1,1,0,826,18.3157598940073,12.628752713484008,0.0,False,,,,,,,
Dijkstra Teacher,1,1,0,827,18.126012514436372,12.62261243125648,0.0,False,,,,,,,
Dijkstra Teacher,1,1,0,828,17.936602528668818,12.615780043695068,0.0,False,,,,,,,
Dijkstra Teacher,1,1,0,829,17.79982754947183,12.583056675470289,0.0,False,,,,,,,
Dijkstra Teacher,1,1,0,830,17.742807126923257,12.474831619523496,0.0,False,,,,,,,
Dijkstra Teacher,1,1,0,831,17.65902225103302,12.355742083682705,0.0,False,,,,,,,
Dijkstra Teacher,1,1,0,832,17.53202494049577,12.262246730738394,0.0,False,,,,,,,
Dijkstra Teacher,1,1,0,833,17.34841434556151,12.222626842750174,0.0,False,,,,,,,
Dijkstra Teacher,1,1,0,834,17.153747315831172,12.249827975354494,0.0,False,,,,,,,
Dijkstra Teacher,1,1,0,835,16.951192975892578,12.330089151250451,0.0,False,,,,,,,
Dijkstra Teacher,1,1,0,836,16.758847564688768,12.395633194584413,0.0,False,,,,,,,
Dijkstra Teacher,1,1,0,837,16.604341825691396,12.402483057433011,0.0,False,,,,,,,
Dijkstra Teacher,1,1,0,838,16.507684689971107,12.376973330379364,0.0,False,,,,,,,
Dijkstra Teacher,1,1,0,839,16.39827545129798,12.377186033626453,0.0,False,,,,,,,
Dijkstra Teacher,1,1,0,840,16.260370010586346,12.392355234525532,0.0,False,,,,,,,
Dijkstra Teacher,1,1,0,841,16.098364051831393,12.401066521140647,0.0,False,,,,,,,
Dijkstra Teacher,1,1,0,842,15.824735495366191,12.450849214575053,0.0,False,,,,,,,
Dijkstra Teacher,1,1,0,843,15.564105311995815,12.489363081113977,0.0,False,,,,,,,
Dijkstra Teacher,1,1,0,844,15.331937287261038,12.527165835395554,0.0,False,,,,,,,
Dijkstra Teacher,1,1,0,845,15.139842665308986,12.559861390245477,0.0,False,,,,,,,
Dijkstra Teacher,1,1,0,846,15.015090899208367,12.57491113326376,0.0,False,,,,,,,
Dijkstra Teacher,1,1,0,847,14.84930571820784,12.599109049278796,0.0,False,,,,,,,
Dijkstra Teacher,1,1,0,848,14.668605530153954,12.61469387007084,0.0,False,,,,,,,
Dijkstra Teacher,1,1,0,849,14.44245351165586,12.554890957332791,0.0,False,,,,,,,
Dijkstra Teacher,1,1,0,850,14.138456198552232,12.515687723807837,0.0,False,,,,,,,
Dijkstra Teacher,1,1,0,851,13.848478879652372,12.469120981231672,0.0,False,,,,,,,
Dijkstra Teacher,1,1,0,852,13.61785461294293,12.42870644325726,0.0,False,,,,,,,
Dijkstra Teacher,1,1,0,853,13.486453863687409,12.34030633607557,0.0,False,,,,,,,
Dijkstra Teacher,1,1,0,854,13.378113407690314,12.243123170820056,0.0,False,,,,,,,
Dijkstra Teacher,1,1,0,855,13.247185420656308,12.142570711595072,0.0,False,,,,,,,
Dijkstra Teacher,1,1,0,856,13.081896807621758,12.051862384105508,0.0,False,,,,,,,
Dijkstra Teacher,1,1,0,857,12.98013947536011,11.994658001904654,0.0,False,,,,,,,
Dijkstra Teacher,1,1,0,858,12.822941615065403,11.993150111621183,0.0,False,,,,,,,
Dijkstra Teacher,1,1,0,859,12.655139601743809,11.99720029894401,0.0,False,,,,,,,
Dijkstra Teacher,1,1,0,860,12.515765243866362,11.99531656433143,0.0,False,,,,,,,
Dijkstra Teacher,1,1,0,861,12.459914951267848,11.975004075812146,0.0,False,,,,,,,
Dijkstra Teacher,1,1,0,862,12.471957247113568,11.961763969417188,0.0,False,,,,,,,
Dijkstra Teacher,1,1,0,863,12.559566575161178,11.952807974103257,0.0,False,,,,,,,
Dijkstra Teacher,1,1,0,864,12.618835395409146,11.96893152193322,0.0,False,,,,,,,
Dijkstra Teacher,1,1,0,865,12.625270165776856,12.024014589737284,0.0,False,,,,,,,
Dijkstra Teacher,1,1,0,866,12.617085946325362,12.086759623316578,0.0,False,,,,,,,
Dijkstra Teacher,1,1,0,867,12.596468134919087,12.142819192360172,0.0,False,,,,,,,
Dijkstra Teacher,1,1,0,868,12.57864508577386,12.1882412916064,0.0,False,,,,,,,
Dijkstra Teacher,1,1,0,869,12.616604470874966,12.219633298038463,0.0,False,,,,,,,
Dijkstra Teacher,1,1,0,870,12.762566127795282,12.26937921332091,0.0,False,,,,,,,
Dijkstra Teacher,1,1,0,871,12.976905395228492,12.311278025696438,0.0,False,,,,,,,
Dijkstra Teacher,1,1,0,872,13.161581888083882,12.36803151043162,0.0,False,,,,,,,
Dijkstra Teacher,1,1,0,873,13.338073284020496,12.409209507993978,0.0,False,,,,,,,
Dijkstra Teacher,1,1,0,874,13.504198166965956,12.44260447401799,0.0,False,,,,,,,
Dijkstra Teacher,1,1,0,875,13.64063715881366,12.421832575659105,0.0,False,,,,,,,
Dijkstra Teacher,1,1,0,876,13.741950790727923,12.363095626629704,0.0,False,,,,,,,
Dijkstra Teacher,1,1,0,877,13.878261353465357,12.316059497392285,0.0,False,,,,,,,
Dijkstra Teacher,1,1,0,878,14.041985223929402,12.277388216449518,0.0,False,,,,,,,
Dijkstra Teacher,1,1,0,879,14.263769183136738,12.292497530431907,0.0,False,,,,,,,
Dijkstra Teacher,1,1,0,880,14.535931907722627,12.34347713807964,0.0,False,,,,,,,
Dijkstra Teacher,1,1,0,881,14.794070630615874,12.380996164905673,0.0,False,,,,,,,
Dijkstra Teacher,1,1,0,882,15.015178426157783,12.371798285544976,0.0,False,,,,,,,
Dijkstra Teacher,1,1,0,883,15.22768638347537,12.28291269860492,0.0,False,,,,,,,
Dijkstra Teacher,1,1,0,884,15.461124026774844,12.202113246412358,0.0,False,,,,,,,
Dijkstra Teacher,1,1,0,885,15.652594538488138,12.149725628371348,0.0,False,,,,,,,
Dijkstra Teacher,1,1,0,886,15.80223992184884,12.163692383645184,0.0,False,,,,,,,
Dijkstra Teacher,1,1,0,887,16.001846478056855,12.205092001754531,0.0,False,,,,,,,
Dijkstra Teacher,1,1,0,888,16.25209378978042,12.291162053615476,0.0,False,,,,,,,
Dijkstra Teacher,1,1,0,889,16.482125958167305,12.35737949301124,0.0,False,,,,,,,
Dijkstra Teacher,1,1,0,890,16.71179945427989,12.398618164218252,0.0,False,,,,,,,
Dijkstra Teacher,1,1,0,891,16.914118404446477,12.308859946660416,0.0,False,,,,,,,
Dijkstra Teacher,1,1,0,892,17.105785725974712,12.15256346052944,0.0,False,,,,,,,
Dijkstra Teacher,1,1,0,893,17.296842034004126,12.02282586605108,0.0,False,,,,,,,
Dijkstra Teacher,1,1,0,894,17.500479790562967,11.93124449373854,0.0,False,,,,,,,
Dijkstra Teacher,1,1,0,895,17.708173063367127,11.925089203436606,0.0,False,,,,,,,
Dijkstra Teacher,1,1,0,896,17.953993872617264,12.000328256722574,0.0,False,,,,,,,
Dijkstra Teacher,1,1,0,897,18.21992174012004,12.055802850101532,0.0,False,,,,,,,
Dijkstra Teacher,1,1,0,898,18.466031983735913,12.100313617326028,0.0,False,,,,,,,
Dijkstra Teacher,1,1,0,899,18.705731451287193,12.12031363661409,0.0,False,,,,,,,
Dijkstra Teacher,1,1,0,900,18.909064462300293,12.078192032515595,0.0,False,,,,,,,
Dijkstra Teacher,1,1,0,901,19.12062157211595,12.038337612114738,0.0,False,,,,,,,
Dijkstra Teacher,1,1,0,902,19.300777387216016,12.018505621314612,0.0,False,,,,,,,
Dijkstra Teacher,1,1,0,903,19.4679731144424,12.07751597923415,0.0,False,,,,,,,
Dijkstra Teacher,1,1,0,904,19.64203001470409,12.175045127451636,0.0,False,,,,,,,
Dijkstra Teacher,1,1,0,905,19.896936981872077,12.268659726401507,0.0,False,,,,,,,
Dijkstra Teacher,1,1,0,906,20.19185315412844,12.369940373987117,0.0,False,,,,,,,
Dijkstra Teacher,1,1,0,907,20.442863742936904,12.459460838265436,0.0,False,,,,,,,
Dijkstra Teacher,1,1,0,908,20.545199818384845,12.527604587261836,0.0,False,,,,,,,
Dijkstra Teacher,1,1,0,909,20.5620402973091,12.611321094930997,0.0,False,,,,,,,
Dijkstra Teacher,1,1,0,910,20.534430618352264,12.696606618859606,0.0,False,,,,,,,
Dijkstra Teacher,1,1,0,911,20.530505744013677,12.791759878358503,0.0,False,,,,,,,
Dijkstra Teacher,1,1,0,912,20.532196672658984,12.913072402956123,0.0,False,,,,,,,
Dijkstra Teacher,1,1,0,913,20.570070638710263,13.128905934602898,0.0,False,,,,,,,
Dijkstra Teacher,1,1,0,914,20.59383428147359,13.338501860848512,0.0,False,,,,,,,
Dijkstra Teacher,1,1,0,915,20.602448502302963,13.531479805527232,0.0,False,,,,,,,
Dijkstra Teacher,1,1,0,916,20.599859791703324,13.71825656879412,0.0,False,,,,,,,
Dijkstra Teacher,1,1,0,917,20.521530385788637,13.782189818626264,0.0,False,,,,,,,
Dijkstra Teacher,1,1,0,918,20.388900094998313,13.84005657100412,0.0,False,,,,,,,
Dijkstra Teacher,1,1,0,919,20.289469470151435,13.930873675359695,0.0,False,,,,,,,
Dijkstra Teacher,1,1,0,920,20.203620561878974,14.003861274062263,0.0,False,,,,,,,
Dijkstra Teacher,1,1,0,921,20.253391249028727,14.08974694574496,0.0,False,,,,,,,
Dijkstra Teacher,1,1,0,922,20.34466789384857,14.22271269300413,0.0,False,,,,,,,
Dijkstra Teacher,1,1,0,923,20.403690715417355,14.364633768272524,0.0,False,,,,,,,
Dijkstra Teacher,1,1,0,924,20.432454968947223,14.502572506395634,0.0,False,,,,,,,
Dijkstra Teacher,1,1,0,925,20.430606744218228,14.64681057717802,0.0,False,,,,,,,
Dijkstra Teacher,1,1,0,926,20.379383488555593,14.80264153386871,0.0,False,,,,,,,
Dijkstra Teacher,1,1,0,927,20.303167922685724,14.977323620422917,0.0,False,,,,,,,
Dijkstra Teacher,1,1,0,928,20.257948202235944,15.146465387915867,0.0,False,,,,,,,
Dijkstra Teacher,1,1,0,929,20.357521334853686,15.282432315545556,0.0,False,,,,,,,
Dijkstra Teacher,1,1,0,930,20.495978694630494,15.43437352360132,0.0,False,,,,,,,
Dijkstra Teacher,1,1,0,931,20.607852064533255,15.60204602943472,0.0,False,,,,,,,
Dijkstra Teacher,1,1,0,932,20.719391197026717,15.723830839624451,0.0,False,,,,,,,
Dijkstra Teacher,1,1,0,933,20.734668684289986,15.817298678126368,0.0,False,,,,,,,
Dijkstra Teacher,1,1,0,934,20.62556963445827,15.912133768432364,0.0,False,,,,,,,
Dijkstra Teacher,1,1,0,935,20.515308637002136,16.03770505299972,0.0,False,,,,,,,
Dijkstra Teacher,1,1,0,936,20.436174920436308,16.18293140912505,0.0,False,,,,,,,
Dijkstra Teacher,1,1,0,937,20.383765086286576,16.34543871530016,0.0,False,,,,,,,
Dijkstra Teacher,1,1,0,938,20.38804108814472,16.527909618602063,0.0,False,,,,,,,
Dijkstra Teacher,1,1,0,939,20.440612743853883,16.73416379397867,0.0,False,,,,,,,
Dijkstra Teacher,1,1,0,940,20.47068131396516,16.92677648873766,0.0,False,,,,,,,
Dijkstra Teacher,1,1,0,941,20.462433312583737,17.09499905505891,0.0,False,,,,,,,
Dijkstra Teacher,1,1,0,942,20.354497823890405,17.237600040477545,0.0,False,,,,,,,
Dijkstra Teacher,1,1,0,943,20.27103690188408,17.40759172974778,0.0,False,,,,,,,
Dijkstra Teacher,1,1,0,944,20.206922323071066,17.578113083119163,0.0,False,,,,,,,
Dijkstra Teacher,1,1,0,945,20.163589311227483,17.767608855475924,0.0,False,,,,,,,
Dijkstra Teacher,1,1,0,946,20.194752187964788,17.964975473447716,0.0,False,,,,,,,
Dijkstra Teacher,1,1,0,947,20.2887906546273,18.14669448269984,0.0,False,,,,,,,
Dijkstra Teacher,1,1,0,948,20.354029740944092,18.329686938414696,0.0,False,,,,,,,
Dijkstra Teacher,1,1,0,949,20.369704588119543,18.50100244428262,0.0,False,,,,,,,
Dijkstra Teacher,1,1,0,950,20.264752291898812,18.66550147134648,0.0,False,,,,,,,
Dijkstra Teacher,1,1,0,951,20.18196306832291,18.85379674839457,0.0,False,,,,,,,
Dijkstra Teacher,1,1,0,952,20.12317513327038,19.03500057115783,0.0,False,,,,,,,
Dijkstra Teacher,1,1,0,953,20.093134000415667,19.225475724658175,0.0,False,,,,,,,
Dijkstra Teacher,1,1,0,954,20.162256059877155,19.437953879005992,0.0,False,,,,,,,
Dijkstra Teacher,1,1,0,955,20.214219976529872,19.66792244280284,1.0,True,,,,,,,
Recursive Bisection,1,1,0,0,0.886654889705156,-0.1602001672180948,0.0,False,,,,,,,
Recursive Bisection,1,1,0,1,0.8949694619971965,-0.1715016085589173,0.0,False,,,,,,,
Recursive Bisection,1,1,0,2,0.8935368559854281,-0.197547209577245,0.0,False,,,,,,,
Recursive Bisection,1,1,0,3,0.8402105684926555,-0.2571370455383766,0.0,False,,,,,,,
Recursive Bisection,1,1,0,4,0.7950699319231517,-0.2834219015269765,0.0,False,,,,,,,
Recursive Bisection,1,1,0,5,0.7745392787825901,-0.2072369861770683,0.0,False,,,,,,,
Recursive Bisection,1,1,0,6,0.7622617607465425,-0.1005993014113285,0.0,False,,,,,,,
Recursive Bisection,1,1,0,7,0.7615012585077158,-0.0042474880468138,0.0,False,,,,,,,
Recursive Bisection,1,1,0,8,0.7660648489542724,0.0869853827255425,0.0,False,,,,,,,
Recursive Bisection,1,1,0,9,0.7676478733815926,0.122227389957038,0.0,False,,,,,,,
Recursive Bisection,1,1,0,10,0.6704956218505691,0.0885432786462872,0.0,False,,,,,,,
Recursive Bisection,1,1,0,11,0.5714265928935658,0.08203613376666,0.0,False,,,,,,,
Recursive Bisection,1,1,0,12,0.4849610891703185,0.0981895684396492,0.0,False,,,,,,,
Recursive Bisection,1,1,0,13,0.4480649594854379,0.2373145797214946,0.0,False,,,,,,,
Recursive Bisection,1,1,0,14,0.4114397546673727,0.3915763336439821,0.0,False,,,,,,,
Recursive Bisection,1,1,0,15,0.3453811545194212,0.505114678958927,0.0,False,,,,,,,
Recursive Bisection,1,1,0,16,0.2597157065088631,0.6036637517589138,0.0,False,,,,,,,
Recursive Bisection,1,1,0,17,0.1490533388703953,0.6691610839691995,0.0,False,,,,,,,
Recursive Bisection,1,1,0,18,-0.0069873256668275,0.7272561727903084,0.0,False,,,,,,,
Recursive Bisection,1,1,0,19,-0.1214376368443446,0.8292363617512608,0.0,False,,,,,,,
Recursive Bisection,1,1,0,20,-0.1075466741159028,0.9764011861545796,0.0,False,,,,,,,
Recursive Bisection,1,1,0,21,-0.0508392969119984,1.1691900035095504,0.0,False,,,,,,,
Recursive Bisection,1,1,0,22,-0.0166837917058726,1.379150117924121,0.0,False,,,,,,,
Recursive Bisection,1,1,0,23,-0.0134998874884851,1.5703600630394454,0.0,False,,,,,,,
Recursive Bisection,1,1,0,24,-0.0368030264454792,1.7482800016918263,0.0,False,,,,,,,
Recursive Bisection,1,1,0,25,-0.144443868619455,1.900246641299216,0.0,False,,,,,,,
Recursive Bisection,1,1,0,26,-0.2727573779273755,2.054860039397766,0.0,False,,,,,,,
Recursive Bisection,1,1,0,27,-0.3674682078366508,2.2111212256800528,0.0,False,,,,,,,
Recursive Bisection,1,1,0,28,-0.4340400397355385,2.3639461054573885,0.0,False,,,,,,,
Recursive Bisection,1,1,0,29,-0.473156291680542,2.519264723223394,0.0,False,,,,,,,
Recursive Bisection,1,1,0,30,-0.4339616191362042,2.7380305975799017,0.0,False,,,,,,,
Recursive Bisection,1,1,0,31,-0.383310019406942,2.903974278563131,0.0,False,,,,,,,
Recursive Bisection,1,1,0,32,-0.3728260748083649,2.972464650285469,0.0,False,,,,,,,
Recursive Bisection,1,1,0,33,-0.3995690773385678,2.9765015671562356,0.0,False,,,,,,,
Recursive Bisection,1,1,0,34,-0.3952074159060372,2.9855237308723552,0.0,False,,,,,,,
Recursive Bisection,1,1,0,35,-0.3730295519028037,2.976108123712657,0.0,False,,,,,,,
Recursive Bisection,1,1,0,36,-0.3730639383303253,2.9276744098732523,0.0,False,,,,,,,
Recursive Bisection,1,1,0,37,-0.2918558398036461,2.926709846015403,0.0,False,,,,,,,
Recursive Bisection,1,1,0,38,-0.1758834391502755,2.939927720976028,0.0,False,,,,,,,
Recursive Bisection,1,1,0,39,-0.0828617073554673,2.931899734917172,0.0,False,,,,,,,
Recursive Bisection,1,1,0,40,-0.0132371580901023,2.930956024976606,0.0,False,,,,,,,
Recursive Bisection,1,1,0,41,0.0174256039200287,3.0017703350550264,0.0,False,,,,,,,
Recursive Bisection,1,1,0,42,0.0519352563339943,3.085235254469442,0.0,False,,,,,,,
Recursive Bisection,1,1,0,43,0.0842848380950371,3.1481568889552145,0.0,False,,,,,,,
Recursive Bisection,1,1,0,44,0.1772957259510345,3.187744232723176,0.0,False,,,,,,,
Recursive Bisection,1,1,0,45,0.364357530418631,3.2311656687943353,0.0,False,,,,,,,
Recursive Bisection,1,1,0,46,0.55951826341279,3.2714456476199323,0.0,False,,,,,,,
Recursive Bisection,1,1,0,47,0.7310980624294847,3.3176155472763793,0.0,False,,,,,,,
Recursive Bisection,1,1,0,48,0.8979187563137293,3.3556557011643644,0.0,False,,,,,,,
Recursive Bisection,1,1,0,49,1.0559609386706263,3.3802576084801212,0.0,False,,,,,,,
Recursive Bisection,1,1,0,50,1.1772728023499226,3.3910900627142015,0.0,False,,,,,,,
Recursive Bisection,1,1,0,51,1.2911573652807358,3.3386938729030455,0.0,False,,,,,,,
Recursive Bisection,1,1,0,52,1.4290456430897964,3.310486599825477,0.0,False,,,,,,,
Recursive Bisection,1,1,0,53,1.5878658717987275,3.3295889617107957,0.0,False,,,,,,,
Recursive Bisection,1,1,0,54,1.7887950934753951,3.4422605330736062,0.0,False,,,,,,,
Recursive Bisection,1,1,0,55,2.049729264871575,3.5432799319508637,0.0,False,,,,,,,
Recursive Bisection,1,1,0,56,2.2924374943675794,3.6223852837150736,0.0,False,,,,,,,
Recursive Bisection,1,1,0,57,2.42688055802458,3.673656164162384,0.0,False,,,,,,,
Recursive Bisection,1,1,0,58,2.5076131213214663,3.725608020546145,0.0,False,,,,,,,
Recursive Bisection,1,1,0,59,2.6042037976462487,3.785733856186008,0.0,False,,,,,,,
Recursive Bisection,1,1,0,60,2.7331717997222484,3.8779770058834977,0.0,False,,,,,,,
Recursive Bisection,1,1,0,61,2.87977235510838,3.936719971691839,0.0,False,,,,,,,
Recursive Bisection,1,1,0,62,3.1253431281580566,4.085877262905877,0.0,False,,,,,,,
Recursive Bisection,1,1,0,63,3.3873892377642596,4.239818587936309,0.0,False,,,,,,,
Recursive Bisection,1,1,0,64,3.601139204884894,4.38199058333201,0.0,False,,,,,,,
Recursive Bisection,1,1,0,65,3.7027564076413433,4.505008733525668,0.0,False,,,,,,,
Recursive Bisection,1,1,0,66,3.7834603158315057,4.62134892215916,0.0,False,,,,,,,
Recursive Bisection,1,1,0,67,3.880363809992046,4.803543580961691,0.0,False,,,,,,,
Recursive Bisection,1,1,0,68,3.94756212071504,5.000855159192585,0.0,False,,,,,,,
Recursive Bisection,1,1,0,69,4.033753990630427,5.181119075764249,0.0,False,,,,,,,
Recursive Bisection,1,1,0,70,4.223987041529098,5.383307483075404,0.0,False,,,,,,,
Recursive Bisection,1,1,0,71,4.403402982110279,5.568478725225834,0.0,False,,,,,,,
Recursive Bisection,1,1,0,72,4.531989168340374,5.6884532974213435,0.0,False,,,,,,,
Recursive Bisection,1,1,0,73,4.6230918187881205,5.778386090976637,0.0,False,,,,,,,
Recursive Bisection,1,1,0,74,4.661273635595321,5.838547873099365,0.0,False,,,,,,,
Recursive Bisection,1,1,0,75,4.679688683992249,5.849940268629975,0.0,False,,,,,,,
Recursive Bisection,1,1,0,76,4.757188419692457,5.949849285097162,0.0,False,,,,,,,
Recursive Bisection,1,1,0,77,4.854869808607886,6.0839755008008,0.0,False,,,,,,,
Recursive Bisection,1,1,0,78,4.933763049200138,6.202675354612763,0.0,False,,,,,,,
Recursive Bisection,1,1,0,79,4.9601122883465365,6.225526177230707,0.0,False,,,,,,,
Recursive Bisection,1,1,0,80,4.928950390927573,6.264960151019306,0.0,False,,,,,,,
Recursive Bisection,1,1,0,81,4.842849798898519,6.323433720663962,0.0,False,,,,,,,
Recursive Bisection,1,1,0,82,4.7852923191451655,6.383115092379752,0.0,False,,,,,,,
Recursive Bisection,1,1,0,83,4.807183919415613,6.447103668259942,0.0,False,,,,,,,
Recursive Bisection,1,1,0,84,4.900247208778364,6.55675060574075,0.0,False,,,,,,,
Recursive Bisection,1,1,0,85,5.035571248123127,6.685832983180311,0.0,False,,,,,,,
Recursive Bisection,1,1,0,86,5.134142746681921,6.76532945888996,0.0,False,,,,,,,
Recursive Bisection,1,1,0,87,5.1424307948878445,6.812980924399218,0.0,False,,,,,,,
Recursive Bisection,1,1,0,88,5.134669550389637,6.865422152016565,0.0,False,,,,,,,
Recursive Bisection,1,1,0,89,5.125123453082571,6.842542807760542,0.0,False,,,,,,,
Recursive Bisection,1,1,0,90,5.152488289317622,6.814098304342791,0.0,False,,,,,,,
Recursive Bisection,1,1,0,91,5.204195172032094,6.806402755744412,0.0,False,,,,,,,
Recursive Bisection,1,1,0,92,5.26876031245928,6.792630875345953,0.0,False,,,,,,,
Recursive Bisection,1,1,0,93,5.463328269076177,6.827623676384898,0.0,False,,,,,,,
Recursive Bisection,1,1,0,94,5.665390635270882,6.856110368352541,0.0,False,,,,,,,
Recursive Bisection,1,1,0,95,5.869208055699268,6.87161038870471,0.0,False,,,,,,,
Recursive Bisection,1,1,0,96,5.999919492900741,6.891883507940943,0.0,False,,,,,,,
Recursive Bisection,1,1,0,97,5.907968523672531,6.9491122955670575,0.0,False,,,,,,,
Recursive Bisection,1,1,0,98,5.839919173665805,7.007602724850639,0.0,False,,,,,,,
Recursive Bisection,1,1,0,99,5.792377452661951,7.062323919599682,0.0,False,,,,,,,
Recursive Bisection,1,1,0,100,5.862510678216608,7.101352304766082,0.0,False,,,,,,,
Recursive Bisection,1,1,0,101,6.032994631843015,7.13001228502081,0.0,False,,,,,,,
Recursive Bisection,1,1,0,102,6.212984702075498,7.154255984516876,0.0,False,,,,,,,
Recursive Bisection,1,1,0,103,6.36238189636304,7.189765741683589,0.0,False,,,,,,,
Recursive Bisection,1,1,0,104,6.498136540139316,7.22629124255326,0.0,False,,,,,,,
Recursive Bisection,1,1,0,105,6.622792395926783,7.255204918060286,0.0,False,,,,,,,
Recursive Bisection,1,1,0,106,6.665074546976189,7.226632647705179,0.0,False,,,,,,,
Recursive Bisection,1,1,0,107,6.675543950340831,7.134992443002578,0.0,False,,,,,,,
Recursive Bisection,1,1,0,108,6.702407139712729,7.085716394131168,0.0,False,,,,,,,
Recursive Bisection,1,1,0,109,6.804383922238683,7.176470146952257,0.0,False,,,,,,,
Recursive Bisection,1,1,0,110,6.938001506514163,7.311678678596169,0.0,False,,,,,,,
Recursive Bisection,1,1,0,111,7.039163197665691,7.445736802847416,0.0,False,,,,,,,
Recursive Bisection,1,1,0,112,7.125427742433474,7.5544007241393745,0.0,False,,,,,,,
Recursive Bisection,1,1,0,113,7.137300482870671,7.633719879550986,0.0,False,,,,,,,
Recursive Bisection,1,1,0,114,7.145330377228957,7.694812380520561,0.0,False,,,,,,,
Recursive Bisection,1,1,0,115,7.160710497478364,7.733017526362551,0.0,False,,,,,,,
Recursive Bisection,1,1,0,116,7.202540378721111,7.768666800396003,0.0,False,,,,,,,
Recursive Bisection,1,1,0,117,7.263312467734227,7.7965540260279536,0.0,False,,,,,,,
Recursive Bisection,1,1,0,118,7.333275545445743,7.866760158112108,0.0,False,,,,,,,
Recursive Bisection,1,1,0,119,7.478184043598969,7.999001029821111,0.0,False,,,,,,,
Recursive Bisection,1,1,0,120,7.631991794403045,8.099714714195873,0.0,False,,,,,,,
Recursive Bisection,1,1,0,121,7.779695010404526,8.199765718717432,0.0,False,,,,,,,
Recursive Bisection,1,1,0,122,7.940076514609876,8.275265474498491,0.0,False,,,,,,,
Recursive Bisection,1,1,0,123,8.116034532986767,8.319873858357903,0.0,False,,,,,,,
Recursive Bisection,1,1,0,124,8.281595349772045,8.175087267018148,0.0,False,,,,,,,
Recursive Bisection,1,1,0,125,8.447035090466521,8.023121384702964,0.0,False,,,,,,,
Recursive Bisection,1,1,0,126,8.616358764638361,7.887889250697433,0.0,False,,,,,,,
Recursive Bisection,1,1,0,127,8.78259080846401,7.789006729397569,0.0,False,,,,,,,
Recursive Bisection,1,1,0,128,8.870593975161187,7.849121164031206,0.0,False,,,,,,,
Recursive Bisection,1,1,0,129,8.966474324216136,7.9251877686006305,0.0,False,,,,,,,
Recursive Bisection,1,1,0,130,9.049699578919723,7.996779341131145,0.0,False,,,,,,,
Recursive Bisection,1,1,0,131,9.062722889532829,8.064224497270793,0.0,False,,,,,,,
Recursive Bisection,1,1,0,132,9.072232903972736,8.159006054495793,0.0,False,,,,,,,
Recursive Bisection,1,1,0,133,9.1072296279557,8.261322327617513,0.0,False,,,,,,,
Recursive Bisection,1,1,0,134,9.188986413775448,8.35015583825684,0.0,False,,,,,,,
Recursive Bisection,1,1,0,135,9.264682674346997,8.36081743077439,0.0,False,,,,,,,
Recursive Bisection,1,1,0,136,9.330077875902742,8.342676204673104,0.0,False,,,,,,,
Recursive Bisection,1,1,0,137,9.38280631484301,8.329636066594725,0.0,False,,,,,,,
Recursive Bisection,1,1,0,138,9.470266582357894,8.373716095070877,0.0,False,,,,,,,
Recursive Bisection,1,1,0,139,9.60212721186604,8.436524578948775,0.0,False,,,,,,,
Recursive Bisection,1,1,0,140,9.765558840663594,8.496232786038938,0.0,False,,,,,,,
Recursive Bisection,1,1,0,141,9.935654474337111,8.538832799148455,0.0,False,,,,,,,
Recursive Bisection,1,1,0,142,10.10282382255897,8.567143536077676,0.0,False,,,,,,,
Recursive Bisection,1,1,0,143,10.15965157386405,8.616770825842796,0.0,False,,,,,,,
Recursive Bisection,1,1,0,144,10.220546999258346,8.60577460551469,0.0,False,,,,,,,
Recursive Bisection,1,1,0,145,10.272821157332787,8.591776658371952,0.0,False,,,,,,,
Recursive Bisection,1,1,0,146,10.360658794474311,8.59041578437459,0.0,False,,,,,,,
Recursive Bisection,1,1,0,147,10.45193672706908,8.636055426079755,0.0,False,,,,,,,
Recursive Bisection,1,1,0,148,10.525106236178278,8.787361728887529,0.0,False,,,,,,,
Recursive Bisection,1,1,0,149,10.71377796274656,8.998056060364327,0.0,False,,,,,,,
Recursive Bisection,1,1,0,150,10.905888972216012,9.200273544296875,0.0,False,,,,,,,
Recursive Bisection,1,1,0,151,11.0632096774119,9.376893021113885,0.0,False,,,,,,,
Recursive Bisection,1,1,0,152,11.121476576084891,9.53283195743841,0.0,False,,,,,,,
Recursive Bisection,1,1,0,153,11.148844487191536,9.713602254913438,0.0,False,,,,,,,
Recursive Bisection,1,1,0,154,11.188320314900489,9.909794032402733,0.0,False,,,,,,,
Recursive Bisection,1,1,0,155,11.146843238095522,10.0685503570593,0.0,False,,,,,,,
Recursive Bisection,1,1,0,156,11.16146533886517,10.182903066185352,0.0,False,,,,,,,
Recursive Bisection,1,1,0,157,11.195846567207155,10.27537934809085,0.0,False,,,,,,,
Recursive Bisection,1,1,0,158,11.21826326061784,10.365988557290995,0.0,False,,,,,,,
Recursive Bisection,1,1,0,159,11.21032983996156,10.47540019677451,0.0,False,,,,,,,
Recursive Bisection,1,1,0,160,11.184836246005151,10.591558339134425,0.0,False,,,,,,,
Recursive Bisection,1,1,0,161,11.16024289013437,10.707749488542223,0.0,False,,,,,,,
Recursive Bisection,1,1,0,162,11.150843708471257,10.753891829695087,0.0,False,,,,,,,
Recursive Bisection,1,1,0,163,11.14981193524572,10.713956136492827,0.0,False,,,,,,,
Recursive Bisection,1,1,0,164,11.152135701540244,10.672006259844746,0.0,False,,,,,,,
Recursive Bisection,1,1,0,165,11.19291934006596,10.65972214192876,0.0,False,,,,,,,
Recursive Bisection,1,1,0,166,11.27856202423181,10.682221308856592,0.0,False,,,,,,,
Recursive Bisection,1,1,0,167,11.424996615386396,10.7582589492629,0.0,False,,,,,,,
Recursive Bisection,1,1,0,168,11.43711005882246,10.922967931338576,0.0,False,,,,,,,
Recursive Bisection,1,1,0,169,11.427716775375853,11.100561853331463,0.0,False,,,,,,,
Recursive Bisection,1,1,0,170,11.412241350568737,11.251595937431484,0.0,False,,,,,,,
Recursive Bisection,1,1,0,171,11.421337363766602,11.31584386565742,0.0,False,,,,,,,
Recursive Bisection,1,1,0,172,11.49439077799783,11.278286966324218,0.0,False,,,,,,,
Recursive Bisection,1,1,0,173,11.582964688589698,11.269680457165776,0.0,False,,,,,,,
Recursive Bisection,1,1,0,174,11.668727014200307,11.261170322146926,0.0,False,,,,,,,
Recursive Bisection,1,1,0,175,11.774445496685784,11.231419692835384,0.0,False,,,,,,,
Recursive Bisection,1,1,0,176,11.8980533716737,11.21049245911684,0.0,False,,,,,,,
Recursive Bisection,1,1,0,177,12.026184673375782,11.239291472139533,0.0,False,,,,,,,
Recursive Bisection,1,1,0,178,12.162899515884504,11.384868136847862,0.0,False,,,,,,,
Recursive Bisection,1,1,0,179,12.311945466336036,11.54196742512661,0.0,False,,,,,,,
Recursive Bisection,1,1,0,180,12.431283952789151,11.6502135205709,0.0,False,,,,,,,
Recursive Bisection,1,1,0,181,12.513909061423712,11.71613776505402,0.0,False,,,,,,,
Recursive Bisection,1,1,0,182,12.584911643217731,11.782089756567224,0.0,False,,,,,,,
Recursive Bisection,1,1,0,183,12.668434465389764,11.859197675959344,0.0,False,,,,,,,
Recursive Bisection,1,1,0,184,12.760088518256309,11.924854759227305,0.0,False,,,,,,,
Recursive Bisection,1,1,0,185,12.905935280568904,12.045460223939845,0.0,False,,,,,,,
Recursive Bisection,1,1,0,186,13.079767759456011,12.157216079298616,0.0,False,,,,,,,
Recursive Bisection,1,1,0,187,13.250795451411456,12.25813703289436,0.0,False,,,,,,,
Recursive Bisection,1,1,0,188,13.422386636307136,12.329890534494568,0.0,False,,,,,,,
Recursive Bisection,1,1,0,189,13.571121986923202,12.31008144480107,0.0,False,,,,,,,
Recursive Bisection,1,1,0,190,13.732204055211884,12.208556186796324,0.0,False,,,,,,,
Recursive Bisection,1,1,0,191,13.901519417119726,12.130209957230074,0.0,False,,,,,,,
Recursive Bisection,1,1,0,192,14.07992201965661,12.07836401502079,0.0,False,,,,,,,
Recursive Bisection,1,1,0,193,14.211591571610391,12.142927188939025,0.0,False,,,,,,,
Recursive Bisection,1,1,0,194,14.385494440247571,12.255954690411484,0.0,False,,,,,,,
Recursive Bisection,1,1,0,195,14.552494410598651,12.373221968047392,0.0,False,,,,,,,
Recursive Bisection,1,1,0,196,14.700390617671822,12.486285976573951,0.0,False,,,,,,,
Recursive Bisection,1,1,0,197,14.830461603126128,12.507389230908071,0.0,False,,,,,,,
Recursive Bisection,1,1,0,198,14.952075314523146,12.39182630407378,0.0,False,,,,,,,
Recursive Bisection,1,1,0,199,15.07659656258127,12.305937306105982,0.0,False,,,,,,,
Recursive Bisection,1,1,0,200,15.21375345993891,12.24980014543295,0.0,False,,,,,,,
Recursive Bisection,1,1,0,201,15.365882354953351,12.243211835981066,0.0,False,,,,,,,
Recursive Bisection,1,1,0,202,15.602036490741744,12.323333288028689,0.0,False,,,,,,,
Recursive Bisection,1,1,0,203,15.86971393746278,12.394790810151814,0.0,False,,,,,,,
Recursive Bisection,1,1,0,204,16.109631810958646,12.45922902757862,0.0,False,,,,,,,
Recursive Bisection,1,1,0,205,16.235327252442428,12.549699275515378,0.0,False,,,,,,,
Recursive Bisection,1,1,0,206,16.334616083949165,12.596430680597036,0.0,False,,,,,,,
Recursive Bisection,1,1,0,207,16.460920205654833,12.628219780186177,0.0,False,,,,,,,
Recursive Bisection,1,1,0,208,16.60079082393176,12.670919767546708,0.0,False,,,,,,,
Recursive Bisection,1,1,0,209,16.751241889369265,12.751328901773268,0.0,False,,,,,,,
Recursive Bisection,1,1,0,210,16.930146834269337,12.869332678795224,0.0,False,,,,,,,
Recursive Bisection,1,1,0,211,17.18189068415858,13.014261904970512,0.0,False,,,,,,,
Recursive Bisection,1,1,0,212,17.416011585002742,13.132071274564304,0.0,False,,,,,,,
Recursive Bisection,1,1,0,213,17.615915377797453,13.15277566557424,0.0,False,,,,,,,
Recursive Bisection,1,1,0,214,17.79367119456275,13.02924752081439,0.0,False,,,,,,,
Recursive Bisection,1,1,0,215,17.9578383607269,12.923638938323217,0.0,False,,,,,,,
Recursive Bisection,1,1,0,216,18.096015417211397,12.837380537778904,0.0,False,,,,,,,
Recursive Bisection,1,1,0,217,18.174006087113035,12.824398250825665,0.0,False,,,,,,,
Recursive Bisection,1,1,0,218,18.295598270471157,12.837890782751762,0.0,False,,,,,,,
Recursive Bisection,1,1,0,219,18.47115944215817,12.868503812189187,0.0,False,,,,,,,
Recursive Bisection,1,1,0,220,18.630570539119812,12.897522754914377,0.0,False,,,,,,,
Recursive Bisection,1,1,0,221,18.78944489671685,12.912531740780883,0.0,False,,,,,,,
Recursive Bisection,1,1,0,222,18.98129571338198,12.898140684401712,0.0,False,,,,,,,
Recursive Bisection,1,1,0,223,19.157706948865354,12.818205999088764,0.0,False,,,,,,,
Recursive Bisection,1,1,0,224,19.287024920064773,12.747156758298084,0.0,False,,,,,,,
Recursive Bisection,1,1,0,225,19.420595929210123,12.71158237251505,0.0,False,,,,,,,
Recursive Bisection,1,1,0,226,19.555008700318552,12.76405066488461,0.0,False,,,,,,,
Recursive Bisection,1,1,0,227,19.747285251065733,12.855766642129897,0.0,False,,,,,,,
Recursive Bisection,1,1,0,228,19.95979403623107,12.963170707959012,0.0,False,,,,,,,
Recursive Bisection,1,1,0,229,20.16394293926054,13.057574720595344,0.0,False,,,,,,,
Recursive Bisection,1,1,0,230,20.3473577711073,13.144690301348854,0.0,False,,,,,,,
Recursive Bisection,1,1,0,231,20.393320793387712,13.232491641091189,0.0,False,,,,,,,
Recursive Bisection,1,1,0,232,20.387668280796653,13.348208830110837,0.0,False,,,,,,,
Recursive Bisection,1,1,0,233,20.408462485966616,13.456985173999652,0.0,False,,,,,,,
Recursive Bisection,1,1,0,234,20.378861654807892,13.580699117507397,0.0,False,,,,,,,
Recursive Bisection,1,1,0,235,20.357420215045348,13.720019312699137,0.0,False,,,,,,,
Recursive Bisection,1,1,0,236,20.3579948366135,13.83989822932247,0.0,False,,,,,,,
Recursive Bisection,1,1,0,237,20.384545333739943,13.93883132993408,0.0,False,,,,,,,
Recursive Bisection,1,1,0,238,20.329491415962853,13.988378435165734,0.0,False,,,,,,,
Recursive Bisection,1,1,0,239,20.233935706955833,14.035534796776185,0.0,False,,,,,,,
Recursive Bisection,1,1,0,240,20.076078444136883,14.081316431304366,0.0,False,,,,,,,
Recursive Bisection,1,1,0,241,19.935525889109993,14.14938776600076,0.0,False,,,,,,,
Recursive Bisection,1,1,0,242,19.821713005785895,14.214358893511967,0.0,False,,,,,,,
Recursive Bisection,1,1,0,243,19.75867083742929,14.305173714906568,0.0,False,,,,,,,
Recursive Bisection,1,1,0,244,19.78649226185039,14.494958183555,0.0,False,,,,,,,
Recursive Bisection,1,1,0,245,19.79112261474873,14.693821949499917,0.0,False,,,,,,,
Recursive Bisection,1,1,0,246,19.770170275230345,14.876895106186971,0.0,False,,,,,,,
Recursive Bisection,1,1,0,247,19.721004991956622,15.051121056461245,0.0,False,,,,,,,
Recursive Bisection,1,1,0,248,19.62493630567215,15.201171322987255,0.0,False,,,,,,,
Recursive Bisection,1,1,0,249,19.478985930417444,15.32918684487814,0.0,False,,,,,,,
Recursive Bisection,1,1,0,250,19.3908377363547,15.43711070610578,0.0,False,,,,,,,
Recursive Bisection,1,1,0,251,19.44446109328467,15.546397895498435,0.0,False,,,,,,,
Recursive Bisection,1,1,0,252,19.522299211625626,15.680925082302918,0.0,False,,,,,,,
Recursive Bisection,1,1,0,253,19.60531975385397,15.873789378151182,0.0,False,,,,,,,
Recursive Bisection,1,1,0,254,19.649622311664697,16.04199786283239,0.0,False,,,,,,,
Recursive Bisection,1,1,0,255,19.661889654254647,16.193736409602987,0.0,False,,,,,,,
Recursive Bisection,1,1,0,256,19.610319054470843,16.32467519545068,0.0,False,,,,,,,
Recursive Bisection,1,1,0,257,19.48260193457405,16.457383770505466,0.0,False,,,,,,,
Recursive Bisection,1,1,0,258,19.388318311591817,16.5926031965727,0.0,False,,,,,,,
Recursive Bisection,1,1,0,259,19.319567352608058,16.733007317768386,0.0,False,,,,,,,
Recursive Bisection,1,1,0,260,19.29159784053254,16.88078562350229,0.0,False,,,,,,,
Recursive Bisection,1,1,0,261,19.36070791947284,17.079661028645408,0.0,False,,,,,,,
Recursive Bisection,1,1,0,262,19.419027047543253,17.296167109217734,0.0,False,,,,,,,
Recursive Bisection,1,1,0,263,19.452595723793955,17.518250589527522,0.0,False,,,,,,,
Recursive Bisection,1,1,0,264,19.439846872168125,17.684873256934097,0.0,False,,,,,,,
Recursive Bisection,1,1,0,265,19.369751182666626,17.808420766858344,0.0,False,,,,,,,
Recursive Bisection,1,1,0,266,19.274966507460135,17.92514654542253,0.0,False,,,,,,,
Recursive Bisection,1,1,0,267,19.20318833669974,18.031862543685296,0.0,False,,,,,,,
Recursive Bisection,1,1,0,268,19.2455244959913,18.159912979438698,0.0,False,,,,,,,
Recursive Bisection,1,1,0,269,19.304862306117432,18.341808101373186,0.0,False,,,,,,,
Recursive Bisection,1,1,0,270,19.335613704496833,18.547837962634016,0.0,False,,,,,,,
Recursive Bisection,1,1,0,271,19.34650456087479,18.736205393267586,0.0,False,,,,,,,
Recursive Bisection,1,1,0,272,19.333870672541806,18.91876585204867,0.0,False,,,,,,,
Recursive Bisection,1,1,0,273,19.20546003071294,19.04554624969117,0.0,False,,,,,,,
Recursive Bisection,1,1,0,274,19.03006280308174,19.178351246529743,0.0,False,,,,,,,
Recursive Bisection,1,1,0,275,18.88080708526356,19.324725523484737,0.0,False,,,,,,,
Recursive Bisection,1,1,0,276,18.755524786948335,19.484701647600453,0.0,False,,,,,,,
Recursive Bisection,1,1,0,277,18.67419245457137,19.657393386239264,0.0,False,,,,,,,
Recursive Bisection,1,1,0,278,18.568481254541616,19.856788558274086,0.0,False,,,,,,,
Recursive Bisection,1,1,0,279,18.45390724047867,19.957757270142984,0.0,False,,,,,,,
Recursive Bisection,1,1,0,280,18.338232570212806,19.992721493842964,0.0,False,,,,,,,
Recursive Bisection,1,1,0,281,18.20908217051405,20.02273124698246,0.0,False,,,,,,,
Recursive Bisection,1,1,0,282,18.062540898088848,20.012100384405297,0.0,False,,,,,,,
Recursive Bisection,1,1,0,283,17.855875051543144,20.011008413331172,0.0,False,,,,,,,
Recursive Bisection,1,1,0,284,17.66412809512633,20.035962016179276,0.0,False,,,,,,,
Recursive Bisection,1,1,0,285,17.479906999966285,20.0586577141322,0.0,False,,,,,,,
Recursive Bisection,1,1,0,286,17.366609495193252,20.12236909995496,0.0,False,,,,,,,
Recursive Bisection,1,1,0,287,17.25080771612158,20.23357595437719,0.0,False,,,,,,,
Recursive Bisection,1,1,0,288,17.093622471236706,20.32891462448101,0.0,False,,,,,,,
Recursive Bisection,1,1,0,289,16.99045527287485,20.345479237440248,0.0,False,,,,,,,
Recursive Bisection,1,1,0,290,16.88143177128897,20.26916469273419,0.0,False,,,,,,,
Recursive Bisection,1,1,0,291,16.7404170389281,20.197476414643475,0.0,False,,,,,,,
Recursive Bisection,1,1,0,292,16.56618738413728,20.14104117494476,0.0,False,,,,,,,
Recursive Bisection,1,1,0,293,16.3933369943186,20.12797144518252,0.0,False,,,,,,,
Recursive Bisection,1,1,0,294,16.25965458648216,20.147494035921927,0.0,False,,,,,,,
Recursive Bisection,1,1,0,295,16.18222296745032,20.205551500676513,0.0,False,,,,,,,
Recursive Bisection,1,1,0,296,16.13171480156776,20.23174251594521,0.0,False,,,,,,,
Recursive Bisection,1,1,0,297,16.087644197830887,20.264855873585383,0.0,False,,,,,,,
Recursive Bisection,1,1,0,298,16.01844544279775,20.23343518907828,0.0,False,,,,,,,
Recursive Bisection,1,1,0,299,15.914327835847184,20.17883713511228,0.0,False,,,,,,,
Recursive Bisection,1,1,0,300,15.727290173372335,20.1134655058199,0.0,False,,,,,,,
Recursive Bisection,1,1,0,301,15.516933885873533,20.04777129845018,0.0,False,,,,,,,
Recursive Bisection,1,1,0,302,15.325314111272151,19.976807662604692,0.0,False,,,,,,,
Recursive Bisection,1,1,0,303,15.144207026638142,19.89512239485981,0.0,False,,,,,,,
Recursive Bisection,1,1,0,304,15.012103433005574,19.831646077761597,0.0,False,,,,,,,
Recursive Bisection,1,1,0,305,14.982127257800052,19.806638980736953,0.0,False,,,,,,,
Recursive Bisection,1,1,0,306,14.991261118399658,19.783701502410594,0.0,False,,,,,,,
Recursive Bisection,1,1,0,307,15.03330413495334,19.75832230321835,0.0,False,,,,,,,
Recursive Bisection,1,1,0,308,15.101398153460686,19.71123271225622,0.0,False,,,,,,,
Recursive Bisection,1,1,0,309,15.15821386281183,19.59735232235373,0.0,False,,,,,,,
Recursive Bisection,1,1,0,310,15.203338927442156,19.43936714197245,0.0,False,,,,,,,
Recursive Bisection,1,1,0,311,15.29771982832012,19.313093600889417,0.0,False,,,,,,,
Recursive Bisection,1,1,0,312,15.365058687569336,19.3105686522542,0.0,False,,,,,,,
Recursive Bisection,1,1,0,313,15.432970146517649,19.360456677551444,0.0,False,,,,,,,
Recursive Bisection,1,1,0,314,15.510272530517328,19.44159191570487,0.0,False,,,,,,,
Recursive Bisection,1,1,0,315,15.603371188931872,19.549017375284304,0.0,False,,,,,,,
Recursive Bisection,1,1,0,316,15.695779778475604,19.6465268296984,0.0,False,,,,,,,
Recursive Bisection,1,1,0,317,15.753873202759564,19.736456154811,0.0,False,,,,,,,
Recursive Bisection,1,1,0,318,15.732268104533318,19.82553915203035,0.0,False,,,,,,,
Recursive Bisection,1,1,0,319,15.68156501683188,19.940674589683436,0.0,False,,,,,,,
Recursive Bisection,1,1,0,320,15.650365836453394,20.0826708448035,0.0,False,,,,,,,
Recursive Bisection,1,1,0,321,15.619190746342817,20.211098882407317,0.0,False,,,,,,,
Recursive Bisection,1,1,0,322,15.573243177573136,20.333423391633342,0.0,False,,,,,,,
Recursive Bisection,1,1,0,323,15.526168406543496,20.43618451036085,0.0,False,,,,,,,
Recursive Bisection,1,1,0,324,15.497545036837064,20.397090380461393,0.0,False,,,,,,,
Recursive Bisection,1,1,0,325,15.42717802768483,20.300371677855892,0.0,False,,,,,,,
Recursive Bisection,1,1,0,326,15.38346322916056,20.213106784302692,0.0,False,,,,,,,
Recursive Bisection,1,1,0,327,15.395093177725265,20.119816164520163,0.0,False,,,,,,,
Recursive Bisection,1,1,0,328,15.426253696528244,20.04431875890219,0.0,False,,,,,,,
Recursive Bisection,1,1,0,329,15.545749438851123,20.01172614804653,0.0,False,,,,,,,
Recursive Bisection,1,1,0,330,15.786318923132743,20.02665983083472,0.0,False,,,,,,,
Recursive Bisection,1,1,0,331,16.001306428127627,20.034883290648267,0.0,False,,,,,,,
Recursive Bisection,1,1,0,332,16.198909542674464,20.04253706474459,0.0,False,,,,,,,
Recursive Bisection,1,1,0,333,16.378794424894675,20.05206948321871,0.0,False,,,,,,,
Recursive Bisection,1,1,0,334,16.514904819808688,20.002280195840175,0.0,False,,,,,,,
Recursive Bisection,1,1,0,335,16.657062145539264,19.940116297346663,0.0,False,,,,,,,
Recursive Bisection,1,1,0,336,16.822523530537204,19.880083442944272,0.0,False,,,,,,,
Recursive Bisection,1,1,0,337,17.021783042082962,19.90370315817917,0.0,False,,,,,,,
Recursive Bisection,1,1,0,338,17.242050097614904,19.940529022540407,0.0,False,,,,,,,
Recursive Bisection,1,1,0,339,17.4873657211963,19.946767531523665,0.0,False,,,,,,,
Recursive Bisection,1,1,0,340,17.709649304245932,19.94446463182594,0.0,False,,,,,,,
Recursive Bisection,1,1,0,341,17.91162463732799,19.92075824514842,0.0,False,,,,,,,
Recursive Bisection,1,1,0,342,18.0601427491887,19.81837844660687,0.0,False,,,,,,,
Recursive Bisection,1,1,0,343,18.196258192576487,19.662301785445745,0.0,False,,,,,,,
Recursive Bisection,1,1,0,344,18.34764527157451,19.525574030837877,0.0,False,,,,,,,
Recursive Bisection,1,1,0,345,18.48257715194656,19.41681032326847,0.0,False,,,,,,,
Recursive Bisection,1,1,0,346,18.629193744311724,19.334842068318416,0.0,False,,,,,,,
Recursive Bisection,1,1,0,347,18.838095872298677,19.261373216770227,0.0,False,,,,,,,
Recursive Bisection,1,1,0,348,18.928156224512513,19.20273669466295,0.0,False,,,,,,,
Recursive Bisection,1,1,0,349,18.91566803948687,19.099948209147524,0.0,False,,,,,,,
Recursive Bisection,1,1,0,350,18.864371133283843,18.995104020210324,0.0,False,,,,,,,
Recursive Bisection,1,1,0,351,18.863512075275302,18.90406083258506,0.0,False,,,,,,,
Recursive Bisection,1,1,0,352,18.950338975711244,18.852768799142705,0.0,False,,,,,,,
Recursive Bisection,1,1,0,353,19.11965943267804,18.80183455123137,0.0,False,,,,,,,
Recursive Bisection,1,1,0,354,19.285033202888833,18.748735771054744,0.0,False,,,,,,,
Recursive Bisection,1,1,0,355,19.433692142412287,18.68478823715233,0.0,False,,,,,,,
Recursive Bisection,1,1,0,356,19.563357193457986,18.604813539347667,0.0,False,,,,,,,
Recursive Bisection,1,1,0,357,19.54045481688656,18.47613906596506,0.0,False,,,,,,,
Recursive Bisection,1,1,0,358,19.48106136063439,18.317483728736452,0.0,False,,,,,,,
Recursive Bisection,1,1,0,359,19.44933910737537,18.163905279179183,0.0,False,,,,,,,
Recursive Bisection,1,1,0,360,19.40573053496409,18.01162316072671,0.0,False,,,,,,,
Recursive Bisection,1,1,0,361,19.416275365220717,17.900444750705258,0.0,False,,,,,,,
Recursive Bisection,1,1,0,362,19.488667135939657,17.79763598628598,0.0,False,,,,,,,
Recursive Bisection,1,1,0,363,19.55135160829997,17.684767271586697,0.0,False,,,,,,,
Recursive Bisection,1,1,0,364,19.60775211731367,17.555153395090233,0.0,False,,,,,,,
Recursive Bisection,1,1,0,365,19.623443217831596,17.428457338928308,0.0,False,,,,,,,
Recursive Bisection,1,1,0,366,19.52784589448742,17.272867784729147,0.0,False,,,,,,,
Recursive Bisection,1,1,0,367,19.46310243914616,17.106634495550818,0.0,False,,,,,,,
Recursive Bisection,1,1,0,368,19.42500079462156,16.954127740220766,0.0,False,,,,,,,
Recursive Bisection,1,1,0,369,19.446576725667263,16.829822766161517,0.0,False,,,,,,,
Recursive Bisection,1,1,0,370,19.485868705146316,16.69136602502355,0.0,False,,,,,,,
Recursive Bisection,1,1,0,371,19.499479370251855,16.525772578187407,0.0,False,,,,,,,
Recursive Bisection,1,1,0,372,19.47463721282823,16.342765515226017,0.0,False,,,,,,,
Recursive Bisection,1,1,0,373,19.35662866832973,16.102072796988747,0.0,False,,,,,,,
Recursive Bisection,1,1,0,374,19.256057965000736,15.866429259266416,0.0,False,,,,,,,
Recursive Bisection,1,1,0,375,19.185807595563094,15.631329022377969,0.0,False,,,,,,,
Recursive Bisection,1,1,0,376,19.142942869517665,15.412485636120165,0.0,False,,,,,,,
Recursive Bisection,1,1,0,377,19.18379436592165,15.22499984614162,0.0,False,,,,,,,
Recursive Bisection,1,1,0,378,19.224895737694464,15.03055531274787,0.0,False,,,,,,,
Recursive Bisection,1,1,0,379,19.24137066994424,14.831093012920272,0.0,False,,,,,,,
Recursive Bisection,1,1,0,380,19.234075446336448,14.637475269345412,0.0,False,,,,,,,
Recursive Bisection,1,1,0,381,19.16835517170335,14.480875995070717,0.0,False,,,,,,,
Recursive Bisection,1,1,0,382,19.101822526185867,14.321385556194285,0.0,False,,,,,,,
Recursive Bisection,1,1,0,383,19.067692471857875,14.164036514118605,0.0,False,,,,,,,
Recursive Bisection,1,1,0,384,19.074268610400825,14.00258441321903,0.0,False,,,,,,,
Recursive Bisection,1,1,0,385,19.13705213290136,13.821879530839258,0.0,False,,,,,,,
Recursive Bisection,1,1,0,386,19.229126213865417,13.615703549561966,0.0,False,,,,,,,
Recursive Bisection,1,1,0,387,19.27301074109992,13.449384561343674,0.0,False,,,,,,,
Recursive Bisection,1,1,0,388,19.201303522225608,13.318240768405715,0.0,False,,,,,,,
Recursive Bisection,1,1,0,389,19.10648582026248,13.166396845419968,0.0,False,,,,,,,
Recursive Bisection,1,1,0,390,19.03772807171159,12.99748306338509,0.0,False,,,,,,,
Recursive Bisection,1,1,0,391,19.03974220868325,12.886428179401229,0.0,False,,,,,,,
Recursive Bisection,1,1,0,392,19.11679692641312,12.798930281160333,0.0,False,,,,,,,
Recursive Bisection,1,1,0,393,19.19970286345262,12.692930106148772,0.0,False,,,,,,,
Recursive Bisection,1,1,0,394,19.261896319925572,12.55716054175598,0.0,False,,,,,,,
Recursive Bisection,1,1,0,395,19.292760754733035,12.422902010733043,0.0,False,,,,,,,
Recursive Bisection,1,1,0,396,19.220032255199964,12.34827830362042,0.0,False,,,,,,,
Recursive Bisection,1,1,0,397,19.073107839566863,12.390449731179231,0.0,False,,,,,,,
Recursive Bisection,1,1,0,398,18.91100743313452,12.463479198981618,0.0,False,,,,,,,
Recursive Bisection,1,1,0,399,18.772592560118063,12.513124550648604,0.0,False,,,,,,,
Recursive Bisection,1,1,0,400,18.70652106232109,12.5502260202093,0.0,False,,,,,,,
Recursive Bisection,1,1,0,401,18.652968824439288,12.58921901325123,0.0,False,,,,,,,
Recursive Bisection,1,1,0,402,18.57178925052528,12.64060532321521,0.0,False,,,,,,,
Recursive Bisection,1,1,0,403,18.456108847447897,12.645577141828973,0.0,False,,,,,,,
Recursive Bisection,1,1,0,404,18.252349421968365,12.641295234764636,0.0,False,,,,,,,
Recursive Bisection,1,1,0,405,18.00457188181855,12.693478929549649,0.0,False,,,,,,,
Recursive Bisection,1,1,0,406,17.754181331122233,12.74280473457434,0.0,False,,,,,,,
Recursive Bisection,1,1,0,407,17.581605901317587,12.75038807513588,0.0,False,,,,,,,
Recursive Bisection,1,1,0,408,17.429982867869132,12.696093811525072,0.0,False,,,,,,,
Recursive Bisection,1,1,0,409,17.25346705327768,12.646098778469458,0.0,False,,,,,,,
Recursive Bisection,1,1,0,410,17.06261245120792,12.63170222772862,0.0,False,,,,,,,
Recursive Bisection,1,1,0,411,16.880992672151965,12.725182783723522,0.0,False,,,,,,,
Recursive Bisection,1,1,0,412,16.735371186881057,12.910727480464944,0.0,False,,,,,,,
Recursive Bisection,1,1,0,413,16.590216247205003,13.063433285777444,0.0,False,,,,,,,
Recursive Bisection,1,1,0,414,16.458236879605966,13.157524481635727,0.0,False,,,,,,,
Recursive Bisection,1,1,0,415,16.352069837461887,13.053919253999997,0.0,False,,,,,,,
Recursive Bisection,1,1,0,416,16.247753376674535,12.913812317575752,0.0,False,,,,,,,
Recursive Bisection,1,1,0,417,16.14408771832454,12.804514396133952,0.0,False,,,,,,,
Recursive Bisection,1,1,0,418,16.044724164334582,12.752948237891028,0.0,False,,,,,,,
Recursive Bisection,1,1,0,419,16.009984659615508,12.860504129215578,0.0,False,,,,,,,
Recursive Bisection,1,1,0,420,15.964281378247328,12.993211456666948,0.0,False,,,,,,,
Recursive Bisection,1,1,0,421,15.813331281119355,13.127182769866048,0.0,False,,,,,,,
Recursive Bisection,1,1,0,422,15.671034599687449,13.231894996205584,0.0,False,,,,,,,
Recursive Bisection,1,1,0,423,15.538431856327392,13.328100797354846,0.0,False,,,,,,,
Recursive Bisection,1,1,0,424,15.416634432440784,13.341947980842257,0.0,False,,,,,,,
Recursive Bisection,1,1,0,425,15.301802288639744,13.181384144959647,0.0,False,,,,,,,
Recursive Bisection,1,1,0,426,15.205870179613925,13.066285750897348,0.0,False,,,,,,,
Recursive Bisection,1,1,0,427,15.131937273055192,13.024395902150092,0.0,False,,,,,,,
Recursive Bisection,1,1,0,428,15.080422457810895,12.979842525047548,0.0,False,,,,,,,
Recursive Bisection,1,1,0,429,15.06468401279462,12.865922535188233,0.0,False,,,,,,,
Recursive Bisection,1,1,0,430,15.011007086586178,12.847893354056652,0.0,False,,,,,,,
Recursive Bisection,1,1,0,431,14.89156386439204,12.856347860295926,0.0,False,,,,,,,
Recursive Bisection,1,1,0,432,14.790200013385736,12.835794337878678,0.0,False,,,,,,,
Recursive Bisection,1,1,0,433,14.70126995424013,12.80621259305502,0.0,False,,,,,,,
Recursive Bisection,1,1,0,434,14.623047381178328,12.73999172901955,0.0,False,,,,,,,
Recursive Bisection,1,1,0,435,14.550600243753744,12.757351692920883,0.0,False,,,,,,,
Recursive Bisection,1,1,0,436,14.450950435549158,12.811680279804936,0.0,False,,,,,,,
Recursive Bisection,1,1,0,437,14.336712523082006,12.899834854446468,0.0,False,,,,,,,
Recursive Bisection,1,1,0,438,14.159848754788648,13.059970161057525,0.0,False,,,,,,,
Recursive Bisection,1,1,0,439,13.991746436762972,13.19619705350387,0.0,False,,,,,,,
Recursive Bisection,1,1,0,440,13.830793564014288,13.323179213866986,0.0,False,,,,,,,
Recursive Bisection,1,1,0,441,13.696062777216827,13.402916793314816,0.0,False,,,,,,,
Recursive Bisection,1,1,0,442,13.58603563973472,13.446435140439409,0.0,False,,,,,,,
Recursive Bisection,1,1,0,443,13.520818748228589,13.382613957962093,0.0,False,,,,,,,
Recursive Bisection,1,1,0,444,13.540922266168206,13.310892530283196,0.0,False,,,,,,,
Recursive Bisection,1,1,0,445,13.579314341741709,13.228469907102228,0.0,False,,,,,,,
Recursive Bisection,1,1,0,446,13.608689348175217,13.211113406693734,0.0,False,,,,,,,
Recursive Bisection,1,1,0,447,13.595712560387458,13.177505522967657,0.0,False,,,,,,,
Recursive Bisection,1,1,0,448,13.580078968742004,13.131235246460454,0.0,False,,,,,,,
Recursive Bisection,1,1,0,449,13.559744438158871,13.054955787447163,0.0,False,,,,,,,
Recursive Bisection,1,1,0,450,13.55487909932801,12.977622852452908,0.0,False,,,,,,,
Recursive Bisection,1,1,0,451,13.571324350598704,12.892875143979785,0.0,False,,,,,,,
Recursive Bisection,1,1,0,452,13.703859112596978,12.789607615604703,0.0,False,,,,,,,
Recursive Bisection,1,1,0,453,13.848101390844356,12.70364220308434,0.0,False,,,,,,,
Recursive Bisection,1,1,0,454,13.973987187628207,12.606167482064428,0.0,False,,,,,,,
Recursive Bisection,1,1,0,455,14.074075623960596,12.500986926336312,0.0,False,,,,,,,
Recursive Bisection,1,1,0,456,14.083457936918473,12.432348869710914,0.0,False,,,,,,,
Recursive Bisection,1,1,0,457,14.088168794717609,12.403581686282056,0.0,False,,,,,,,
Recursive Bisection,1,1,0,458,14.10864079700551,12.393916283137438,0.0,False,,,,,,,
Recursive Bisection,1,1,0,459,14.119437185364884,12.42658757640165,0.0,False,,,,,,,
Recursive Bisection,1,1,0,460,14.129710525523551,12.497366829434162,0.0,False,,,,,,,
Recursive Bisection,1,1,0,461,14.141365721886158,12.661141487554724,0.0,False,,,,,,,
Recursive Bisection,1,1,0,462,14.126589491072515,12.81321239230479,0.0,False,,,,,,,
Recursive Bisection,1,1,0,463,14.10551695387112,12.91537977830768,0.0,False,,,,,,,
Recursive Bisection,1,1,0,464,14.04681681169385,12.994431678012104,0.0,False,,,,,,,
Recursive Bisection,1,1,0,465,13.970480494646164,13.08065516102377,0.0,False,,,,,,,
Recursive Bisection,1,1,0,466,13.931690487602667,13.17955889745966,0.0,False,,,,,,,
Recursive Bisection,1,1,0,467,14.006020790203598,13.224594087453209,0.0,False,,,,,,,
Recursive Bisection,1,1,0,468,14.15644724287198,13.2309850644604,0.0,False,,,,,,,
Recursive Bisection,1,1,0,469,14.332600337306143,13.186309091966098,0.0,False,,,,,,,
Recursive Bisection,1,1,0,470,14.472558670508237,13.152471967730584,0.0,False,,,,,,,
Recursive Bisection,1,1,0,471,14.535531157988018,13.045209840281442,0.0,False,,,,,,,
Recursive Bisection,1,1,0,472,14.54508805509006,12.975770518829735,0.0,False,,,,,,,
Recursive Bisection,1,1,0,473,14.5328088773244,12.916794660343305,0.0,False,,,,,,,
Recursive Bisection,1,1,0,474,14.541102476193696,12.837456762640848,0.0,False,,,,,,,
Recursive Bisection,1,1,0,475,14.58785276961291,12.774946855399088,0.0,False,,,,,,,
Recursive Bisection,1,1,0,476,14.679251928845474,12.749802245413314,0.0,False,,,,,,,
Recursive Bisection,1,1,0,477,14.908483552143846,12.763287797461713,0.0,False,,,,,,,
Recursive Bisection,1,1,0,478,15.11147981693925,12.7682832075969,0.0,False,,,,,,,
Recursive Bisection,1,1,0,479,15.306529558114493,12.767036179282542,0.0,False,,,,,,,
Recursive Bisection,1,1,0,480,15.458836279636218,12.786746250547562,0.0,False,,,,,,,
Recursive Bisection,1,1,0,481,15.4994009258538,12.820344884461724,0.0,False,,,,,,,
Recursive Bisection,1,1,0,482,15.561138252188227,12.828045162232351,0.0,False,,,,,,,
Recursive Bisection,1,1,0,483,15.66604139284888,12.881584901550134,0.0,False,,,,,,,
Recursive Bisection,1,1,0,484,15.844731267223754,12.935507310292085,0.0,False,,,,,,,
Recursive Bisection,1,1,0,485,16.079537323052715,12.979171113441517,0.0,False,,,,,,,
Recursive Bisection,1,1,0,486,16.300420963542194,13.006275216644076,0.0,False,,,,,,,
Recursive Bisection,1,1,0,487,16.50645828208778,13.027098707085807,0.0,False,,,,,,,
Recursive Bisection,1,1,0,488,16.60597862771766,12.959919243958018,0.0,False,,,,,,,
Recursive Bisection,1,1,0,489,16.694869767207763,12.87827468571604,0.0,False,,,,,,,
Recursive Bisection,1,1,0,490,16.785506994023358,12.803192770692794,0.0,False,,,,,,,
Recursive Bisection,1,1,0,491,16.87290190748496,12.847070469480808,0.0,False,,,,,,,
Recursive Bisection,1,1,0,492,16.99427602097506,12.904929533799654,0.0,False,,,,,,,
Recursive Bisection,1,1,0,493,17.158821876429407,12.972250814020382,0.0,False,,,,,,,
Recursive Bisection,1,1,0,494,17.331053336101817,13.020600300270132,0.0,False,,,,,,,
Recursive Bisection,1,1,0,495,17.50099136381414,13.038561836345712,0.0,False,,,,,,,
Recursive Bisection,1,1,0,496,17.655713150883198,12.93996836718592,0.0,False,,,,,,,
Recursive Bisection,1,1,0,497,17.79859321503143,12.773453136207308,0.0,False,,,,,,,
Recursive Bisection,1,1,0,498,17.95474909344369,12.640229960450435,0.0,False,,,,,,,
Recursive Bisection,1,1,0,499,18.111946435833858,12.536269133539507,0.0,False,,,,,,,
Recursive Bisection,1,1,0,500,18.282308959797025,12.496566355956071,0.0,False,,,,,,,
Recursive Bisection,1,1,0,501,18.500424182725133,12.57930444887372,0.0,False,,,,,,,
Recursive Bisection,1,1,0,502,18.717790441557103,12.655653022501829,0.0,False,,,,,,,
Recursive Bisection,1,1,0,503,18.92324583048701,12.724617941157742,0.0,False,,,,,,,
Recursive Bisection,1,1,0,504,19.111728669348103,12.73777821554658,0.0,False,,,,,,,
Recursive Bisection,1,1,0,505,19.28088959407032,12.68599778646056,0.0,False,,,,,,,
Recursive Bisection,1,1,0,506,19.435623372134703,12.647197974239056,0.0,False,,,,,,,
Recursive Bisection,1,1,0,507,19.604397949644117,12.627677403943188,0.0,False,,,,,,,
Recursive Bisection,1,1,0,508,19.750140724089288,12.619456195129237,0.0,False,,,,,,,
Recursive Bisection,1,1,0,509,19.898391044538876,12.721143358686202,0.0,False,,,,,,,
Recursive Bisection,1,1,0,510,20.073000959301805,12.83758651796506,0.0,False,,,,,,,
Recursive Bisection,1,1,0,511,20.24028331763195,12.932686295992951,0.0,False,,,,,,,
Recursive Bisection,1,1,0,512,20.398789850823476,13.01591169057307,0.0,False,,,,,,,
Recursive Bisection,1,1,0,513,20.510335185147227,13.057557985858576,0.0,False,,,,,,,
Recursive Bisection,1,1,0,514,20.505260519988223,13.132262847265093,0.0,False,,,,,,,
Recursive Bisection,1,1,0,515,20.488308997451806,13.231505195388287,0.0,False,,,,,,,
Recursive Bisection,1,1,0,516,20.50480317532733,13.347713540721706,0.0,False,,,,,,,
Recursive Bisection,1,1,0,517,20.5336824712523,13.52894636815987,0.0,False,,,,,,,
Recursive Bisection,1,1,0,518,20.51828648682209,13.721389191467566,0.0,False,,,,,,,
Recursive Bisection,1,1,0,519,20.52347359385543,13.883498822160028,0.0,False,,,,,,,
Recursive Bisection,1,1,0,520,20.577183925245745,14.02146771741292,0.0,False,,,,,,,
Recursive Bisection,1,1,0,521,20.54439030844162,14.132180199626,0.0,False,,,,,,,
Recursive Bisection,1,1,0,522,20.41492415169785,14.224856934253184,0.0,False,,,,,,,
Recursive Bisection,1,1,0,523,20.263262325510706,14.329821444005532,0.0,False,,,,,,,
Recursive Bisection,1,1,0,524,20.155824596689,14.4595559792698,0.0,False,,,,,,,
Recursive Bisection,1,1,0,525,20.08371843890196,14.590536415251066,0.0,False,,,,,,,
Recursive Bisection,1,1,0,526,20.107721779618014,14.72675446598879,0.0,False,,,,,,,
Recursive Bisection,1,1,0,527,20.183632915701676,14.885628640801658,0.0,False,,,,,,,
Recursive Bisection,1,1,0,528,20.2304272816008,15.041489030254615,0.0,False,,,,,,,
Recursive Bisection,1,1,0,529,20.240331450702435,15.19241838835772,0.0,False,,,,,,,
Recursive Bisection,1,1,0,530,20.15454848521609,15.35735377968298,0.0,False,,,,,,,
Recursive Bisection,1,1,0,531,20.038773339446696,15.527136577027337,0.0,False,,,,,,,
Recursive Bisection,1,1,0,532,19.97250702849172,15.71172411828794,0.0,False,,,,,,,
Recursive Bisection,1,1,0,533,20.020775112658523,15.875647277004624,0.0,False,,,,,,,
Recursive Bisection,1,1,0,534,20.155651818779447,16.031870640746114,0.0,False,,,,,,,
Recursive Bisection,1,1,0,535,20.31040179429999,16.204692122242744,0.0,False,,,,,,,
Recursive Bisection,1,1,0,536,20.418948626638393,16.371733388960397,0.0,False,,,,,,,
Recursive Bisection,1,1,0,537,20.505837786809135,16.541857211929134,0.0,False,,,,,,,
Recursive Bisection,1,1,0,538,20.534172352407907,16.705945380857607,0.0,False,,,,,,,
Recursive Bisection,1,1,0,539,20.449923739373652,16.8672457026331,0.0,False,,,,,,,
Recursive Bisection,1,1,0,540,20.393555495325824,17.01339012750235,0.0,False,,,,,,,
Recursive Bisection,1,1,0,541,20.369545910281733,17.159645861718165,0.0,False,,,,,,,
Recursive Bisection,1,1,0,542,20.411501890690573,17.294273160887776,0.0,False,,,,,,,
Recursive Bisection,1,1,0,543,20.535298486136888,17.455300837509526,0.0,False,,,,,,,
Recursive Bisection,1,1,0,544,20.627646062345335,17.614363500936417,0.0,False,,,,,,,
Recursive Bisection,1,1,0,545,20.696974315535005,17.77205498115125,0.0,False,,,,,,,
Recursive Bisection,1,1,0,546,20.746577765571047,17.93849894607474,0.0,False,,,,,,,
Recursive Bisection,1,1,0,547,20.702163795164907,18.121294057134673,0.0,False,,,,,,,
Recursive Bisection,1,1,0,548,20.610555772058056,18.299725951648018,0.0,False,,,,,,,
Recursive Bisection,1,1,0,549,20.5452743285379,18.479972677202397,0.0,False,,,,,,,
Recursive Bisection,1,1,0,550,20.503392137410305,18.661926908217495,0.0,False,,,,,,,
Recursive Bisection,1,1,0,551,20.519293144135172,18.84473434165554,0.0,False,,,,,,,
Recursive Bisection,1,1,0,552,20.650018521617284,19.03969215640169,0.0,False,,,,,,,
Recursive Bisection,1,1,0,553,20.756053122832824,19.22553553127768,0.0,False,,,,,,,
Recursive Bisection,1,1,0,554,20.825268617978978,19.40692701349121,0.0,False,,,,,,,
Recursive Bisection,1,1,0,555,20.76651590164208,19.54762156827624,0.0,False,,,,,,,
Recursive Bisection,1,1,0,556,20.609778787720103,19.71623571178932,0.0,False,,,,,,,
Recursive Bisection,1,1,0,557,20.474485911237647,19.883668996331057,1.0,True,,,,,,,
Single WP Translator,1,1,0,0,0.886654889705156,-0.1602001672180948,0.0,False,,,,,,,
Single WP Translator,1,1,0,1,0.8973763674283325,-0.1674477992868019,0.0,False,,,,,,,
Single WP Translator,1,1,0,2,0.8996295363003151,-0.1846211588201991,0.0,False,,,,,,,
Single WP Translator,1,1,0,3,0.8128266734452998,-0.2324437415476862,0.0,False,,,,,,,
Single WP Translator,1,1,0,4,0.7476431677352213,-0.2727900338653735,0.0,False,,,,,,,
Single WP Translator,1,1,0,5,0.7171378690074977,-0.2220802428157364,0.0,False,,,,,,,
Single WP Translator,1,1,0,6,0.7048677622059704,-0.1253195398983696,0.0,False,,,,,,,
Single WP Translator,1,1,0,7,0.7020527302051046,-0.0356836354663688,0.0,False,,,,,,,
Single WP Translator,1,1,0,8,0.7128762078463506,0.0490533152829734,0.0,False,,,,,,,
Single WP Translator,1,1,0,9,0.7224781421992816,0.1246869001368055,0.0,False,,,,,,,
Single WP Translator,1,1,0,10,0.7357520690428279,0.0826647519865751,0.0,False,,,,,,,
Single WP Translator,1,1,0,11,0.7624088986583705,0.1076483538752725,0.0,False,,,,,,,
Single WP Translator,1,1,0,12,0.8182284901202199,0.2148958305554263,0.0,False,,,,,,,
Single WP Translator,1,1,0,13,0.8700532091008517,0.3698487594495178,0.0,False,,,,,,,
Single WP Translator,1,1,0,14,0.8512419057722036,0.5162720458477743,0.0,False,,,,,,,
Single WP Translator,1,1,0,15,0.8237032865166635,0.6303843699654331,0.0,False,,,,,,,
Single WP Translator,1,1,0,16,0.7866931431465815,0.7309908177399017,0.0,False,,,,,,,
Single WP Translator,1,1,0,17,0.6951570012925976,0.7969550396047196,0.0,False,,,,,,,
Single WP Translator,1,1,0,18,0.5607694978771468,0.8378353235343541,0.0,False,,,,,,,
Single WP Translator,1,1,0,19,0.4486665979442981,0.900832794732404,0.0,False,,,,,,,
Single WP Translator,1,1,0,20,0.3512678366724734,0.9831921985435031,0.0,False,,,,,,,
Single WP Translator,1,1,0,21,0.3028276497001296,1.0860125006999128,0.0,False,,,,,,,
Single WP Translator,1,1,0,22,0.2456096332867451,1.1828610253238987,0.0,False,,,,,,,
Single WP Translator,1,1,0,23,0.1670460597883501,1.2719240975777424,0.0,False,,,,,,,
Single WP Translator,1,1,0,24,0.0237020723766765,1.387387931873499,0.0,False,,,,,,,
Single WP Translator,1,1,0,25,-0.2146403166132437,1.5046118633808072,0.0,False,,,,,,,
Single WP Translator,1,1,0,26,-0.4159099167888864,1.6211809328692353,0.0,False,,,,,,,
Single WP Translator,1,1,0,27,-0.5911620098398996,1.7219493806897497,0.0,False,,,,,,,
Single WP Translator,1,1,0,28,-0.6584247579365513,1.7272720925179046,0.0,False,,,,,,,
Single WP Translator,1,1,0,29,-0.7049944929868249,1.6849105846043704,0.0,False,,,,,,,
Single WP Translator,1,1,0,30,-0.7656603015595898,1.6275087544459137,0.0,False,,,,,,,
Single WP Translator,1,1,0,31,-0.8540407228851212,1.5497798641020315,0.0,False,,,,,,,
Single WP Translator,1,1,0,32,-0.9846384121461,1.4340949931397189,0.0,False,,,,,,,
Single WP Translator,1,1,0,33,-1.1261541754707218,1.2694394055717844,0.0,False,,,,,,,
Single WP Translator,1,1,0,34,-1.2308172347960704,1.107413004287061,0.0,False,,,,,,,
Single WP Translator,1,1,0,35,-1.315747605871931,0.9418676731130656,0.0,False,,,,,,,
Single WP Translator,1,1,0,36,-1.2153623939313871,0.7880667177065558,0.0,False,,,,,,,
Single WP Translator,1,1,0,37,-0.8906743126847363,0.6766429709092835,0.0,False,,,,,,,
Single WP Translator,1,1,0,38,-0.5967041190912129,0.5683191180902322,0.0,False,,,,,,,
Single WP Translator,1,1,0,39,-0.3466303325395612,0.5087919407072058,0.0,False,,,,,,,
Single WP Translator,1,1,0,40,-0.2017968947606275,0.5087570541192812,0.0,False,,,,,,,
Single WP Translator,1,1,0,41,-0.1121987209504836,0.4748572340183933,0.0,False,,,,,,,
Single WP Translator,1,1,0,42,-0.0285092863338468,0.4555744274360627,0.0,False,,,,,,,
Single WP Translator,1,1,0,43,0.0750777724070003,0.4398265155292067,0.0,False,,,,,,,
Single WP Translator,1,1,0,44,0.307166261317532,0.4520446601472015,0.0,False,,,,,,,
Single WP Translator,1,1,0,45,0.5609000191252919,0.4782356980033918,0.0,False,,,,,,,
Single WP Translator,1,1,0,46,0.7779501788188011,0.5068967918054473,0.0,False,,,,,,,
Single WP Translator,1,1,0,47,0.9343577085393598,0.5153823811589505,0.0,False,,,,,,,
Single WP Translator,1,1,0,48,1.0014648009213396,0.4859458971227468,0.0,False,,,,,,,
Single WP Translator,1,1,0,49,1.0751077172581838,0.4289522896068586,0.0,False,,,,,,,
Single WP Translator,1,1,0,50,1.1679647553391015,0.3854770012098014,0.0,False,,,,,,,
Single WP Translator,1,1,0,51,1.2576613292032726,0.3476265417596614,0.0,False,,,,,,,
Single WP Translator,1,1,0,52,1.3274149223506369,0.2950796845339375,0.0,False,,,,,,,
Single WP Translator,1,1,0,53,1.391079708012294,0.2621666809309055,0.0,False,,,,,,,
Single WP Translator,1,1,0,54,1.4507539819305184,0.2457222282261627,0.0,False,,,,,,,
Single WP Translator,1,1,0,55,1.5094724801834711,0.2441350401382021,0.0,False,,,,,,,
Single WP Translator,1,1,0,56,1.5194062739648055,0.2321064151084909,0.0,False,,,,,,,
Single WP Translator,1,1,0,57,1.4920450044869036,0.1906465960794532,0.0,False,,,,,,,
Single WP Translator,1,1,0,58,1.478485697342632,0.1546825231621235,0.0,False,,,,,,,
Single WP Translator,1,1,0,59,1.3893989037522791,0.1536581573267279,0.0,False,,,,,,,
Single WP Translator,1,1,0,60,1.304007736976761,0.1490669883790012,0.0,False,,,,,,,
Single WP Translator,1,1,0,61,1.2327806408066142,0.143704125703892,0.0,False,,,,,,,
Single WP Translator,1,1,0,62,1.2125144225248952,0.1589486720692162,0.0,False,,,,,,,
Single WP Translator,1,1,0,63,1.2104207148440238,0.1606340202353619,0.0,False,,,,,,,
Single WP Translator,1,1,0,64,1.171652766825093,0.1558423723229401,0.0,False,,,,,,,
Single WP Translator,1,1,0,65,1.0667721204132663,0.1131352600233062,0.0,False,,,,,,,
Single WP Translator,1,1,0,66,0.9125143395817116,0.1018613545431701,0.0,False,,,,,,,
Single WP Translator,1,1,0,67,0.6703275845826668,0.1396173372730871,0.0,False,,,,,,,
Single WP Translator,1,1,0,68,0.4656260609845979,0.1655833614461311,0.0,False,,,,,,,
Single WP Translator,1,1,0,69,0.2781331335410034,0.1886434901663729,0.0,False,,,,,,,
Single WP Translator,1,1,0,70,0.1657666316740579,0.2101539692449845,0.0,False,,,,,,,
Single WP Translator,1,1,0,71,0.0692450522165072,0.2290208457365186,0.0,False,,,,,,,
Single WP Translator,1,1,0,72,-0.0472426299798341,0.2189588579960188,0.0,False,,,,,,,
Single WP Translator,1,1,0,73,-0.176851870317239,0.135738742194385,0.0,False,,,,,,,
Single WP Translator,1,1,0,74,-0.237054679079812,-0.002406399090046,0.0,False,,,,,,,
Single WP Translator,1,1,0,75,-0.2803095480137369,-0.1526313186205948,0.0,False,,,,,,,
Single WP Translator,1,1,0,76,-0.3091849348673101,-0.2856764532400172,0.0,False,,,,,,,
Single WP Translator,1,1,0,77,-0.3384137620629522,-0.4066807485465694,0.0,False,,,,,,,
Single WP Translator,1,1,0,78,-0.353885272399937,-0.4838554354475779,0.0,False,,,,,,,
Single WP Translator,1,1,0,79,-0.2613110533969965,-0.4331527397660777,0.0,False,,,,,,,
Single WP Translator,1,1,0,80,-0.0951590157895629,-0.3738895024589725,0.0,False,,,,,,,
Single WP Translator,1,1,0,81,0.0535407385794372,-0.326476281014142,0.0,False,,,,,,,
Single WP Translator,1,1,0,82,0.1886428980346595,-0.2807134883279945,0.0,False,,,,,,,
Single WP Translator,1,1,0,83,0.2985695789112186,-0.2873075316426697,0.0,False,,,,,,,
Single WP Translator,1,1,0,84,0.2819600278869004,-0.2627326826026762,0.0,False,,,,,,,
Single WP Translator,1,1,0,85,0.2375530136707676,-0.1988299285078212,0.0,False,,,,,,,
Single WP Translator,1,1,0,86,0.2216766345811831,-0.1226580882207797,0.0,False,,,,,,,
Single WP Translator,1,1,0,87,0.2112950916841423,-0.0214039943154109,0.0,False,,,,,,,
Single WP Translator,1,1,0,88,0.1840631777825013,0.1509035852597965,0.0,False,,,,,,,
Single WP Translator,1,1,0,89,0.1448361236330212,0.3476705423528629,0.0,False,,,,,,,
Single WP Translator,1,1,0,90,0.0857214396862033,0.5396326855191501,0.0,False,,,,,,,
Single WP Translator,1,1,0,91,0.0122733040551538,0.7006303203243112,0.0,False,,,,,,,
Single WP Translator,1,1,0,92,-0.0782508868585613,0.7323390395831806,0.0,False,,,,,,,
Single WP Translator,1,1,0,93,-0.166401470309093,0.7282645425370105,0.0,False,,,,,,,
Single WP Translator,1,1,0,94,-0.2565227666363066,0.694526363745968,0.0,False,,,,,,,
Single WP Translator,1,1,0,95,-0.3520935022007579,0.615353685148967,0.0,False,,,,,,,
Single WP Translator,1,1,0,96,-0.3684935429283027,0.5076745706364887,0.0,False,,,,,,,
Single WP Translator,1,1,0,97,-0.336851643780585,0.4037785972543246,0.0,False,,,,,,,
Single WP Translator,1,1,0,98,-0.3406714293294244,0.3517093713662317,0.0,False,,,,,,,
Single WP Translator,1,1,0,99,-0.3340899708122037,0.347918955790484,0.0,False,,,,,,,
Single WP Translator,1,1,0,100,-0.2982801265728108,0.3793120956956325,0.0,False,,,,,,,
Single WP Translator,1,1,0,101,-0.2362111502026148,0.4072892884970901,0.0,False,,,,,,,
Single WP Translator,1,1,0,102,-0.167653106824018,0.3923284954447736,0.0,False,,,,,,,
Single WP Translator,1,1,0,103,-0.1256386546465773,0.3109338559900819,0.0,False,,,,,,,
Single WP Translator,1,1,0,104,-0.1120798543081473,0.1178699166151756,0.0,False,,,,,,,
Single WP Translator,1,1,0,105,-0.092869243445597,-0.0609991987375553,0.0,False,,,,,,,
Single WP Translator,1,1,0,106,-0.0697760040492867,-0.221519400195351,0.0,False,,,,,,,
Single WP Translator,1,1,0,107,-0.0677570408785603,-0.3748683273931988,0.0,False,,,,,,,
Single WP Translator,1,1,0,108,-0.0384898692831594,-0.484620746686514,0.0,False,,,,,,,
Single WP Translator,1,1,0,109,0.0445384328210321,-0.5166514648426929,0.0,False,,,,,,,
Single WP Translator,1,1,0,110,0.1234612563719679,-0.5477512827101105,0.0,False,,,,,,,
Single WP Translator,1,1,0,111,0.1500815141452724,-0.5535050947473585,0.0,False,,,,,,,
Single WP Translator,1,1,0,112,0.0842442844120249,-0.5091471101359257,0.0,False,,,,,,,
Single WP Translator,1,1,0,113,-0.0492056356529157,-0.4672315390442961,0.0,False,,,,,,,
Single WP Translator,1,1,0,114,-0.1686320686971441,-0.4133335188810943,0.0,False,,,,,,,
Single WP Translator,1,1,0,115,-0.2619389555243671,-0.3572493601238384,0.0,False,,,,,,,
Single WP Translator,1,1,0,116,-0.3012752650280564,-0.298442352662185,0.0,False,,,,,,,
Single WP Translator,1,1,0,117,-0.2186999699972407,-0.200812399490757,0.0,False,,,,,,,
Single WP Translator,1,1,0,118,-0.132842456741074,-0.0878105362309837,0.0,False,,,,,,,
Single WP Translator,1,1,0,119,-0.0597057645700715,-0.0064838324881817,0.0,False,,,,,,,
Single WP Translator,1,1,0,120,-0.0060671978996559,0.0488585451573411,0.0,False,,,,,,,
Single WP Translator,1,1,0,121,-0.0254265837193514,0.0173149614871893,0.0,False,,,,,,,
Single WP Translator,1,1,0,122,-0.0441192896298305,-0.0461771273241908,0.0,False,,,,,,,
Single WP Translator,1,1,0,123,-0.0271721896554931,-0.1014939034976419,0.0,False,,,,,,,
Single WP Translator,1,1,0,124,0.0237632579633065,-0.1464219955874351,0.0,False,,,,,,,
Single WP Translator,1,1,0,125,0.1347444435700338,-0.1649572134626132,0.0,False,,,,,,,
Single WP Translator,1,1,0,126,0.3552587947967352,-0.133915440871084,0.0,False,,,,,,,
Single WP Translator,1,1,0,127,0.5520537427153662,-0.1157656136939837,0.0,False,,,,,,,
Single WP Translator,1,1,0,128,0.7498514451189587,-0.1081172917108394,0.0,False,,,,,,,
Single WP Translator,1,1,0,129,0.9151335508444864,-0.1099570638082677,0.0,False,,,,,,,
Single WP Translator,1,1,0,130,0.8853137405219522,-0.0703027699679351,0.0,False,,,,,,,
Single WP Translator,1,1,0,131,0.8089675865627153,-0.0121038437325995,0.0,False,,,,,,,
Single WP Translator,1,1,0,132,0.7491558240203458,0.0654908355866844,0.0,False,,,,,,,
Single WP Translator,1,1,0,133,0.6799951948459082,0.1683813872774913,0.0,False,,,,,,,
Single WP Translator,1,1,0,134,0.6114179983730087,0.3655537994563148,0.0,False,,,,,,,
Single WP Translator,1,1,0,135,0.5487566962535217,0.6106947625983813,0.0,False,,,,,,,
Single WP Translator,1,1,0,136,0.4834711722540522,0.8375496211046496,0.0,False,,,,,,,
Single WP Translator,1,1,0,137,0.4367025370244929,0.9559531559030252,0.0,False,,,,,,,
Single WP Translator,1,1,0,138,0.3268704040958091,1.0085373622666174,0.0,False,,,,,,,
Single WP Translator,1,1,0,139,0.1738771537262277,1.0442673166502203,0.0,False,,,,,,,
Single WP Translator,1,1,0,140,0.0451746408424463,1.0964378198424518,0.0,False,,,,,,,
Single WP Translator,1,1,0,141,-0.0636916343820999,1.16053032056545,0.0,False,,,,,,,
Single WP Translator,1,1,0,142,-0.1368967573267217,1.2747727472330008,0.0,False,,,,,,,
Single WP Translator,1,1,0,143,-0.1416727832209729,1.4926836798745953,0.0,False,,,,,,,
Single WP Translator,1,1,0,144,-0.1673347287763198,1.685539514057986,0.0,False,,,,,,,
Single WP Translator,1,1,0,145,-0.1959529115139978,1.8592419325741083,0.0,False,,,,,,,
Single WP Translator,1,1,0,146,-0.2701135683205667,1.9907777646438232,0.0,False,,,,,,,
Single WP Translator,1,1,0,147,-0.4006600115017084,2.0901008029814556,0.0,False,,,,,,,
Single WP Translator,1,1,0,148,-0.4929829851010668,2.226784575647776,0.0,False,,,,,,,
Single WP Translator,1,1,0,149,-0.490645704210006,2.334152078199345,0.0,False,,,,,,,
Single WP Translator,1,1,0,150,-0.3940640661952946,2.4427901319337884,0.0,False,,,,,,,
Single WP Translator,1,1,0,151,-0.2964220865488525,2.5339261481406115,0.0,False,,,,,,,
Single WP Translator,1,1,0,152,-0.2070859954907428,2.557547473176723,0.0,False,,,,,,,
Single WP Translator,1,1,0,153,-0.1295574286997187,2.6139364351696006,0.0,False,,,,,,,
Single WP Translator,1,1,0,154,-0.0693830367087921,2.6554899002057093,0.0,False,,,,,,,
Single WP Translator,1,1,0,155,-0.0614283346153913,2.671504689463565,0.0,False,,,,,,,
Single WP Translator,1,1,0,156,-0.0109254793370049,2.6810501962062108,0.0,False,,,,,,,
Single WP Translator,1,1,0,157,0.0664158076262089,2.7024739148654047,0.0,False,,,,,,,
Single WP Translator,1,1,0,158,0.2249079176321294,2.764702257608876,0.0,False,,,,,,,
Single WP Translator,1,1,0,159,0.4539399498305903,2.859702658623936,0.0,False,,,,,,,
Single WP Translator,1,1,0,160,0.6605730900674117,2.9359487792712695,0.0,False,,,,,,,
Single WP Translator,1,1,0,161,0.8616950674251095,2.991668808561773,0.0,False,,,,,,,
Single WP Translator,1,1,0,162,1.0344363968747547,2.9957099360361017,0.0,False,,,,,,,
Single WP Translator,1,1,0,163,1.195967811428324,2.898812340940897,0.0,False,,,,,,,
Single WP Translator,1,1,0,164,1.3457293081620154,2.8152705123059487,0.0,False,,,,,,,
Single WP Translator,1,1,0,165,1.510695106236165,2.752973766118156,0.0,False,,,,,,,
Single WP Translator,1,1,0,166,1.6729404751643235,2.75122470190493,0.0,False,,,,,,,
Single WP Translator,1,1,0,167,1.9109194714953417,2.834213331976996,0.0,False,,,,,,,
Single WP Translator,1,1,0,168,2.149032042735323,2.899119318640635,0.0,False,,,,,,,
Single WP Translator,1,1,0,169,2.373632590935536,2.958836057179253,0.0,False,,,,,,,
Single WP Translator,1,1,0,170,2.5833255369313775,2.9976717981673957,0.0,False,,,,,,,
Single WP Translator,1,1,0,171,2.663177900896994,3.0215097207987096,0.0,False,,,,,,,
Single WP Translator,1,1,0,172,2.681567319724169,3.0730643960883515,0.0,False,,,,,,,
Single WP Translator,1,1,0,173,2.7451373043759726,3.187448755972905,0.0,False,,,,,,,
Single WP Translator,1,1,0,174,2.8336223289970275,3.38487908898642,0.0,False,,,,,,,
Single WP Translator,1,1,0,175,2.958090411735643,3.5985309421854503,0.0,False,,,,,,,
Single WP Translator,1,1,0,176,3.1179909026830575,3.8262952331286177,0.0,False,,,,,,,
Single WP Translator,1,1,0,177,3.254237665120256,4.041279426203143,0.0,False,,,,,,,
Single WP Translator,1,1,0,178,3.356328833187046,4.231096587801042,0.0,False,,,,,,,
Single WP Translator,1,1,0,179,3.338732775082793,4.392931408900165,0.0,False,,,,,,,
Single WP Translator,1,1,0,180,3.349062694990362,4.561411636051269,0.0,False,,,,,,,
Single WP Translator,1,1,0,181,3.3578891701431077,4.708242196590115,0.0,False,,,,,,,
Single WP Translator,1,1,0,182,3.3726109411281517,4.882379812202199,0.0,False,,,,,,,
Single WP Translator,1,1,0,183,3.464819633712469,5.072475734278976,0.0,False,,,,,,,
Single WP Translator,1,1,0,184,3.575858564222352,5.253692103114557,0.0,False,,,,,,,
Single WP Translator,1,1,0,185,3.664454925439413,5.421010647884355,0.0,False,,,,,,,
Single WP Translator,1,1,0,186,3.6453151975763305,5.586897425641629,0.0,False,,,,,,,
Single WP Translator,1,1,0,187,3.595148281622896,5.788094294966425,0.0,False,,,,,,,
Single WP Translator,1,1,0,188,3.5895967958100794,6.014601889462067,0.0,False,,,,,,,
Single WP Translator,1,1,0,189,3.657659044927215,6.263688730451641,0.0,False,,,,,,,
Single WP Translator,1,1,0,190,3.7735896917723104,6.526531669532604,0.0,False,,,,,,,
Single WP Translator,1,1,0,191,3.879293741345174,6.698231213027402,0.0,False,,,,,,,
Single WP Translator,1,1,0,192,3.89229163532289,6.776804416131393,0.0,False,,,,,,,
Single WP Translator,1,1,0,193,3.8871848328619274,6.846746812589589,0.0,False,,,,,,,
Single WP Translator,1,1,0,194,3.862819006126719,6.902993123425647,0.0,False,,,,,,,
Single WP Translator,1,1,0,195,3.832512576719081,6.895610116889023,0.0,False,,,,,,,
Single WP Translator,1,1,0,196,3.8386604330045895,6.896332475742756,0.0,False,,,,,,,
Single WP Translator,1,1,0,197,3.852518043406163,6.887723132924981,0.0,False,,,,,,,
Single WP Translator,1,1,0,198,3.9394372862437583,6.857074567817574,0.0,False,,,,,,,
Single WP Translator,1,1,0,199,4.136919359296227,6.860135630818402,0.0,False,,,,,,,
Single WP Translator,1,1,0,200,4.294873692100949,6.86846795953042,0.0,False,,,,,,,
Single WP Translator,1,1,0,201,4.44793806358702,6.872909598958291,0.0,False,,,,,,,
Single WP Translator,1,1,0,202,4.587705431911738,6.873537051346666,0.0,False,,,,,,,
Single WP Translator,1,1,0,203,4.691688578415434,6.792714591352491,0.0,False,,,,,,,
Single WP Translator,1,1,0,204,4.826996620363456,6.666292797470807,0.0,False,,,,,,,
Single WP Translator,1,1,0,205,4.957393295489685,6.5809820260402105,0.0,False,,,,,,,
Single WP Translator,1,1,0,206,5.0532395380364425,6.58574490160834,0.0,False,,,,,,,
Single WP Translator,1,1,0,207,5.173594063465797,6.657622400779586,0.0,False,,,,,,,
Single WP Translator,1,1,0,208,5.317236816299515,6.774142082808489,0.0,False,,,,,,,
Single WP Translator,1,1,0,209,5.474025326800825,6.889087833902589,0.0,False,,,,,,,
Single WP Translator,1,1,0,210,5.6144463803693485,6.991338351924962,0.0,False,,,,,,,
Single WP Translator,1,1,0,211,5.721659322177081,7.0237924796720534,0.0,False,,,,,,,
Single WP Translator,1,1,0,212,5.70088962258497,7.04307041253026,0.0,False,,,,,,,
Single WP Translator,1,1,0,213,5.654138154090348,7.105348597350688,0.0,False,,,,,,,
Single WP Translator,1,1,0,214,5.613329967047579,7.178329235532585,0.0,False,,,,,,,
Single WP Translator,1,1,0,215,5.62917046816852,7.254138960229126,0.0,False,,,,,,,
Single WP Translator,1,1,0,216,5.772673467738665,7.320452620672886,0.0,False,,,,,,,
Single WP Translator,1,1,0,217,5.956351793594457,7.349582810260602,0.0,False,,,,,,,
Single WP Translator,1,1,0,218,6.110898334062479,7.382969752641182,0.0,False,,,,,,,
Single WP Translator,1,1,0,219,6.249179097287073,7.418828007740208,0.0,False,,,,,,,
Single WP Translator,1,1,0,220,6.3690122555026685,7.447781714569784,0.0,False,,,,,,,
Single WP Translator,1,1,0,221,6.443758076523747,7.448825445507283,0.0,False,,,,,,,
Single WP Translator,1,1,0,222,6.543860180634361,7.414848946454739,0.0,False,,,,,,,
Single WP Translator,1,1,0,223,6.643285447682399,7.36231678612005,0.0,False,,,,,,,
Single WP Translator,1,1,0,224,6.767219640886197,7.309551610687787,0.0,False,,,,,,,
Single WP Translator,1,1,0,225,7.004615852645939,7.287195108417962,0.0,False,,,,,,,
Single WP Translator,1,1,0,226,7.247626775404553,7.267917573410403,0.0,False,,,,,,,
Single WP Translator,1,1,0,227,7.474935254923941,7.233059206857083,0.0,False,,,,,,,
Single WP Translator,1,1,0,228,7.606891925116791,7.19482694710173,0.0,False,,,,,,,
Single WP Translator,1,1,0,229,7.719641989497799,7.142336212969502,0.0,False,,,,,,,
Single WP Translator,1,1,0,230,7.873223212739718,7.112937224008556,0.0,False,,,,,,,
Single WP Translator,1,1,0,231,8.036958087782107,7.127985286971354,0.0,False,,,,,,,
Single WP Translator,1,1,0,232,8.209346068781906,7.259002457836269,0.0,False,,,,,,,
Single WP Translator,1,1,0,233,8.430074318326099,7.41803983211319,0.0,False,,,,,,,
Single WP Translator,1,1,0,234,8.634788318952893,7.548251205321909,0.0,False,,,,,,,
Single WP Translator,1,1,0,235,8.841348232115964,7.649966293469122,0.0,False,,,,,,,
Single WP Translator,1,1,0,236,9.0184045725401,7.61158488837335,0.0,False,,,,,,,
Single WP Translator,1,1,0,237,9.189432471147716,7.525011662605168,0.0,False,,,,,,,
Single WP Translator,1,1,0,238,9.368816334334676,7.464372425788751,0.0,False,,,,,,,
Single WP Translator,1,1,0,239,9.552982016862977,7.433247419812408,0.0,False,,,,,,,
Single WP Translator,1,1,0,240,9.738755232149815,7.465155364207962,0.0,False,,,,,,,
Single WP Translator,1,1,0,241,9.957233723206514,7.606037017243945,0.0,False,,,,,,,
Single WP Translator,1,1,0,242,10.177441394309144,7.732246006171261,0.0,False,,,,,,,
Single WP Translator,1,1,0,243,10.388601920860117,7.84397043894042,0.0,False,,,,,,,
Single WP Translator,1,1,0,244,10.604549076466128,7.924921463098497,0.0,False,,,,,,,
Single WP Translator,1,1,0,245,10.825038617199354,7.917112227311214,0.0,False,,,,,,,
Single WP Translator,1,1,0,246,11.043563506253554,7.848469757944983,0.0,False,,,,,,,
Single WP Translator,1,1,0,247,11.259483650602068,7.809732725239473,0.0,False,,,,,,,
Single WP Translator,1,1,0,248,11.463450865630566,7.788997483826934,0.0,False,,,,,,,
Single WP Translator,1,1,0,249,11.650646658874898,7.78246306428548,0.0,False,,,,,,,
Single WP Translator,1,1,0,250,11.870242386134551,7.783364524337321,0.0,False,,,,,,,
Single WP Translator,1,1,0,251,12.05936372471898,7.762329332873686,0.0,False,,,,,,,
Single WP Translator,1,1,0,252,12.15399776193436,7.71194985163942,0.0,False,,,,,,,
Single WP Translator,1,1,0,253,12.171270784190908,7.5616077947798335,0.0,False,,,,,,,
Single WP Translator,1,1,0,254,12.17294434106974,7.425874340687355,0.0,False,,,,,,,
Single WP Translator,1,1,0,255,12.154219863996914,7.31037139607549,0.0,False,,,,,,,
Single WP Translator,1,1,0,256,12.08172126404507,7.194109839154881,0.0,False,,,,,,,
Single WP Translator,1,1,0,257,12.063372461310523,7.07183650141411,0.0,False,,,,,,,
Single WP Translator,1,1,0,258,12.106638100538062,6.925022961106105,0.0,False,,,,,,,
Single WP Translator,1,1,0,259,12.10790651034747,6.799102040328932,0.0,False,,,,,,,
Single WP Translator,1,1,0,260,12.07375420702367,6.729837031317512,0.0,False,,,,,,,
Single WP Translator,1,1,0,261,12.005052267142377,6.687018605855893,0.0,False,,,,,,,
Single WP Translator,1,1,0,262,11.826410992162126,6.7150903679958756,0.0,False,,,,,,,
Single WP Translator,1,1,0,263,11.618235617679847,6.755643339941246,0.0,False,,,,,,,
Single WP Translator,1,1,0,264,11.433794914556504,6.790071402280174,0.0,False,,,,,,,
Single WP Translator,1,1,0,265,11.303806874629212,6.795311489464237,0.0,False,,,,,,,
Single WP Translator,1,1,0,266,11.215140387198634,6.793424921012039,0.0,False,,,,,,,
Single WP Translator,1,1,0,267,11.088813788166238,6.8036234706179926,0.0,False,,,,,,,
Single WP Translator,1,1,0,268,10.923792273172106,6.773236993600648,0.0,False,,,,,,,
Single WP Translator,1,1,0,269,10.724752853893696,6.740941306141065,0.0,False,,,,,,,
Single WP Translator,1,1,0,270,10.436937017430637,6.763191325841982,0.0,False,,,,,,,
Single WP Translator,1,1,0,271,10.175793249266142,6.773386678625503,0.0,False,,,,,,,
Single WP Translator,1,1,0,272,9.975690123894884,6.797555359152577,0.0,False,,,,,,,
Single WP Translator,1,1,0,273,9.933017219842952,6.865263642688824,0.0,False,,,,,,,
Single WP Translator,1,1,0,274,9.980079413270264,6.839369273530238,0.0,False,,,,,,,
Single WP Translator,1,1,0,275,10.036619851663875,6.7956373202333955,0.0,False,,,,,,,
Single WP Translator,1,1,0,276,10.118940379958016,6.87087788929351,0.0,False,,,,,,,
Single WP Translator,1,1,0,277,10.178519281927924,7.003503540807302,0.0,False,,,,,,,
Single WP Translator,1,1,0,278,10.17771342292574,7.062535382695022,0.0,False,,,,,,,
Single WP Translator,1,1,0,279,10.109303982774811,7.049557796475117,0.0,False,,,,,,,
Single WP Translator,1,1,0,280,10.051350108724872,7.058800308144798,0.0,False,,,,,,,
Single WP Translator,1,1,0,281,10.006673638327191,7.060250868356843,0.0,False,,,,,,,
Single WP Translator,1,1,0,282,10.026390754529675,7.0988473580997615,0.0,False,,,,,,,
Single WP Translator,1,1,0,283,9.974790435972512,7.159389128760584,0.0,False,,,,,,,
Single WP Translator,1,1,0,284,9.900140592783476,7.199154804743218,0.0,False,,,,,,,
Single WP Translator,1,1,0,285,9.809824059636131,7.192334101240222,0.0,False,,,,,,,
Single WP Translator,1,1,0,286,9.686121560266017,7.149741663803419,0.0,False,,,,,,,
Single WP Translator,1,1,0,287,9.550845891207793,7.1261718943219625,0.0,False,,,,,,,
Single WP Translator,1,1,0,288,9.415297928853684,7.129172826650973,0.0,False,,,,,,,
Single WP Translator,1,1,0,289,9.312004545321653,7.209246567753482,0.0,False,,,,,,,
Single WP Translator,1,1,0,290,9.23989459480708,7.329347815218642,0.0,False,,,,,,,
Single WP Translator,1,1,0,291,9.179018151252729,7.436458125613546,0.0,False,,,,,,,
Single WP Translator,1,1,0,292,9.134344795163,7.53545583623316,0.0,False,,,,,,,
Single WP Translator,1,1,0,293,9.08063428640542,7.592371067023218,0.0,False,,,,,,,
Single WP Translator,1,1,0,294,8.983001577053692,7.592722805644683,0.0,False,,,,,,,
Single WP Translator,1,1,0,295,8.856787266801739,7.613400992796236,0.0,False,,,,,,,
Single WP Translator,1,1,0,296,8.758642948872513,7.6396645562572765,0.0,False,,,,,,,
Single WP Translator,1,1,0,297,8.674022657808303,7.68006956292165,0.0,False,,,,,,,
Single WP Translator,1,1,0,298,8.671815552992959,7.813059524760408,0.0,False,,,,,,,
Single WP Translator,1,1,0,299,8.671277690363913,7.974579742630511,0.0,False,,,,,,,
Single WP Translator,1,1,0,300,8.645728435006966,8.12750386878232,0.0,False,,,,,,,
Single WP Translator,1,1,0,301,8.584540214398334,8.269327175095409,0.0,False,,,,,,,
Single WP Translator,1,1,0,302,8.424883655318077,8.337792576962004,0.0,False,,,,,,,
Single WP Translator,1,1,0,303,8.220014763272784,8.397946805976872,0.0,False,,,,,,,
Single WP Translator,1,1,0,304,8.05147213045562,8.492570393923172,0.0,False,,,,,,,
Single WP Translator,1,1,0,305,7.921067878102629,8.595354661940876,0.0,False,,,,,,,
Single WP Translator,1,1,0,306,7.929960322580166,8.747173553481518,0.0,False,,,,,,,
Single WP Translator,1,1,0,307,7.963451841000444,8.867333403836158,0.0,False,,,,,,,
Single WP Translator,1,1,0,308,7.934771315185506,8.849514354856227,0.0,False,,,,,,,
Single WP Translator,1,1,0,309,7.884532775264051,8.85632654814041,0.0,False,,,,,,,
Single WP Translator,1,1,0,310,7.775939205423899,8.870278420174591,0.0,False,,,,,,,
Single WP Translator,1,1,0,311,7.65527543082583,8.892520907267341,0.0,False,,,,,,,
Single WP Translator,1,1,0,312,7.573469395060839,8.9235044184735,0.0,False,,,,,,,
Single WP Translator,1,1,0,313,7.651348711589988,8.973251610746633,0.0,False,,,,,,,
Single WP Translator,1,1,0,314,7.75592242246338,8.946596546343562,0.0,False,,,,,,,
Single WP Translator,1,1,0,315,7.864229088600224,8.892377845138439,0.0,False,,,,,,,
Single WP Translator,1,1,0,316,7.944284283120425,8.855055775636,0.0,False,,,,,,,
Single WP Translator,1,1,0,317,7.958851605942437,8.841561546419326,0.0,False,,,,,,,
Single WP Translator,1,1,0,318,7.833101432673216,8.919215684759733,0.0,False,,,,,,,
Single WP Translator,1,1,0,319,7.694160476442188,9.024204669901728,0.0,False,,,,,,,
Single WP Translator,1,1,0,320,7.568527488943945,9.073273675779264,0.0,False,,,,,,,
Single WP Translator,1,1,0,321,7.458166380738703,9.02778875591175,0.0,False,,,,,,,
Single WP Translator,1,1,0,322,7.370515414935985,8.987620854707375,0.0,False,,,,,,,
Single WP Translator,1,1,0,323,7.306457677492041,8.977785839185577,0.0,False,,,,,,,
Single WP Translator,1,1,0,324,7.2511340459338225,9.01218368095676,0.0,False,,,,,,,
Single WP Translator,1,1,0,325,7.161088821306326,9.00002727532965,0.0,False,,,,,,,
Single WP Translator,1,1,0,326,7.066742399086382,9.03239717364779,0.0,False,,,,,,,
Single WP Translator,1,1,0,327,6.973081271666472,9.073890616780709,0.0,False,,,,,,,
Single WP Translator,1,1,0,328,6.876021242724142,8.99530774212004,0.0,False,,,,,,,
Single WP Translator,1,1,0,329,6.822487692300355,8.925074759956045,0.0,False,,,,,,,
Single WP Translator,1,1,0,330,6.765306055646436,8.876154842472218,0.0,False,,,,,,,
Single WP Translator,1,1,0,331,6.771020557452137,8.937795126738783,0.0,False,,,,,,,
Single WP Translator,1,1,0,332,6.801486499103189,8.9402878329249,0.0,False,,,,,,,
Single WP Translator,1,1,0,333,6.79363373177443,8.887028823060358,0.0,False,,,,,,,
Single WP Translator,1,1,0,334,6.780794212853996,8.860290256065614,0.0,False,,,,,,,
Single WP Translator,1,1,0,335,6.743244770663693,8.895758432876221,0.0,False,,,,,,,
Single WP Translator,1,1,0,336,6.662118051673422,8.968465404171477,0.0,False,,,,,,,
Single WP Translator,1,1,0,337,6.572329639232781,8.916063578394922,0.0,False,,,,,,,
Single WP Translator,1,1,0,338,6.484204350404981,8.816818065550743,0.0,False,,,,,,,
Single WP Translator,1,1,0,339,6.405835947917683,8.732031916127962,0.0,False,,,,,,,
Single WP Translator,1,1,0,340,6.395245749543933,8.663146238970448,0.0,False,,,,,,,
Single WP Translator,1,1,0,341,6.443340228688436,8.674725703282721,0.0,False,,,,,,,
Single WP Translator,1,1,0,342,6.501829722982296,8.721006792660582,0.0,False,,,,,,,
Single WP Translator,1,1,0,343,6.531261705982764,8.777990972278106,0.0,False,,,,,,,
Single WP Translator,1,1,0,344,6.51020001534394,8.865732594623717,0.0,False,,,,,,,
Single WP Translator,1,1,0,345,6.483115833567265,8.957429856443792,0.0,False,,,,,,,
Single WP Translator,1,1,0,346,6.4583693654885685,9.002020965289004,0.0,False,,,,,,,
Single WP Translator,1,1,0,347,6.42408357331391,9.021762973087451,0.0,False,,,,,,,
Single WP Translator,1,1,0,348,6.40983035984713,9.05060991075658,0.0,False,,,,,,,
Single WP Translator,1,1,0,349,6.39532162999617,9.07000648385564,0.0,False,,,,,,,
Single WP Translator,1,1,0,350,6.355387835889493,9.0926519998527,0.0,False,,,,,,,
Single WP Translator,1,1,0,351,6.307496503473009,9.15548242506785,0.0,False,,,,,,,
Single WP Translator,1,1,0,352,6.250705294019962,9.239169118979133,0.0,False,,,,,,,
Single WP Translator,1,1,0,353,6.197645411076321,9.300338027572687,0.0,False,,,,,,,
Single WP Translator,1,1,0,354,6.147716663914932,9.344021811791611,0.0,False,,,,,,,
Single WP Translator,1,1,0,355,6.061108188577069,9.341625406430218,0.0,False,,,,,,,
Single WP Translator,1,1,0,356,5.821260304978204,9.332524243851957,0.0,False,,,,,,,
Single WP Translator,1,1,0,357,5.591301210629619,9.332069729414457,0.0,False,,,,,,,
Single WP Translator,1,1,0,358,5.382320064220784,9.352601641969962,0.0,False,,,,,,,
Single WP Translator,1,1,0,359,5.323960026144256,9.395451640385952,0.0,False,,,,,,,
Single WP Translator,1,1,0,360,5.268616577038848,9.463256654874172,0.0,False,,,,,,,
Single WP Translator,1,1,0,361,5.178353904896691,9.517066599190166,0.0,False,,,,,,,
Single WP Translator,1,1,0,362,5.017243473431301,9.513143229958295,0.0,False,,,,,,,
Single WP Translator,1,1,0,363,4.880307484854597,9.48228091655217,0.0,False,,,,,,,
Single WP Translator,1,1,0,364,4.765946926965596,9.462734064137145,0.0,False,,,,,,,
Single WP Translator,1,1,0,365,4.671152834147941,9.487710898245716,0.0,False,,,,,,,
Single WP Translator,1,1,0,366,4.580480639397083,9.49285096631694,0.0,False,,,,,,,
Single WP Translator,1,1,0,367,4.445141981936053,9.480030203690545,0.0,False,,,,,,,
Single WP Translator,1,1,0,368,4.229941428037658,9.473707326652844,0.0,False,,,,,,,
Single WP Translator,1,1,0,369,4.099743168673154,9.395174682102244,0.0,False,,,,,,,
Single WP Translator,1,1,0,370,3.9898899734711057,9.296198662878048,0.0,False,,,,,,,
Single WP Translator,1,1,0,371,3.8981003897486937,9.189905414006684,0.0,False,,,,,,,
Single WP Translator,1,1,0,372,3.839985044505829,9.07526515068601,0.0,False,,,,,,,
Single WP Translator,1,1,0,373,3.840460792800541,8.937044584369534,0.0,False,,,,,,,
Single WP Translator,1,1,0,374,3.9083374842678538,8.815374272200222,0.0,False,,,,,,,
Single WP Translator,1,1,0,375,3.9569376165415897,8.70482069848751,0.0,False,,,,,,,
Single WP Translator,1,1,0,376,3.970807282098896,8.662540795469683,0.0,False,,,,,,,
Single WP Translator,1,1,0,377,3.955285352077876,8.637430535214682,0.0,False,,,,,,,
Single WP Translator,1,1,0,378,3.954832850703004,8.584633329473135,0.0,False,,,,,,,
Single WP Translator,1,1,0,379,3.963986358193707,8.546430468058414,0.0,False,,,,,,,
Single WP Translator,1,1,0,380,4.002074380516177,8.492845113546483,0.0,False,,,,,,,
Single WP Translator,1,1,0,381,4.185965363861541,8.43959421706512,0.0,False,,,,,,,
Single WP Translator,1,1,0,382,4.350922947635722,8.382351165283135,0.0,False,,,,,,,
Single WP Translator,1,1,0,383,4.5106435755384595,8.313787289474547,0.0,False,,,,,,,
Single WP Translator,1,1,0,384,4.648272314424406,8.246233627022727,0.0,False,,,,,,,
Single WP Translator,1,1,0,385,4.712972442618833,8.142907226459494,0.0,False,,,,,,,
Single WP Translator,1,1,0,386,4.795801714560714,8.030494489726363,0.0,False,,,,,,,
Single WP Translator,1,1,0,387,4.918053524918227,8.008972692790516,0.0,False,,,,,,,
Single WP Translator,1,1,0,388,5.070736917841577,8.061686906539556,0.0,False,,,,,,,
Single WP Translator,1,1,0,389,5.268411253743136,8.114049720019514,0.0,False,,,,,,,
Single WP Translator,1,1,0,390,5.496997211935472,8.146963778508129,0.0,False,,,,,,,
Single WP Translator,1,1,0,391,5.719779115780647,8.164747849935088,0.0,False,,,,,,,
Single WP Translator,1,1,0,392,5.931970322601105,8.15688904564199,0.0,False,,,,,,,
Single WP Translator,1,1,0,393,6.121523004559868,8.059318896121383,0.0,False,,,,,,,
Single WP Translator,1,1,0,394,6.318531435063392,7.96007652019873,0.0,False,,,,,,,
Single WP Translator,1,1,0,395,6.538933785700637,7.884688534795966,0.0,False,,,,,,,
Single WP Translator,1,1,0,396,6.764962166345781,7.896761291635585,0.0,False,,,,,,,
Single WP Translator,1,1,0,397,6.991616725409331,7.9426300770286,0.0,False,,,,,,,
Single WP Translator,1,1,0,398,7.232161487752502,7.975856812090675,0.0,False,,,,,,,
Single WP Translator,1,1,0,399,7.4498580019607665,8.02518017159723,0.0,False,,,,,,,
Single WP Translator,1,1,0,400,7.59508676493678,7.9941949145846944,0.0,False,,,,,,,
Single WP Translator,1,1,0,401,7.720358726311197,7.9107212423976785,0.0,False,,,,,,,
Single WP Translator,1,1,0,402,7.844958850781992,7.835443362070588,0.0,False,,,,,,,
Single WP Translator,1,1,0,403,7.971466711911188,7.778797528099014,0.0,False,,,,,,,
Single WP Translator,1,1,0,404,8.107982613633322,7.826755195860641,0.0,False,,,,,,,
Single WP Translator,1,1,0,405,8.297354589459857,7.895285516774722,0.0,False,,,,,,,
Single WP Translator,1,1,0,406,8.52794654533579,7.957204985403337,0.0,False,,,,,,,
Single WP Translator,1,1,0,407,8.73869702359576,8.005144071115929,0.0,False,,,,,,,
Single WP Translator,1,1,0,408,8.927068531822824,8.027453726794256,0.0,False,,,,,,,
Single WP Translator,1,1,0,409,9.051346397025398,7.913822438253102,0.0,False,,,,,,,
Single WP Translator,1,1,0,410,9.187156615669338,7.764129323175361,0.0,False,,,,,,,
Single WP Translator,1,1,0,411,9.357646882669632,7.635553098421237,0.0,False,,,,,,,
Single WP Translator,1,1,0,412,9.538368750275028,7.597325190531069,0.0,False,,,,,,,
Single WP Translator,1,1,0,413,9.744217168827022,7.624415193528171,0.0,False,,,,,,,
Single WP Translator,1,1,0,414,9.983739284624743,7.633360531180681,0.0,False,,,,,,,
Single WP Translator,1,1,0,415,10.200879465579876,7.649981580888548,0.0,False,,,,,,,
Single WP Translator,1,1,0,416,10.365900662017513,7.58976429022434,0.0,False,,,,,,,
Single WP Translator,1,1,0,417,10.49129436199094,7.471820711997121,0.0,False,,,,,,,
Single WP Translator,1,1,0,418,10.61992509146208,7.36969966047998,0.0,False,,,,,,,
Single WP Translator,1,1,0,419,10.737892957492862,7.29324227068618,0.0,False,,,,,,,
Single WP Translator,1,1,0,420,10.86376560234717,7.250710114325042,0.0,False,,,,,,,
Single WP Translator,1,1,0,421,11.02218793201578,7.256851810438949,0.0,False,,,,,,,
Single WP Translator,1,1,0,422,11.204402596047366,7.252278920664096,0.0,False,,,,,,,
Single WP Translator,1,1,0,423,11.368110709637229,7.240732810660492,0.0,False,,,,,,,
Single WP Translator,1,1,0,424,11.512211601877418,7.214963712582224,0.0,False,,,,,,,
Single WP Translator,1,1,0,425,11.567687441670875,7.212330156174375,0.0,False,,,,,,,
Single WP Translator,1,1,0,426,11.526028037068862,7.2804422209296975,0.0,False,,,,,,,
Single WP Translator,1,1,0,427,11.500833502426296,7.351137585422384,0.0,False,,,,,,,
Single WP Translator,1,1,0,428,11.504310049061091,7.4386779546731026,0.0,False,,,,,,,
Single WP Translator,1,1,0,429,11.546039889998852,7.586886564251953,0.0,False,,,,,,,
Single WP Translator,1,1,0,430,11.60044317750624,7.749508616615799,0.0,False,,,,,,,
Single WP Translator,1,1,0,431,11.63129752677238,7.904870139841707,0.0,False,,,,,,,
Single WP Translator,1,1,0,432,11.635545701857604,8.046376344167046,0.0,False,,,,,,,
Single WP Translator,1,1,0,433,11.59950632782048,8.202165954183496,0.0,False,,,,,,,
Single WP Translator,1,1,0,434,11.51969826054572,8.374026820267922,0.0,False,,,,,,,
Single WP Translator,1,1,0,435,11.358391283927528,8.517129579872996,0.0,False,,,,,,,
Single WP Translator,1,1,0,436,11.224789284555255,8.650745825916388,0.0,False,,,,,,,
Single WP Translator,1,1,0,437,11.134302267966843,8.757921889341754,0.0,False,,,,,,,
Single WP Translator,1,1,0,438,11.14573962972254,8.768656599888375,0.0,False,,,,,,,
Single WP Translator,1,1,0,439,11.13660970017313,8.771353787255714,0.0,False,,,,,,,
Single WP Translator,1,1,0,440,11.096739573031948,8.775767906720986,0.0,False,,,,,,,
Single WP Translator,1,1,0,441,10.97758796536088,8.748958390686495,0.0,False,,,,,,,
Single WP Translator,1,1,0,442,10.85040666198688,8.685975182091116,0.0,False,,,,,,,
Single WP Translator,1,1,0,443,10.743684859018389,8.638898957201633,0.0,False,,,,,,,
Single WP Translator,1,1,0,444,10.632779983916553,8.59247455755978,0.0,False,,,,,,,
Single WP Translator,1,1,0,445,10.592004039314636,8.570298639799896,0.0,False,,,,,,,
Single WP Translator,1,1,0,446,10.59142127157201,8.525783876985264,0.0,False,,,,,,,
Single WP Translator,1,1,0,447,10.600476079506866,8.438354685653529,0.0,False,,,,,,,
Single WP Translator,1,1,0,448,10.589256602961482,8.3355191978773,0.0,False,,,,,,,
Single WP Translator,1,1,0,449,10.523736834130716,8.229744047100786,0.0,False,,,,,,,
Single WP Translator,1,1,0,450,10.375885864468374,8.07827061460957,0.0,False,,,,,,,
Single WP Translator,1,1,0,451,10.259171562718745,7.91948838966947,0.0,False,,,,,,,
Single WP Translator,1,1,0,452,10.18327240250636,7.757392317401607,0.0,False,,,,,,,
Single WP Translator,1,1,0,453,10.205846466658825,7.608505008956861,0.0,False,,,,,,,
Single WP Translator,1,1,0,454,10.281701743256397,7.447450354650039,0.0,False,,,,,,,
Single WP Translator,1,1,0,455,10.35183219245983,7.268346321840582,0.0,False,,,,,,,
Single WP Translator,1,1,0,456,10.429679483403836,7.11929443635629,0.0,False,,,,,,,
Single WP Translator,1,1,0,457,10.461514895885598,6.9898895201995455,0.0,False,,,,,,,
Single WP Translator,1,1,0,458,10.434970682239207,6.8498166951896,0.0,False,,,,,,,
Single WP Translator,1,1,0,459,10.43850803704416,6.820587739497367,0.0,False,,,,,,,
Single WP Translator,1,1,0,460,10.47768600139963,6.774622905099103,0.0,False,,,,,,,
Single WP Translator,1,1,0,461,10.547507321691258,6.704872200965065,0.0,False,,,,,,,
Single WP Translator,1,1,0,462,10.688025045239304,6.559298121828641,0.0,False,,,,,,,
Single WP Translator,1,1,0,463,10.819724662778198,6.404298404942484,0.0,False,,,,,,,
Single WP Translator,1,1,0,464,10.93579174726774,6.266503357308473,0.0,False,,,,,,,
Single WP Translator,1,1,0,465,11.06203513834011,6.163915385100071,0.0,False,,,,,,,
Single WP Translator,1,1,0,466,11.167127667588668,6.128274209613222,0.0,False,,,,,,,
Single WP Translator,1,1,0,467,11.23895350460943,6.099644820326498,0.0,False,,,,,,,
Single WP Translator,1,1,0,468,11.328314911524348,6.0695554724927225,0.0,False,,,,,,,
Single WP Translator,1,1,0,469,11.413230562923196,6.061239322847306,0.0,False,,,,,,,
Single WP Translator,1,1,0,470,11.483466951970366,6.055981782650927,0.0,False,,,,,,,
Single WP Translator,1,1,0,471,11.49760681341476,5.904554223854388,0.0,False,,,,,,,
Single WP Translator,1,1,0,472,11.514709398370432,5.758214491653452,0.0,False,,,,,,,
Single WP Translator,1,1,0,473,11.518890429870035,5.624201171809931,0.0,False,,,,,,,
Single WP Translator,1,1,0,474,11.49877471059633,5.539333118201947,0.0,False,,,,,,,
Single WP Translator,1,1,0,475,11.390861285232136,5.513614077897179,0.0,False,,,,,,,
Single WP Translator,1,1,0,476,11.288676618632431,5.46884199474824,0.0,False,,,,,,,
Single WP Translator,1,1,0,477,11.23622624593683,5.392601773568055,0.0,False,,,,,,,
Single WP Translator,1,1,0,478,11.314489873909023,5.217378920387492,0.0,False,,,,,,,
Single WP Translator,1,1,0,479,11.385253306901252,5.074361851911705,0.0,False,,,,,,,
Single WP Translator,1,1,0,480,11.44055672751256,4.930435629675922,0.0,False,,,,,,,
Single WP Translator,1,1,0,481,11.489314173556169,4.801013351510042,0.0,False,,,,,,,
Single WP Translator,1,1,0,482,11.525193984145949,4.69066460281352,0.0,False,,,,,,,
Single WP Translator,1,1,0,483,11.514971070869318,4.556325798013551,0.0,False,,,,,,,
Single WP Translator,1,1,0,484,11.514098166659211,4.4139971718682265,0.0,False,,,,,,,
Single WP Translator,1,1,0,485,11.58474690192772,4.296435510107095,0.0,False,,,,,,,
Single WP Translator,1,1,0,486,11.730113713350471,4.207340251282516,0.0,False,,,,,,,
Single WP Translator,1,1,0,487,11.907640281402964,4.104726311385993,0.0,False,,,,,,,
Single WP Translator,1,1,0,488,12.063914345642164,3.986762009439978,0.0,False,,,,,,,
Single WP Translator,1,1,0,489,12.201286807144385,3.874940310633839,0.0,False,,,,,,,
Single WP Translator,1,1,0,490,12.291686484046828,3.7374200497215577,0.0,False,,,,,,,
Single WP Translator,1,1,0,491,12.334708292806312,3.59800462970417,0.0,False,,,,,,,
Single WP Translator,1,1,0,492,12.406693670248847,3.4659737628266676,0.0,False,,,,,,,
Single WP Translator,1,1,0,493,12.504495298648266,3.376824936517465,0.0,False,,,,,,,
Single WP Translator,1,1,0,494,12.668899558634186,3.387346714163362,0.0,False,,,,,,,
Single WP Translator,1,1,0,495,12.849921046105266,3.3978386105162643,0.0,False,,,,,,,
Single WP Translator,1,1,0,496,13.039798869715678,3.353656843090417,0.0,False,,,,,,,
Single WP Translator,1,1,0,497,13.205068577591565,3.3154489838928325,0.0,False,,,,,,,
Single WP Translator,1,1,0,498,13.275226130295597,3.3177786984431306,0.0,False,,,,,,,
Single WP Translator,1,1,0,499,13.28078540661077,3.357418290205509,0.0,False,,,,,,,
Single WP Translator,1,1,0,500,13.247002655138235,3.461836581686065,0.0,False,,,,,,,
Single WP Translator,1,1,0,501,13.203262151945744,3.583222774921619,0.0,False,,,,,,,
Single WP Translator,1,1,0,502,13.181462641827247,3.6962203300497287,0.0,False,,,,,,,
Single WP Translator,1,1,0,503,13.159150766688873,3.7447972985698303,0.0,False,,,,,,,
Single WP Translator,1,1,0,504,13.203510089569615,3.739545885097058,0.0,False,,,,,,,
Single WP Translator,1,1,0,505,13.27068136719202,3.7510996446436473,0.0,False,,,,,,,
Single WP Translator,1,1,0,506,13.318155959772064,3.762947676736505,0.0,False,,,,,,,
Single WP Translator,1,1,0,507,13.359213812669722,3.759839923534217,0.0,False,,,,,,,
Single WP Translator,1,1,0,508,13.349296662879205,3.692777687934937,0.0,False,,,,,,,
Single WP Translator,1,1,0,509,13.361739117131176,3.611096139216503,0.0,False,,,,,,,
Single WP Translator,1,1,0,510,13.398283681407872,3.5326695003580126,0.0,False,,,,,,,
Single WP Translator,1,1,0,511,13.478328807898494,3.450908421034805,0.0,False,,,,,,,
Single WP Translator,1,1,0,512,13.700197582745382,3.3709354798377333,0.0,False,,,,,,,
Single WP Translator,1,1,0,513,13.897372393882396,3.2918632845157725,0.0,False,,,,,,,
Single WP Translator,1,1,0,514,14.086729744804863,3.204098806738019,0.0,False,,,,,,,
Single WP Translator,1,1,0,515,14.25594004328968,3.106596383544573,0.0,False,,,,,,,
Single WP Translator,1,1,0,516,14.283904657488067,3.10489325195009,0.0,False,,,,,,,
Single WP Translator,1,1,0,517,14.249662410454812,3.168718744738512,0.0,False,,,,,,,
Single WP Translator,1,1,0,518,14.232813740725668,3.232428888560757,0.0,False,,,,,,,
Single WP Translator,1,1,0,519,14.216596624561316,3.3058067349041855,0.0,False,,,,,,,
Single WP Translator,1,1,0,520,14.204489299658176,3.412059008674618,0.0,False,,,,,,,
Single WP Translator,1,1,0,521,14.1601055261892,3.5396810879113283,0.0,False,,,,,,,
Single WP Translator,1,1,0,522,14.137313376654737,3.64828227979412,0.0,False,,,,,,,
Single WP Translator,1,1,0,523,14.09723589005718,3.770806646271474,0.0,False,,,,,,,
Single WP Translator,1,1,0,524,14.0357627352283,3.862573620873063,0.0,False,,,,,,,
Single WP Translator,1,1,0,525,13.939531373196951,3.946222693918694,0.0,False,,,,,,,
Single WP Translator,1,1,0,526,13.85517440678988,4.042075851656726,0.0,False,,,,,,,
Single WP Translator,1,1,0,527,13.842489929770256,4.116374353975489,0.0,False,,,,,,,
Single WP Translator,1,1,0,528,13.891527894471864,4.201823794461717,0.0,False,,,,,,,
Single WP Translator,1,1,0,529,13.956033877608991,4.297380482562045,0.0,False,,,,,,,
Single WP Translator,1,1,0,530,14.003433979854444,4.414204926957267,0.0,False,,,,,,,
Single WP Translator,1,1,0,531,14.078188144630415,4.531152843632652,0.0,False,,,,,,,
Single WP Translator,1,1,0,532,14.05467869093942,4.6130416441481525,0.0,False,,,,,,,
Single WP Translator,1,1,0,533,13.916132422790932,4.648907305211755,0.0,False,,,,,,,
Single WP Translator,1,1,0,534,13.76898404820676,4.693752447553197,0.0,False,,,,,,,
Single WP Translator,1,1,0,535,13.6428011625442,4.749696571260312,0.0,False,,,,,,,
Single WP Translator,1,1,0,536,13.534530138797113,4.816956215586866,0.0,False,,,,,,,
Single WP Translator,1,1,0,537,13.480500781802702,4.90188684626129,0.0,False,,,,,,,
Single WP Translator,1,1,0,538,13.423591423602778,4.992603727179536,0.0,False,,,,,,,
Single WP Translator,1,1,0,539,13.341390423657,5.079456927662924,0.0,False,,,,,,,
Single WP Translator,1,1,0,540,13.192163057105915,5.167719282948836,0.0,False,,,,,,,
Single WP Translator,1,1,0,541,12.927522374303951,5.281886057187471,0.0,False,,,,,,,
Single WP Translator,1,1,0,542,12.696429915710995,5.3928755399678,0.0,False,,,,,,,
Single WP Translator,1,1,0,543,12.52478699437359,5.49494888081717,0.0,False,,,,,,,
Single WP Translator,1,1,0,544,12.41175730439522,5.52792392280155,0.0,False,,,,,,,
Single WP Translator,1,1,0,545,12.296608531725385,5.55266441850456,0.0,False,,,,,,,
Single WP Translator,1,1,0,546,12.20125215844626,5.595622447088862,0.0,False,,,,,,,
Single WP Translator,1,1,0,547,12.06567184817643,5.620793642027429,0.0,False,,,,,,,
Single WP Translator,1,1,0,548,11.858354929024824,5.66084632535855,0.0,False,,,,,,,
Single WP Translator,1,1,0,549,11.657360145286956,5.701949543530147,0.0,False,,,,,,,
Single WP Translator,1,1,0,550,11.479267814450886,5.741747875630834,0.0,False,,,,,,,
Single WP Translator,1,1,0,551,11.36009519979719,5.787442157402022,0.0,False,,,,,,,
Single WP Translator,1,1,0,552,11.271831425987685,5.8733064526030585,0.0,False,,,,,,,
Single WP Translator,1,1,0,553,11.144561603335612,5.963008568810081,0.0,False,,,,,,,
Single WP Translator,1,1,0,554,10.99562208502266,5.97884805866737,0.0,False,,,,,,,
Single WP Translator,1,1,0,555,11.075010605172643,5.965745161845186,0.0,False,,,,,,,
Single WP Translator,1,1,0,556,11.200746096164291,5.933855684603652,0.0,False,,,,,,,
Single WP Translator,1,1,0,557,11.323100627366028,5.9061020559257695,0.0,False,,,,,,,
Single WP Translator,1,1,0,558,11.376298796330587,5.971016248503299,0.0,False,,,,,,,
Single WP Translator,1,1,0,559,11.43697419496535,6.05628636795786,0.0,False,,,,,,,
Single WP Translator,1,1,0,560,11.493850399901133,6.1792200109361275,0.0,False,,,,,,,
Single WP Translator,1,1,0,561,11.490784307374188,6.321506326872252,0.0,False,,,,,,,
Single WP Translator,1,1,0,562,11.48058314134367,6.414777936576629,0.0,False,,,,,,,
Single WP Translator,1,1,0,563,11.461472583497764,6.486099099471247,0.0,False,,,,,,,
Single WP Translator,1,1,0,564,11.40761898177582,6.525695235159595,0.0,False,,,,,,,
Single WP Translator,1,1,0,565,11.28245814095743,6.516914748421621,0.0,False,,,,,,,
Single WP Translator,1,1,0,566,11.166487630756096,6.5303653571441425,0.0,False,,,,,,,
Single WP Translator,1,1,0,567,11.055166755045876,6.575257268873959,0.0,False,,,,,,,
Single WP Translator,1,1,0,568,10.96312743517156,6.65549804531407,0.0,False,,,,,,,
Single WP Translator,1,1,0,569,10.90910084975387,6.822747782039469,0.0,False,,,,,,,
Single WP Translator,1,1,0,570,10.822340637485205,7.032238562090129,0.0,False,,,,,,,
Single WP Translator,1,1,0,571,10.727628223833412,7.218292231147647,0.0,False,,,,,,,
Single WP Translator,1,1,0,572,10.614705885955198,7.370552367979872,0.0,False,,,,,,,
Single WP Translator,1,1,0,573,10.464352872997786,7.447408374015406,0.0,False,,,,,,,
Single WP Translator,1,1,0,574,10.294610441622927,7.497778098114068,0.0,False,,,,,,,
Single WP Translator,1,1,0,575,10.144799470503836,7.5273976973977215,0.0,False,,,,,,,
Single WP Translator,1,1,0,576,10.060849988584144,7.574059810261564,0.0,False,,,,,,,
Single WP Translator,1,1,0,577,10.121247431221732,7.685171682421739,0.0,False,,,,,,,
Single WP Translator,1,1,0,578,10.159629685642043,7.830623703612835,0.0,False,,,,,,,
Single WP Translator,1,1,0,579,10.18828214587914,7.951051021548499,0.0,False,,,,,,,
Single WP Translator,1,1,0,580,10.176713705443092,8.01533335942391,0.0,False,,,,,,,
Single WP Translator,1,1,0,581,10.071273046834172,8.051853859583828,0.0,False,,,,,,,
Single WP Translator,1,1,0,582,9.962861205669489,8.10291991889837,0.0,False,,,,,,,
Single WP Translator,1,1,0,583,9.890812227576452,8.206126466094938,0.0,False,,,,,,,
Single WP Translator,1,1,0,584,9.840553795231136,8.33047266768396,0.0,False,,,,,,,
Single WP Translator,1,1,0,585,9.849518309481107,8.546681635286827,0.0,False,,,,,,,
Single WP Translator,1,1,0,586,9.826449477812872,8.771345611829636,0.0,False,,,,,,,
Single WP Translator,1,1,0,587,9.789679855890324,8.890459876159907,0.0,False,,,,,,,
Single WP Translator,1,1,0,588,9.720685435874952,8.894337910685461,0.0,False,,,,,,,
Single WP Translator,1,1,0,589,9.60548347432516,8.932211480580195,0.0,False,,,,,,,
Single WP Translator,1,1,0,590,9.49363078625595,8.974926526537084,0.0,False,,,,,,,
Single WP Translator,1,1,0,591,9.373679839422444,8.993413317255463,0.0,False,,,,,,,
Single WP Translator,1,1,0,592,9.31511114165289,9.026675007976824,0.0,False,,,,,,,
Single WP Translator,1,1,0,593,9.321002485737452,9.06119893939542,0.0,False,,,,,,,
Single WP Translator,1,1,0,594,9.30676674841473,9.066683577619909,0.0,False,,,,,,,
Single WP Translator,1,1,0,595,9.27564273968761,9.079354282826616,0.0,False,,,,,,,
Single WP Translator,1,1,0,596,9.20641558547417,9.113230776067704,0.0,False,,,,,,,
Single WP Translator,1,1,0,597,9.13510357860182,9.006615017859689,0.0,False,,,,,,,
Single WP Translator,1,1,0,598,9.084612932026516,8.891183743163511,0.0,False,,,,,,,
Single WP Translator,1,1,0,599,9.119697694225316,8.848242618615123,0.0,False,,,,,,,
Single WP Translator,1,1,0,600,9.1906474375624,8.800730789909375,0.0,False,,,,,,,
Single WP Translator,1,1,0,601,9.257432478125152,8.78941842158675,0.0,False,,,,,,,
Single WP Translator,1,1,0,602,9.316141661601776,8.846515281032136,0.0,False,,,,,,,
Single WP Translator,1,1,0,603,9.323475149008685,8.871746473198321,0.0,False,,,,,,,
Single WP Translator,1,1,0,604,9.280308248245724,8.830373145416724,0.0,False,,,,,,,
Single WP Translator,1,1,0,605,9.279210321659374,8.77866785686732,0.0,False,,,,,,,
Single WP Translator,1,1,0,606,9.306689212296927,8.763814311316592,0.0,False,,,,,,,
Single WP Translator,1,1,0,607,9.383902491837922,8.82287024495901,0.0,False,,,,,,,
Single WP Translator,1,1,0,608,9.49648254227628,8.905518039930667,0.0,False,,,,,,,
Single WP Translator,1,1,0,609,9.628130963214671,9.00945961541296,0.0,False,,,,,,,
Single WP Translator,1,1,0,610,9.752738918781384,9.06581928868735,0.0,False,,,,,,,
Single WP Translator,1,1,0,611,9.872617263560826,8.970756728080152,0.0,False,,,,,,,
Single WP Translator,1,1,0,612,9.951983659044686,8.866656035131255,0.0,False,,,,,,,
Single WP Translator,1,1,0,613,10.040329615195288,8.76736812486988,0.0,False,,,,,,,
Single WP Translator,1,1,0,614,10.141794228783276,8.704581597584289,0.0,False,,,,,,,
Single WP Translator,1,1,0,615,10.222256794190022,8.70961989877473,0.0,False,,,,,,,
Single WP Translator,1,1,0,616,10.266911533505336,8.81982425884325,0.0,False,,,,,,,
Single WP Translator,1,1,0,617,10.404094222847792,8.958156694134574,0.0,False,,,,,,,
Single WP Translator,1,1,0,618,10.568027659844144,9.101645825828165,0.0,False,,,,,,,
Single WP Translator,1,1,0,619,10.735881325288004,9.229995844824176,0.0,False,,,,,,,
Single WP Translator,1,1,0,620,10.908499029144686,9.321705329628688,0.0,False,,,,,,,
Single WP Translator,1,1,0,621,11.08393686654247,9.283028706743584,0.0,False,,,,,,,
Single WP Translator,1,1,0,622,11.259593067601854,9.236668990615692,0.0,False,,,,,,,
Single WP Translator,1,1,0,623,11.436637823376454,9.219231344166058,0.0,False,,,,,,,
Single WP Translator,1,1,0,624,11.61131934611483,9.227639360148425,0.0,False,,,,,,,
Single WP Translator,1,1,0,625,11.80133962004061,9.256494092350872,0.0,False,,,,,,,
Single WP Translator,1,1,0,626,12.032874125610563,9.419248696202448,0.0,False,,,,,,,
Single WP Translator,1,1,0,627,12.258096168626404,9.577779826219444,0.0,False,,,,,,,
Single WP Translator,1,1,0,628,12.477335520805475,9.719468200505302,0.0,False,,,,,,,
Single WP Translator,1,1,0,629,12.69394400814625,9.820169780537324,0.0,False,,,,,,,
Single WP Translator,1,1,0,630,12.87194213943816,9.829315091889196,0.0,False,,,,,,,
Single WP Translator,1,1,0,631,12.993858264693545,9.834275048291664,0.0,False,,,,,,,
Single WP Translator,1,1,0,632,13.120259269425274,9.85705554643539,0.0,False,,,,,,,
Single WP Translator,1,1,0,633,13.260378453165798,9.925514126018788,0.0,False,,,,,,,
Single WP Translator,1,1,0,634,13.480299196576318,10.030956651668108,0.0,False,,,,,,,
Single WP Translator,1,1,0,635,13.742274480034212,10.13350859569408,0.0,False,,,,,,,
Single WP Translator,1,1,0,636,13.841249822233523,10.217407382561149,0.0,False,,,,,,,
Single WP Translator,1,1,0,637,13.82936902254894,10.298909857787836,0.0,False,,,,,,,
Single WP Translator,1,1,0,638,13.752922216908164,10.440846992196706,0.0,False,,,,,,,
Single WP Translator,1,1,0,639,13.701899292706756,10.558710979258494,0.0,False,,,,,,,
Single WP Translator,1,1,0,640,13.685851099118326,10.626265776785306,0.0,False,,,,,,,
Single WP Translator,1,1,0,641,13.770989861352588,10.727240276375651,0.0,False,,,,,,,
Single WP Translator,1,1,0,642,13.86282757411314,10.858333962836756,0.0,False,,,,,,,
Single WP Translator,1,1,0,643,13.930361539594983,11.009620988752843,0.0,False,,,,,,,
Single WP Translator,1,1,0,644,13.973153197784791,11.152809423273332,0.0,False,,,,,,,
Single WP Translator,1,1,0,645,13.98801740995198,11.304985349718203,0.0,False,,,,,,,
Single WP Translator,1,1,0,646,13.879639983123685,11.455392840847836,0.0,False,,,,,,,
Single WP Translator,1,1,0,647,13.735988198783383,11.589489773665155,0.0,False,,,,,,,
Single WP Translator,1,1,0,648,13.65137627120118,11.740650029205938,0.0,False,,,,,,,
Single WP Translator,1,1,0,649,13.62643189543931,11.886822193355002,0.0,False,,,,,,,
Single WP Translator,1,1,0,650,13.744798467742353,12.022017516247184,0.0,False,,,,,,,
Single WP Translator,1,1,0,651,13.857674770505088,12.204727053122872,0.0,False,,,,,,,
Single WP Translator,1,1,0,652,13.930940587474144,12.374855011540085,0.0,False,,,,,,,
Single WP Translator,1,1,0,653,13.97815809002157,12.544955347736686,0.0,False,,,,,,,
Single WP Translator,1,1,0,654,13.899954538693455,12.696186400684889,0.0,False,,,,,,,
Single WP Translator,1,1,0,655,13.74648626170762,12.838061490555122,0.0,False,,,,,,,
Single WP Translator,1,1,0,656,13.650315786148132,12.99451954867093,0.0,False,,,,,,,
Single WP Translator,1,1,0,657,13.582897229669705,13.165207565063408,0.0,False,,,,,,,
Single WP Translator,1,1,0,658,13.47692437703064,13.22100007094251,0.0,False,,,,,,,
Single WP Translator,1,1,0,659,13.421000043135717,13.197936374283756,0.0,False,,,,,,,
Single WP Translator,1,1,0,660,13.346363169752236,13.17913576433709,0.0,False,,,,,,,
Single WP Translator,1,1,0,661,13.274104070953182,13.2034132812527,0.0,False,,,,,,,
Single WP Translator,1,1,0,662,13.19610748284088,13.281030015853272,0.0,False,,,,,,,
Single WP Translator,1,1,0,663,13.104032987857789,13.458761730999854,0.0,False,,,,,,,
Single WP Translator,1,1,0,664,13.022442789511066,13.621162204183452,0.0,False,,,,,,,
Single WP Translator,1,1,0,665,12.949019777495074,13.766070765968422,0.0,False,,,,,,,
Single WP Translator,1,1,0,666,12.880879340959437,13.912065600770552,0.0,False,,,,,,,
Single WP Translator,1,1,0,667,12.834307135156578,14.000226948464077,0.0,False,,,,,,,
Single WP Translator,1,1,0,668,12.849809357760156,13.985030060262435,0.0,False,,,,,,,
Single WP Translator,1,1,0,669,12.831298789330589,13.932715650123576,0.0,False,,,,,,,
Single WP Translator,1,1,0,670,12.793797136999066,13.91775549049525,0.0,False,,,,,,,
Single WP Translator,1,1,0,671,12.734076889616109,13.952247356593388,0.0,False,,,,,,,
Single WP Translator,1,1,0,672,12.710677185548478,14.061369730627598,0.0,False,,,,,,,
Single WP Translator,1,1,0,673,12.69999088559176,14.188474438077945,0.0,False,,,,,,,
Single WP Translator,1,1,0,674,12.661322855149711,14.291398732967728,0.0,False,,,,,,,
Single WP Translator,1,1,0,675,12.623335604413583,14.383040898751805,0.0,False,,,,,,,
Single WP Translator,1,1,0,676,12.44764487742907,14.396901676320836,0.0,False,,,,,,,
Single WP Translator,1,1,0,677,12.291965312573527,14.427544249834758,0.0,False,,,,,,,
Single WP Translator,1,1,0,678,12.246556099932503,14.515989601534454,0.0,False,,,,,,,
Single WP Translator,1,1,0,679,12.254627540992704,14.658480022334285,0.0,False,,,,,,,
Single WP Translator,1,1,0,680,12.252578067158108,14.813697111859344,0.0,False,,,,,,,
Single WP Translator,1,1,0,681,12.207536063793968,14.995504334665975,0.0,False,,,,,,,
Single WP Translator,1,1,0,682,12.086475879498172,15.19869131392194,0.0,False,,,,,,,
Single WP Translator,1,1,0,683,11.963925780243898,15.375222859928805,0.0,False,,,,,,,
Single WP Translator,1,1,0,684,11.852037106707565,15.541440106679168,0.0,False,,,,,,,
Single WP Translator,1,1,0,685,11.790744946361444,15.6233219490905,0.0,False,,,,,,,
Single WP Translator,1,1,0,686,11.743084663104533,15.693840022751514,0.0,False,,,,,,,
Single WP Translator,1,1,0,687,11.692634834924368,15.780696127407184,0.0,False,,,,,,,
Single WP Translator,1,1,0,688,11.6512164437776,15.881425343877222,0.0,False,,,,,,,
Single WP Translator,1,1,0,689,11.642182791965864,15.995782505607748,0.0,False,,,,,,,
Single WP Translator,1,1,0,690,11.510210761104757,16.091564226433,0.0,False,,,,,,,
Single WP Translator,1,1,0,691,11.340411843104969,16.18241256832571,0.0,False,,,,,,,
Single WP Translator,1,1,0,692,11.197839708248924,16.264509747957852,0.0,False,,,,,,,
Single WP Translator,1,1,0,693,11.105504983549066,16.318442044301346,0.0,False,,,,,,,
Single WP Translator,1,1,0,694,11.03221949276002,16.364612335211476,0.0,False,,,,,,,
Single WP Translator,1,1,0,695,10.925860419759534,16.3837939261151,0.0,False,,,,,,,
Single WP Translator,1,1,0,696,10.743421992311296,16.330610151761956,0.0,False,,,,,,,
Single WP Translator,1,1,0,697,10.52464063167305,16.294637331774684,0.0,False,,,,,,,
Single WP Translator,1,1,0,698,10.268624350217172,16.305159740365877,0.0,False,,,,,,,
Single WP Translator,1,1,0,699,10.039176452424693,16.310018690259103,0.0,False,,,,,,,
Single WP Translator,1,1,0,700,9.81821774306846,16.308502719472298,0.0,False,,,,,,,
Single WP Translator,1,1,0,701,9.661009033944929,16.299260334548343,0.0,False,,,,,,,
Single WP Translator,1,1,0,702,9.61782835142854,16.28162708696347,0.0,False,,,,,,,
Single WP Translator,1,1,0,703,9.619542484877602,16.257804456672922,0.0,False,,,,,,,
Single WP Translator,1,1,0,704,9.620667140984986,16.237258681628834,0.0,False,,,,,,,
Single WP Translator,1,1,0,705,9.603070057605905,16.233439820896734,0.0,False,,,,,,,
Single WP Translator,1,1,0,706,9.613820009914376,16.232086723235753,0.0,False,,,,,,,
Single WP Translator,1,1,0,707,9.692783966622548,16.218337829054022,0.0,False,,,,,,,
Single WP Translator,1,1,0,708,9.766511348622826,16.184325446614675,0.0,False,,,,,,,
Single WP Translator,1,1,0,709,9.82193406073972,16.112726555814138,0.0,False,,,,,,,
Single WP Translator,1,1,0,710,9.85474209652415,16.024834256573662,0.0,False,,,,,,,
Single WP Translator,1,1,0,711,9.867127359719449,15.924092858997591,0.0,False,,,,,,,
Single WP Translator,1,1,0,712,9.92550441641264,15.834253828167114,0.0,False,,,,,,,
Single WP Translator,1,1,0,713,10.044987375156063,15.845487171442992,0.0,False,,,,,,,
Single WP Translator,1,1,0,714,10.20864816956621,15.920903614686246,0.0,False,,,,,,,
Single WP Translator,1,1,0,715,10.432037309856812,15.993440113206496,0.0,False,,,,,,,
Single WP Translator,1,1,0,716,10.666564781498998,16.048608855372116,0.0,False,,,,,,,
Single WP Translator,1,1,0,717,10.897345553768982,16.092030456077207,0.0,False,,,,,,,
Single WP Translator,1,1,0,718,11.114309746019096,16.092416788378486,0.0,False,,,,,,,
Single WP Translator,1,1,0,719,11.31693364774357,16.026926745183367,0.0,False,,,,,,,
Single WP Translator,1,1,0,720,11.535283309923022,15.974190524044673,0.0,False,,,,,,,
Single WP Translator,1,1,0,721,11.737651338162182,15.930504791357553,0.0,False,,,,,,,
Single WP Translator,1,1,0,722,11.932951667771889,15.886132388307146,0.0,False,,,,,,,
Single WP Translator,1,1,0,723,12.162143030635152,15.812704199938295,0.0,False,,,,,,,
Single WP Translator,1,1,0,724,12.340797658675337,15.736595777302623,0.0,False,,,,,,,
Single WP Translator,1,1,0,725,12.381676367165683,15.6151663956153,0.0,False,,,,,,,
Single WP Translator,1,1,0,726,12.398941402489854,15.476493810624287,0.0,False,,,,,,,
Single WP Translator,1,1,0,727,12.43392954369684,15.349671828482103,0.0,False,,,,,,,
Single WP Translator,1,1,0,728,12.45086133238224,15.219915589603788,0.0,False,,,,,,,
Single WP Translator,1,1,0,729,12.483638440678044,15.111813944561904,0.0,False,,,,,,,
Single WP Translator,1,1,0,730,12.579201410772924,15.016099487473197,0.0,False,,,,,,,
Single WP Translator,1,1,0,731,12.666495732842918,14.89651664352858,0.0,False,,,,,,,
Single WP Translator,1,1,0,732,12.73473329179422,14.7658177606237,0.0,False,,,,,,,
Single WP Translator,1,1,0,733,12.681529638754569,14.613310355247616,0.0,False,,,,,,,
Single WP Translator,1,1,0,734,12.5944857249099,14.455968816502525,0.0,False,,,,,,,
Single WP Translator,1,1,0,735,12.50243870078418,14.325416104880064,0.0,False,,,,,,,
Single WP Translator,1,1,0,736,12.472439242880412,14.217700266091349,0.0,False,,,,,,,
Single WP Translator,1,1,0,737,12.57503704086135,14.132087603396569,0.0,False,,,,,,,
Single WP Translator,1,1,0,738,12.718487438229218,14.03752760261854,0.0,False,,,,,,,
Single WP Translator,1,1,0,739,12.827763782861217,13.929975135339957,0.0,False,,,,,,,
Single WP Translator,1,1,0,740,12.90530913720839,13.811987024052112,0.0,False,,,,,,,
Single WP Translator,1,1,0,741,12.922726227203396,13.661084429864562,0.0,False,,,,,,,
Single WP Translator,1,1,0,742,12.956718079815742,13.494560416257864,0.0,False,,,,,,,
Single WP Translator,1,1,0,743,13.016013032395795,13.368638380251138,0.0,False,,,,,,,
Single WP Translator,1,1,0,744,13.138797939388429,13.287513294687082,0.0,False,,,,,,,
Single WP Translator,1,1,0,745,13.272668236252231,13.18451631191863,0.0,False,,,,,,,
Single WP Translator,1,1,0,746,13.423674180836,13.0454555415033,0.0,False,,,,,,,
Single WP Translator,1,1,0,747,13.559871915863424,12.911571788352768,0.0,False,,,,,,,
Single WP Translator,1,1,0,748,13.666397007998633,12.774265261179105,0.0,False,,,,,,,
Single WP Translator,1,1,0,749,13.71644195617056,12.595641111370057,0.0,False,,,,,,,
Single WP Translator,1,1,0,750,13.792166426471786,12.399427472010036,0.0,False,,,,,,,
Single WP Translator,1,1,0,751,13.887293889128282,12.281049304688384,0.0,False,,,,,,,
Single WP Translator,1,1,0,752,14.037261875268522,12.20967999913125,0.0,False,,,,,,,
Single WP Translator,1,1,0,753,14.196638238964177,12.142304771704277,0.0,False,,,,,,,
Single WP Translator,1,1,0,754,14.334881588869854,12.056840210407096,0.0,False,,,,,,,
Single WP Translator,1,1,0,755,14.46262218302568,11.965686899422526,0.0,False,,,,,,,
Single WP Translator,1,1,0,756,14.493608473203942,11.884031994842124,0.0,False,,,,,,,
Single WP Translator,1,1,0,757,14.50293148762682,11.768913605277682,0.0,False,,,,,,,
Single WP Translator,1,1,0,758,14.559749479632329,11.66033025495691,0.0,False,,,,,,,
Single WP Translator,1,1,0,759,14.646063448594385,11.580633253749,0.0,False,,,,,,,
Single WP Translator,1,1,0,760,14.781228795293377,11.628970995716651,0.0,False,,,,,,,
Single WP Translator,1,1,0,761,14.97190495667563,11.72372272866461,0.0,False,,,,,,,
Single WP Translator,1,1,0,762,15.157528644539523,11.795402032527972,0.0,False,,,,,,,
Single WP Translator,1,1,0,763,15.347687672534164,11.851972128638296,0.0,False,,,,,,,
Single WP Translator,1,1,0,764,15.507309698742617,11.843212388633214,0.0,False,,,,,,,
Single WP Translator,1,1,0,765,15.613001961128154,11.772883152249664,0.0,False,,,,,,,
Single WP Translator,1,1,0,766,15.740686867763449,11.72888279491159,0.0,False,,,,,,,
Single WP Translator,1,1,0,767,15.885831266361556,11.714429851886663,0.0,False,,,,,,,
Single WP Translator,1,1,0,768,16.05827011088099,11.758356620606564,0.0,False,,,,,,,
Single WP Translator,1,1,0,769,16.30310400519021,11.90938390837674,0.0,False,,,,,,,
Single WP Translator,1,1,0,770,16.53340201975,12.042094456989767,0.0,False,,,,,,,
Single WP Translator,1,1,0,771,16.76873720395332,12.167105694731806,0.0,False,,,,,,,
Single WP Translator,1,1,0,772,17.003524320664198,12.267429148867944,0.0,False,,,,,,,
Single WP Translator,1,1,0,773,17.220053666895552,12.236914648472874,0.0,False,,,,,,,
Single WP Translator,1,1,0,774,17.425973145680874,12.202854504284156,0.0,False,,,,,,,
Single WP Translator,1,1,0,775,17.63374388438773,12.191505820390557,0.0,False,,,,,,,
Single WP Translator,1,1,0,776,17.812277371495217,12.265687507820749,0.0,False,,,,,,,
Single WP Translator,1,1,0,777,18.029021668087385,12.355128484348622,0.0,False,,,,,,,
Single WP Translator,1,1,0,778,18.273827944215295,12.462112890480626,0.0,False,,,,,,,
Single WP Translator,1,1,0,779,18.504884727073204,12.551383989144997,0.0,False,,,,,,,
Single WP Translator,1,1,0,780,18.721117424436404,12.62010116756537,0.0,False,,,,,,,
Single WP Translator,1,1,0,781,18.899025708068944,12.6147649544885,0.0,False,,,,,,,
Single WP Translator,1,1,0,782,19.06880578375068,12.603783537140025,0.0,False,,,,,,,
Single WP Translator,1,1,0,783,19.261425470579887,12.613917156496989,0.0,False,,,,,,,
Single WP Translator,1,1,0,784,19.46016930331966,12.648120479776322,0.0,False,,,,,,,
Single WP Translator,1,1,0,785,19.664849035520454,12.783334876759076,0.0,False,,,,,,,
Single WP Translator,1,1,0,786,19.92184832252313,12.88004985811866,0.0,False,,,,,,,
Single WP Translator,1,1,0,787,20.165177209379696,12.95964942276215,0.0,False,,,,,,,
Single WP Translator,1,1,0,788,20.401332571408307,13.02199945775352,0.0,False,,,,,,,
Single WP Translator,1,1,0,789,20.63100968271544,13.062199266644152,0.0,False,,,,,,,
Single WP Translator,1,1,0,790,20.816390999207066,13.0461304442372,0.0,False,,,,,,,
Single WP Translator,1,1,0,791,21.012756277451707,13.031990333629976,0.0,False,,,,,,,
Single WP Translator,1,1,0,792,21.13247824586745,13.069360350609587,0.0,False,,,,,,,
Single WP Translator,1,1,0,793,21.127485938897053,13.148889568635388,0.0,False,,,,,,,
Single WP Translator,1,1,0,794,20.99617858532891,13.15762684926668,0.0,False,,,,,,,
Single WP Translator,1,1,0,795,21.01043705628928,13.163557301090153,0.0,False,,,,,,,
Single WP Translator,1,1,0,796,21.110903624050582,13.172156044656376,0.0,False,,,,,,,
Single WP Translator,1,1,0,797,21.20045191660743,13.16953342540202,0.0,False,,,,,,,
Single WP Translator,1,1,0,798,21.26361070128534,13.165639323106085,0.0,False,,,,,,,
Single WP Translator,1,1,0,799,21.132576890972256,13.12419237489596,0.0,False,,,,,,,
Single WP Translator,1,1,0,800,20.9574916828466,13.092452821061364,0.0,False,,,,,,,
Single WP Translator,1,1,0,801,20.89653099121621,13.171037489342115,0.0,False,,,,,,,
Single WP Translator,1,1,0,802,20.854718694005445,13.290232914581075,0.0,False,,,,,,,
Single WP Translator,1,1,0,803,20.82357629755047,13.390970241512475,0.0,False,,,,,,,
Single WP Translator,1,1,0,804,20.799268001381336,13.464409586460514,0.0,False,,,,,,,
Single WP Translator,1,1,0,805,20.69894287795726,13.503570890419793,0.0,False,,,,,,,
Single WP Translator,1,1,0,806,20.637752228038433,13.52855643607764,0.0,False,,,,,,,
Single WP Translator,1,1,0,807,20.638863793636776,13.603373546206209,0.0,False,,,,,,,
Single WP Translator,1,1,0,808,20.67411100921775,13.710556304275215,0.0,False,,,,,,,
Single WP Translator,1,1,0,809,20.70940414751655,13.808884087754796,0.0,False,,,,,,,
Single WP Translator,1,1,0,810,20.72881127937904,13.90539205846006,0.0,False,,,,,,,
Single WP Translator,1,1,0,811,20.639522283950875,14.030575042270245,0.0,False,,,,,,,
Single WP Translator,1,1,0,812,20.47120639674084,14.1190730911381,0.0,False,,,,,,,
Single WP Translator,1,1,0,813,20.275304695733933,14.187975112038526,0.0,False,,,,,,,
Single WP Translator,1,1,0,814,20.113833960882424,14.283839574592154,0.0,False,,,,,,,
Single WP Translator,1,1,0,815,19.969096721898648,14.37951102515333,0.0,False,,,,,,,
Single WP Translator,1,1,0,816,19.853384024192515,14.496723096095783,0.0,False,,,,,,,
Single WP Translator,1,1,0,817,19.818471159832136,14.674729545216184,0.0,False,,,,,,,
Single WP Translator,1,1,0,818,19.779469301488408,14.866738301613092,0.0,False,,,,,,,
Single WP Translator,1,1,0,819,19.722120255780748,15.048298347166233,0.0,False,,,,,,,
Single WP Translator,1,1,0,820,19.644068553115662,15.220411166710512,0.0,False,,,,,,,
Single WP Translator,1,1,0,821,19.47964271243738,15.371225755443923,0.0,False,,,,,,,
Single WP Translator,1,1,0,822,19.324252528641612,15.52948991225591,0.0,False,,,,,,,
Single WP Translator,1,1,0,823,19.194973643967717,15.70630584822362,0.0,False,,,,,,,
Single WP Translator,1,1,0,824,19.089990143872328,15.879153844133626,0.0,False,,,,,,,
Single WP Translator,1,1,0,825,19.11641651061355,16.051819117714658,0.0,False,,,,,,,
Single WP Translator,1,1,0,826,19.155499022566005,16.23345766540105,0.0,False,,,,,,,
Single WP Translator,1,1,0,827,19.160496536286292,16.408773780017977,0.0,False,,,,,,,
Single WP Translator,1,1,0,828,19.143596581780276,16.589291350832347,0.0,False,,,,,,,
Single WP Translator,1,1,0,829,19.076791050332048,16.77369396244185,0.0,False,,,,,,,
Single WP Translator,1,1,0,830,18.93867762471119,16.980403361051835,0.0,False,,,,,,,
Single WP Translator,1,1,0,831,18.830060892852675,17.188817661212614,0.0,False,,,,,,,
Single WP Translator,1,1,0,832,18.77796436343126,17.38778367578332,0.0,False,,,,,,,
Single WP Translator,1,1,0,833,18.925330608548535,17.522789154342863,0.0,False,,,,,,,
Single WP Translator,1,1,0,834,19.057135165936064,17.681928279309407,0.0,False,,,,,,,
Single WP Translator,1,1,0,835,19.151017225410666,17.83138400188363,0.0,False,,,,,,,
Single WP Translator,1,1,0,836,19.25641842166325,17.96227469924941,0.0,False,,,,,,,
Single WP Translator,1,1,0,837,19.25137800378412,18.007623007982442,0.0,False,,,,,,,
Single WP Translator,1,1,0,838,19.188103388508058,18.03377607733769,0.0,False,,,,,,,
Single WP Translator,1,1,0,839,19.15402960806964,18.07676819950866,0.0,False,,,,,,,
Single WP Translator,1,1,0,840,19.137768553847064,18.149070056550947,0.0,False,,,,,,,
Single WP Translator,1,1,0,841,19.137761920225596,18.242190395625432,0.0,False,,,,,,,
Single WP Translator,1,1,0,842,19.159477308184588,18.366236812506756,0.0,False,,,,,,,
Single WP Translator,1,1,0,843,19.19007558574518,18.485774296409,0.0,False,,,,,,,
Single WP Translator,1,1,0,844,19.143258750506135,18.564751975733643,0.0,False,,,,,,,
Single WP Translator,1,1,0,845,19.07501346808651,18.655727410068184,0.0,False,,,,,,,
Single WP Translator,1,1,0,846,18.996259254676424,18.77288194927031,0.0,False,,,,,,,
Single WP Translator,1,1,0,847,18.912342467107315,18.886722614429956,0.0,False,,,,,,,
Single WP Translator,1,1,0,848,18.869054359407336,19.000590547831973,0.0,False,,,,,,,
Single WP Translator,1,1,0,849,18.86032353120805,19.105312970577582,0.0,False,,,,,,,
Single WP Translator,1,1,0,850,18.936947858879694,19.1409242866611,0.0,False,,,,,,,
Single WP Translator,1,1,0,851,19.087821847719905,19.06468784019091,0.0,False,,,,,,,
Single WP Translator,1,1,0,852,19.2346265347014,19.014757949460176,0.0,False,,,,,,,
Single WP Translator,1,1,0,853,19.345217186773585,18.960271094436525,0.0,False,,,,,,,
Single WP Translator,1,1,0,854,19.420020252136155,18.949873727383128,0.0,False,,,,,,,
Single WP Translator,1,1,0,855,19.48869856864064,18.936553504687204,0.0,False,,,,,,,
Single WP Translator,1,1,0,856,19.523245216900072,18.90038230652136,0.0,False,,,,,,,
Single WP Translator,1,1,0,857,19.558419061014796,18.853711516105708,0.0,False,,,,,,,
Single WP Translator,1,1,0,858,19.602953141612957,18.78885967745283,0.0,False,,,,,,,
Single WP Translator,1,1,0,859,19.666578156723205,18.733507711841003,0.0,False,,,,,,,
Single WP Translator,1,1,0,860,19.76322109618199,18.66302916452914,0.0,False,,,,,,,
Single WP Translator,1,1,0,861,19.8552536982585,18.598150501402458,0.0,False,,,,,,,
Single WP Translator,1,1,0,862,19.8734865854162,18.56265320397696,0.0,False,,,,,,,
Single WP Translator,1,1,0,863,19.785081629926495,18.59055068880781,0.0,False,,,,,,,
Single WP Translator,1,1,0,864,19.63622546769339,18.689684000252292,0.0,False,,,,,,,
Single WP Translator,1,1,0,865,19.495547765143183,18.772921331437363,0.0,False,,,,,,,
Single WP Translator,1,1,0,866,19.364231849620193,18.840168729743773,0.0,False,,,,,,,
Single WP Translator,1,1,0,867,19.256754324849243,18.89436781899899,0.0,False,,,,,,,
Single WP Translator,1,1,0,868,19.182563192744414,18.95384158302246,0.0,False,,,,,,,
Single WP Translator,1,1,0,869,19.10365124157669,19.062075171433403,0.0,False,,,,,,,
Single WP Translator,1,1,0,870,19.004063522650473,19.180018663689427,0.0,False,,,,,,,
Single WP Translator,1,1,0,871,18.87465110178026,19.353720185711904,0.0,False,,,,,,,
Single WP Translator,1,1,0,872,18.65613221608626,19.58007931688715,0.0,False,,,,,,,
Single WP Translator,1,1,0,873,18.48059780520662,19.77318855642538,0.0,False,,,,,,,
Single WP Translator,1,1,0,874,18.355821096435065,19.935033749440944,0.0,False,,,,,,,
Single WP Translator,1,1,0,875,18.28813493923387,20.094697051102465,0.0,False,,,,,,,
Single WP Translator,1,1,0,876,18.272462810609433,20.244594043564316,0.0,False,,,,,,,
Single WP Translator,1,1,0,877,18.22651342233079,20.39865360544449,0.0,False,,,,,,,
Single WP Translator,1,1,0,878,18.07816841194361,20.48197017751843,0.0,False,,,,,,,
Single WP Translator,1,1,0,879,17.852544126825247,20.618042452010233,0.0,False,,,,,,,
Single WP Translator,1,1,0,880,17.61237056808172,20.76004660827118,0.0,False,,,,,,,
Single WP Translator,1,1,0,881,17.415611961253443,20.88794698971767,0.0,False,,,,,,,
Single WP Translator,1,1,0,882,17.27974952481165,20.938156600143895,0.0,False,,,,,,,
Single WP Translator,1,1,0,883,17.164274964549204,20.951698902132197,0.0,False,,,,,,,
Single WP Translator,1,1,0,884,17.06889710238919,20.934374354378708,0.0,False,,,,,,,
Single WP Translator,1,1,0,885,17.034524150242156,20.919591034124743,0.0,False,,,,,,,
Single WP Translator,1,1,0,886,17.06230693217252,20.937914855262644,0.0,False,,,,,,,
Single WP Translator,1,1,0,887,17.1065143190252,20.97312069359384,0.0,False,,,,,,,
Single WP Translator,1,1,0,888,17.13460695182515,20.94346504839653,0.0,False,,,,,,,
Single WP Translator,1,1,0,889,17.142148358693856,20.79290651652084,0.0,False,,,,,,,
Single WP Translator,1,1,0,890,17.14716163941305,20.637591688890716,0.0,False,,,,,,,
Single WP Translator,1,1,0,891,17.186809803725208,20.476942873675497,0.0,False,,,,,,,
Single WP Translator,1,1,0,892,17.267424168702775,20.430340100843186,0.0,False,,,,,,,
Single WP Translator,1,1,0,893,17.379961556499488,20.497671039322665,0.0,False,,,,,,,
Single WP Translator,1,1,0,894,17.539912385657715,20.565262785051903,0.0,False,,,,,,,
Single WP Translator,1,1,0,895,17.740437075554496,20.61305374323567,0.0,False,,,,,,,
Single WP Translator,1,1,0,896,17.936578274936814,20.654734687223172,0.0,False,,,,,,,
Single WP Translator,1,1,0,897,18.136906796853264,20.670993029615833,0.0,False,,,,,,,
Single WP Translator,1,1,0,898,18.316864549112243,20.629796863573834,0.0,False,,,,,,,
Single WP Translator,1,1,0,899,18.46990626051366,20.457795803892783,0.0,False,,,,,,,
Single WP Translator,1,1,0,900,18.617618583808312,20.329633432894084,0.0,False,,,,,,,
Single WP Translator,1,1,0,901,18.773207707069613,20.226548980452197,0.0,False,,,,,,,
Single WP Translator,1,1,0,902,18.929373201641713,20.139922033665844,0.0,False,,,,,,,
Single WP Translator,1,1,0,903,19.12024512899805,20.032035068911046,0.0,False,,,,,,,
Single WP Translator,1,1,0,904,19.285594206222964,19.906935011029244,0.0,False,,,,,,,
Single WP Translator,1,1,0,905,19.28289695086795,19.760914193304213,0.0,False,,,,,,,
Single WP Translator,1,1,0,906,19.2163395531451,19.573415788862853,0.0,False,,,,,,,
Single WP Translator,1,1,0,907,19.144025614629,19.39468905092574,0.0,False,,,,,,,
Single WP Translator,1,1,0,908,19.105188978579697,19.22517126266318,0.0,False,,,,,,,
Single WP Translator,1,1,0,909,19.121928813861857,19.090626504762604,0.0,False,,,,,,,
Single WP Translator,1,1,0,910,19.267287728422055,18.981584019125144,0.0,False,,,,,,,
Single WP Translator,1,1,0,911,19.39073766616091,18.863662014441815,0.0,False,,,,,,,
Single WP Translator,1,1,0,912,19.506062867039347,18.742413589553944,0.0,False,,,,,,,
Single WP Translator,1,1,0,913,19.602820500743025,18.612215248517924,0.0,False,,,,,,,
Single WP Translator,1,1,0,914,19.596217889698085,18.448833933034653,0.0,False,,,,,,,
Single WP Translator,1,1,0,915,19.581867832872973,18.26963440166563,0.0,False,,,,,,,
Single WP Translator,1,1,0,916,19.59195699866809,18.108779112925653,0.0,False,,,,,,,
Single WP Translator,1,1,0,917,19.6278649636493,17.9727192358859,0.0,False,,,,,,,
Single WP Translator,1,1,0,918,19.725079401113017,17.879821415481324,0.0,False,,,,,,,
Single WP Translator,1,1,0,919,19.865229636537695,17.77123314946984,0.0,False,,,,,,,
Single WP Translator,1,1,0,920,19.974210632233746,17.641077787532723,0.0,False,,,,,,,
Single WP Translator,1,1,0,921,19.979122828377577,17.49195050211657,0.0,False,,,,,,,
Single WP Translator,1,1,0,922,19.905635793252195,17.32267711541925,0.0,False,,,,,,,
Single WP Translator,1,1,0,923,19.868839367126327,17.15617732222723,0.0,False,,,,,,,
Single WP Translator,1,1,0,924,19.866737055386498,17.00521370575715,0.0,False,,,,,,,
Single WP Translator,1,1,0,925,19.902099652424557,16.865518691102512,0.0,False,,,,,,,
Single WP Translator,1,1,0,926,19.997022177862775,16.68977348178152,0.0,False,,,,,,,
Single WP Translator,1,1,0,927,20.07528453939674,16.531587737983173,0.0,False,,,,,,,
Single WP Translator,1,1,0,928,20.132944744841964,16.36571938500131,0.0,False,,,,,,,
Single WP Translator,1,1,0,929,20.164659774111502,16.191991573432517,0.0,False,,,,,,,
Single WP Translator,1,1,0,930,20.12089822737229,16.017539870807195,0.0,False,,,,,,,
Single WP Translator,1,1,0,931,20.077686406785897,15.869319109170414,0.0,False,,,,,,,
Single WP Translator,1,1,0,932,20.065529167362,15.723409751658664,0.0,False,,,,,,,
Single WP Translator,1,1,0,933,20.095584643248408,15.588835731502726,0.0,False,,,,,,,
Single WP Translator,1,1,0,934,20.199927213487936,15.440105029982837,0.0,False,,,,,,,
Single WP Translator,1,1,0,935,20.281986042127222,15.293125523684877,0.0,False,,,,,,,
Single WP Translator,1,1,0,936,20.324307004089594,15.150926648398386,0.0,False,,,,,,,
Single WP Translator,1,1,0,937,20.24367606371537,14.971895699666954,0.0,False,,,,,,,
Single WP Translator,1,1,0,938,20.18604331037623,14.783628824447437,0.0,False,,,,,,,
Single WP Translator,1,1,0,939,20.15308600546718,14.608639714059896,0.0,False,,,,,,,
Single WP Translator,1,1,0,940,20.165788411962623,14.453017065654937,0.0,False,,,,,,,
Single WP Translator,1,1,0,941,20.29795838993458,14.291628915377135,0.0,False,,,,,,,
Single WP Translator,1,1,0,942,20.4152696875751,14.113198926303731,0.0,False,,,,,,,
Single WP Translator,1,1,0,943,20.51365512899424,13.927451316161662,0.0,False,,,,,,,
Single WP Translator,1,1,0,944,20.587498824190817,13.74405288609539,0.0,False,,,,,,,
Single WP Translator,1,1,0,945,20.57762138995502,13.59518156003733,0.0,False,,,,,,,
Single WP Translator,1,1,0,946,20.532323803460617,13.457886780855397,0.0,False,,,,,,,
Single WP Translator,1,1,0,947,20.50737491640208,13.318360543947632,0.0,False,,,,,,,
Single WP Translator,1,1,0,948,20.509821494734613,13.175118550281582,0.0,False,,,,,,,
Single WP Translator,1,1,0,949,20.500024380350936,13.01805940337468,0.0,False,,,,,,,
Single WP Translator,1,1,0,950,20.468381551698535,12.860105336292603,0.0,False,,,,,,,
Single WP Translator,1,1,0,951,20.333710151010788,12.740036404690056,0.0,False,,,,,,,
Single WP Translator,1,1,0,952,20.16207336221321,12.588261225904642,0.0,False,,,,,,,
Single WP Translator,1,1,0,953,19.99931204075039,12.427184462233742,0.0,False,,,,,,,
Single WP Translator,1,1,0,954,19.896577457639108,12.31157200850423,0.0,False,,,,,,,
Single WP Translator,1,1,0,955,19.81323220728028,12.215620172065243,0.0,False,,,,,,,
Single WP Translator,1,1,0,956,19.775495704592515,12.1423616346383,0.0,False,,,,,,,
Single WP Translator,1,1,0,957,19.732263173215017,12.0557435113608,0.0,False,,,,,,,
Single WP Translator,1,1,0,958,19.627377714338905,12.004468914152676,0.0,False,,,,,,,
Single WP Translator,1,1,0,959,19.500367122726004,11.904556636615636,0.0,False,,,,,,,
Single WP Translator,1,1,0,960,19.374100721019023,11.770872257856006,0.0,False,,,,,,,
Single WP Translator,1,1,0,961,19.264270192223044,11.6718969984639,0.0,False,,,,,,,
Single WP Translator,1,1,0,962,19.151292299915365,11.596704104396956,0.0,False,,,,,,,
Single WP Translator,1,1,0,963,19.02926182524791,11.544506982253449,0.0,False,,,,,,,
Single WP Translator,1,1,0,964,18.813870199667484,11.535093051108175,0.0,False,,,,,,,
Single WP Translator,1,1,0,965,18.538117769613795,11.56258112461172,0.0,False,,,,,,,
Single WP Translator,1,1,0,966,18.31199289261382,11.572474965200044,0.0,False,,,,,,,
Single WP Translator,1,1,0,967,18.170819124046456,11.554082262221138,0.0,False,,,,,,,
Single WP Translator,1,1,0,968,18.048758439553243,11.535996785123702,0.0,False,,,,,,,
Single WP Translator,1,1,0,969,17.889444943536716,11.543805194358916,0.0,False,,,,,,,
Single WP Translator,1,1,0,970,17.699276367225902,11.531296741215886,0.0,False,,,,,,,
Single WP Translator,1,1,0,971,17.423269975962132,11.566427574032378,0.0,False,,,,,,,
Single WP Translator,1,1,0,972,17.134385334732364,11.641549040213985,0.0,False,,,,,,,
Single WP Translator,1,1,0,973,16.881317880746707,11.69697138939991,0.0,False,,,,,,,
Single WP Translator,1,1,0,974,16.710243196753865,11.655224990037423,0.0,False,,,,,,,
Single WP Translator,1,1,0,975,16.576729555221746,11.62538686401594,0.0,False,,,,,,,
Single WP Translator,1,1,0,976,16.40742751455586,11.627269676432192,0.0,False,,,,,,,
Single WP Translator,1,1,0,977,16.21623413635423,11.634769872436244,0.0,False,,,,,,,
Single WP Translator,1,1,0,978,15.9421615862023,11.655247496226457,0.0,False,,,,,,,
Single WP Translator,1,1,0,979,15.61331429965709,11.701495714806624,0.0,False,,,,,,,
Single WP Translator,1,1,0,980,15.322270075918553,11.736600194209212,0.0,False,,,,,,,
Single WP Translator,1,1,0,981,15.130522872946468,11.744839372642216,0.0,False,,,,,,,
Single WP Translator,1,1,0,982,15.016830139874214,11.705623676759254,0.0,False,,,,,,,
Single WP Translator,1,1,0,983,14.87447841267351,11.699275178473338,0.0,False,,,,,,,
Single WP Translator,1,1,0,984,14.70592112311941,11.728461316201988,0.0,False,,,,,,,
Single WP Translator,1,1,0,985,14.5106384227384,11.835267582098108,0.0,False,,,,,,,
Single WP Translator,1,1,0,986,14.278217426941,11.973195450359809,0.0,False,,,,,,,
Single WP Translator,1,1,0,987,14.077353646063678,12.082985693025226,0.0,False,,,,,,,
Single WP Translator,1,1,0,988,13.906200354427966,12.16946101602278,0.0,False,,,,,,,
Single WP Translator,1,1,0,989,13.849828646060072,12.15521093311092,0.0,False,,,,,,,
Single WP Translator,1,1,0,990,13.795361483984484,12.10770837741448,0.0,False,,,,,,,
Single WP Translator,1,1,0,991,13.69374779498037,12.06886252773378,0.0,False,,,,,,,
Single WP Translator,1,1,0,992,13.592125086109402,11.976429060830768,0.0,False,,,,,,,
Single WP Translator,1,1,0,993,13.536996303822011,11.887100874322982,0.0,False,,,,,,,
Single WP Translator,1,1,0,994,13.487020459741816,11.803346150725112,0.0,False,,,,,,,
Single WP Translator,1,1,0,995,13.597465489042207,11.7329777376537,0.0,False,,,,,,,
Single WP Translator,1,1,0,996,13.77319369793318,11.64548912673922,0.0,False,,,,,,,
Single WP Translator,1,1,0,997,13.9339476905219,11.578895528661072,0.0,False,,,,,,,
Single WP Translator,1,1,0,998,14.07703161061708,11.5324045381262,0.0,False,,,,,,,
Single WP Translator,1,1,0,999,14.18834883266548,11.516043750155784,0.0,False,,,,,,,
Single WP Translator,1,1,0,1000,14.254899283572565,11.508719636048042,0.0,True,,,,,,,
Distilled JAX GatedAttn,1,1,0,0,0.886654889705156,-0.1602001672180948,0.0,False,,,,,,,
Distilled JAX GatedAttn,1,1,0,1,0.8952560419762539,-0.1689854678863116,0.0,False,,,,,,,
Distilled JAX GatedAttn,1,1,0,2,0.894853786905487,-0.1898198405550661,0.0,False,,,,,,,
Distilled JAX GatedAttn,1,1,0,3,0.8350245375226591,-0.2342875736590524,0.0,False,,,,,,,
Distilled JAX GatedAttn,1,1,0,4,0.7812675530594723,-0.2702881977125798,0.0,False,,,,,,,
Distilled JAX GatedAttn,1,1,0,5,0.765296028418826,-0.192409881795878,0.0,False,,,,,,,
Distilled JAX GatedAttn,1,1,0,6,0.7586951658131819,-0.0940405978127196,0.0,False,,,,,,,
Distilled JAX GatedAttn,1,1,0,7,0.7739699101827168,0.0064728448174782,0.0,False,,,,,,,
Distilled JAX GatedAttn,1,1,0,8,0.7901965907712053,0.1158771532408768,0.0,False,,,,,,,
Distilled JAX GatedAttn,1,1,0,9,0.770137264619232,0.1606933259512719,0.0,False,,,,,,,
Distilled JAX GatedAttn,1,1,0,10,0.6823395917894709,0.145008234830527,0.0,False,,,,,,,
Distilled JAX GatedAttn,1,1,0,11,0.6095724012652113,0.1862446755141346,0.0,False,,,,,,,
Distilled JAX GatedAttn,1,1,0,12,0.5558893300304238,0.2562496506140108,0.0,False,,,,,,,
Distilled JAX GatedAttn,1,1,0,13,0.5577623516662513,0.4201749630043402,0.0,False,,,,,,,
Distilled JAX GatedAttn,1,1,0,14,0.5695984986507234,0.6238842505966417,0.0,False,,,,,,,
Distilled JAX GatedAttn,1,1,0,15,0.566337657830345,0.7985020833233493,0.0,False,,,,,,,
Distilled JAX GatedAttn,1,1,0,16,0.5435100094908708,0.9659566819932162,0.0,False,,,,,,,
Distilled JAX GatedAttn,1,1,0,17,0.4549636041888077,1.1028576136213128,0.0,False,,,,,,,
Distilled JAX GatedAttn,1,1,0,18,0.2837602458998737,1.1813624992042169,0.0,False,,,,,,,
Distilled JAX GatedAttn,1,1,0,19,0.146378290346342,1.28901602926931,0.0,False,,,,,,,
Distilled JAX GatedAttn,1,1,0,20,0.0629251296396062,1.3880465868564338,0.0,False,,,,,,,
Distilled JAX GatedAttn,1,1,0,21,0.1112876157904476,1.4919605342621791,0.0,False,,,,,,,
Distilled JAX GatedAttn,1,1,0,22,0.1799568810186782,1.6366702084493403,0.0,False,,,,,,,
Distilled JAX GatedAttn,1,1,0,23,0.2345617207336673,1.7644555906869004,0.0,False,,,,,,,
Distilled JAX GatedAttn,1,1,0,24,0.2845083031505848,1.8647649637444956,0.0,False,,,,,,,
Distilled JAX GatedAttn,1,1,0,25,0.2648477560246836,1.9240570455972676,0.0,False,,,,,,,
Distilled JAX GatedAttn,1,1,0,26,0.1338841952573934,1.9642401390578972,0.0,False,,,,,,,
Distilled JAX GatedAttn,1,1,0,27,9.045453047735392e-05,2.043633092858072,0.0,False,,,,,,,
Distilled JAX GatedAttn,1,1,0,28,-0.0963500254419666,2.1446477438192293,0.0,False,,,,,,,
Distilled JAX GatedAttn,1,1,0,29,-0.1721594302373094,2.247513708775701,0.0,False,,,,,,,
Distilled JAX GatedAttn,1,1,0,30,-0.2148042496575569,2.3480014506531197,0.0,False,,,,,,,
Distilled JAX GatedAttn,1,1,0,31,-0.1846189781661576,2.4615974453688088,0.0,False,,,,,,,
Distilled JAX GatedAttn,1,1,0,32,-0.1345059277102575,2.5800734275362323,0.0,False,,,,,,,
Distilled JAX GatedAttn,1,1,0,33,-0.0977873753480947,2.6099378590551923,0.0,False,,,,,,,
Distilled JAX GatedAttn,1,1,0,34,-0.1021762452101744,2.565411900919472,0.0,False,,,,,,,
Distilled JAX GatedAttn,1,1,0,35,-0.1053599559132131,2.4863479982603423,0.0,False,,,,,,,
Distilled JAX GatedAttn,1,1,0,36,-0.0806048084110089,2.43667582206832,0.0,False,,,,,,,
Distilled JAX GatedAttn,1,1,0,37,-0.0626164320224058,2.396738259699265,0.0,False,,,,,,,
Distilled JAX GatedAttn,1,1,0,38,-0.0025528109667244,2.3993224535751336,0.0,False,,,,,,,
Distilled JAX GatedAttn,1,1,0,39,0.142011321109072,2.4312588402093787,0.0,False,,,,,,,
Distilled JAX GatedAttn,1,1,0,40,0.2915326278134348,2.4627819588686664,0.0,False,,,,,,,
Distilled JAX GatedAttn,1,1,0,41,0.4150254033976366,2.493299523406885,0.0,False,,,,,,,
Distilled JAX GatedAttn,1,1,0,42,0.4458963226947492,2.543490813074682,0.0,False,,,,,,,
Distilled JAX GatedAttn,1,1,0,43,0.3781968706235508,2.6123450909789176,0.0,False,,,,,,,
Distilled JAX GatedAttn,1,1,0,44,0.2697633635048902,2.6921395667517514,0.0,False,,,,,,,
Distilled JAX GatedAttn,1,1,0,45,0.195858283838807,2.76946911636514,0.0,False,,,,,,,
Distilled JAX GatedAttn,1,1,0,46,0.1389687892649452,2.8680402169254777,0.0,False,,,,,,,
Distilled JAX GatedAttn,1,1,0,47,0.1359251260119025,3.0425861033127783,0.0,False,,,,,,,
Distilled JAX GatedAttn,1,1,0,48,0.1221606906065323,3.2474283634099104,0.0,False,,,,,,,
Distilled JAX GatedAttn,1,1,0,49,0.0853958894505648,3.440008503232717,0.0,False,,,,,,,
Distilled JAX GatedAttn,1,1,0,50,0.0323905548434935,3.6255945520943262,0.0,False,,,,,,,
Distilled JAX GatedAttn,1,1,0,51,-0.0423031977122611,3.7803745568839617,0.0,False,,,,,,,
Distilled JAX GatedAttn,1,1,0,52,-0.1496778518666599,3.874547767483541,0.0,False,,,,,,,
Distilled JAX GatedAttn,1,1,0,53,-0.2202406654691127,3.8382075463809526,0.0,False,,,,,,,
Distilled JAX GatedAttn,1,1,0,54,-0.2817168803844751,3.7816086612542823,0.0,False,,,,,,,
Distilled JAX GatedAttn,1,1,0,55,-0.3110806996685961,3.7434791597520194,0.0,False,,,,,,,
Distilled JAX GatedAttn,1,1,0,56,-0.2858943939873376,3.7061717273234343,0.0,False,,,,,,,
Distilled JAX GatedAttn,1,1,0,57,-0.1728384286328884,3.710809180005845,0.0,False,,,,,,,
Distilled JAX GatedAttn,1,1,0,58,0.0503769339502181,3.777231864558608,0.0,False,,,,,,,
Distilled JAX GatedAttn,1,1,0,59,0.2454854835672984,3.830803985034356,0.0,False,,,,,,,
Distilled JAX GatedAttn,1,1,0,60,0.4435155918523866,3.8746953529484256,0.0,False,,,,,,,
Distilled JAX GatedAttn,1,1,0,61,0.6200313819082248,3.8823219677095695,0.0,False,,,,,,,
Distilled JAX GatedAttn,1,1,0,62,0.6611333229570355,3.91561843737441,0.0,False,,,,,,,
Distilled JAX GatedAttn,1,1,0,63,0.6645557557057624,3.993275995523575,0.0,False,,,,,,,
Distilled JAX GatedAttn,1,1,0,64,0.680716038117401,4.068270754330751,0.0,False,,,,,,,
Distilled JAX GatedAttn,1,1,0,65,0.7514947113496987,4.124918322533417,0.0,False,,,,,,,
Distilled JAX GatedAttn,1,1,0,66,0.8192703803526656,4.182475792251297,0.0,False,,,,,,,
Distilled JAX GatedAttn,1,1,0,67,0.9661450831215188,4.248916421932035,0.0,False,,,,,,,
Distilled JAX GatedAttn,1,1,0,68,1.0990497940789137,4.291336036771957,0.0,False,,,,,,,
Distilled JAX GatedAttn,1,1,0,69,1.2117382740687437,4.337077726394578,0.0,False,,,,,,,
Distilled JAX GatedAttn,1,1,0,70,1.2967459211331327,4.398899387422393,0.0,False,,,,,,,
Distilled JAX GatedAttn,1,1,0,71,1.3280558368871302,4.467074048075142,0.0,False,,,,,,,
Distilled JAX GatedAttn,1,1,0,72,1.3755001893755718,4.493955405318948,0.0,False,,,,,,,
Distilled JAX GatedAttn,1,1,0,73,1.4609923515447636,4.524038960531211,0.0,False,,,,,,,
Distilled JAX GatedAttn,1,1,0,74,1.5591715541043871,4.581179139283802,0.0,False,,,,,,,
Distilled JAX GatedAttn,1,1,0,75,1.7153622788970029,4.653008394310988,0.0,False,,,,,,,
Distilled JAX GatedAttn,1,1,0,76,1.9677575024055964,4.789381089009942,0.0,False,,,,,,,
Distilled JAX GatedAttn,1,1,0,77,2.212811626972658,4.906707834588272,0.0,False,,,,,,,
Distilled JAX GatedAttn,1,1,0,78,2.4566108915370863,5.012328888718331,0.0,False,,,,,,,
Distilled JAX GatedAttn,1,1,0,79,2.633127844564352,5.022460471381051,0.0,False,,,,,,,
Distilled JAX GatedAttn,1,1,0,80,2.7822793902127296,4.968974406117185,0.0,False,,,,,,,
Distilled JAX GatedAttn,1,1,0,81,2.95443815245124,4.948132830643044,0.0,False,,,,,,,
Distilled JAX GatedAttn,1,1,0,82,3.1157785251838805,4.945908399996169,0.0,False,,,,,,,
Distilled JAX GatedAttn,1,1,0,83,3.198946933702025,4.998507916652745,0.0,False,,,,,,,
Distilled JAX GatedAttn,1,1,0,84,3.167306032710178,5.1856307753118145,0.0,False,,,,,,,
Distilled JAX GatedAttn,1,1,0,85,3.151732501342666,5.3658050559009345,0.0,False,,,,,,,
Distilled JAX GatedAttn,1,1,0,86,3.132234995432031,5.520566471008371,0.0,False,,,,,,,
Distilled JAX GatedAttn,1,1,0,87,3.1393756226413507,5.675575820094566,0.0,False,,,,,,,
Distilled JAX GatedAttn,1,1,0,88,3.1512134964946728,5.738704894963908,0.0,False,,,,,,,
Distilled JAX GatedAttn,1,1,0,89,3.174870581317739,5.753316360537054,0.0,False,,,,,,,
Distilled JAX GatedAttn,1,1,0,90,3.1903426481164203,5.7402818868923156,0.0,False,,,,,,,
Distilled JAX GatedAttn,1,1,0,91,3.2259940929353883,5.744692266652836,0.0,False,,,,,,,
Distilled JAX GatedAttn,1,1,0,92,3.2603244219782264,5.814551567911293,0.0,False,,,,,,,
Distilled JAX GatedAttn,1,1,0,93,3.343907895647321,5.890683119480937,0.0,False,,,,,,,
Distilled JAX GatedAttn,1,1,0,94,3.4707268371834115,5.982895681295552,0.0,False,,,,,,,
Distilled JAX GatedAttn,1,1,0,95,3.5896429861480725,6.052608801052502,0.0,False,,,,,,,
Distilled JAX GatedAttn,1,1,0,96,3.7202190869961216,6.109570610360291,0.0,False,,,,,,,
Distilled JAX GatedAttn,1,1,0,97,3.851478855271244,6.1260995663899624,0.0,False,,,,,,,
Distilled JAX GatedAttn,1,1,0,98,3.9958031092136577,6.020238933577484,0.0,False,,,,,,,
Distilled JAX GatedAttn,1,1,0,99,4.137749092556948,5.901107754968783,0.0,False,,,,,,,
Distilled JAX GatedAttn,1,1,0,100,4.29750143081342,5.817856471449105,0.0,False,,,,,,,
Distilled JAX GatedAttn,1,1,0,101,4.462463267465167,5.75891271977643,0.0,False,,,,,,,
Distilled JAX GatedAttn,1,1,0,102,4.626715087182108,5.729232365554705,0.0,False,,,,,,,
Distilled JAX GatedAttn,1,1,0,103,4.862146715104004,5.781477730654845,0.0,False,,,,,,,
Distilled JAX GatedAttn,1,1,0,104,5.099798431966152,5.866947334392618,0.0,False,,,,,,,
Distilled JAX GatedAttn,1,1,0,105,5.290093050735885,5.896324080646616,0.0,False,,,,,,,
Distilled JAX GatedAttn,1,1,0,106,5.3878779922549915,5.895519767081447,0.0,False,,,,,,,
Distilled JAX GatedAttn,1,1,0,107,5.368508106728916,5.928548807504633,0.0,False,,,,,,,
Distilled JAX GatedAttn,1,1,0,108,5.341724553501054,5.978825002463985,0.0,False,,,,,,,
Distilled JAX GatedAttn,1,1,0,109,5.343403286741707,6.0527438470142245,0.0,False,,,,,,,
Distilled JAX GatedAttn,1,1,0,110,5.375219429792276,6.145347843989779,0.0,False,,,,,,,
Distilled JAX GatedAttn,1,1,0,111,5.483625542816743,6.253483293721909,0.0,False,,,,,,,
Distilled JAX GatedAttn,1,1,0,112,5.706774538519835,6.299241808389088,0.0,False,,,,,,,
Distilled JAX GatedAttn,1,1,0,113,5.856775824011451,6.33823519080364,0.0,False,,,,,,,
Distilled JAX GatedAttn,1,1,0,114,5.919150322055821,6.386586533905333,0.0,False,,,,,,,
Distilled JAX GatedAttn,1,1,0,115,5.902798806239816,6.476876967437917,0.0,False,,,,,,,
Distilled JAX GatedAttn,1,1,0,116,5.851395346431084,6.595492882229641,0.0,False,,,,,,,
Distilled JAX GatedAttn,1,1,0,117,5.831815368932236,6.69050374117857,0.0,False,,,,,,,
Distilled JAX GatedAttn,1,1,0,118,5.8480827230054,6.7717863334168555,0.0,False,,,,,,,
Distilled JAX GatedAttn,1,1,0,119,5.955504318953307,6.885443722481251,0.0,False,,,,,,,
Distilled JAX GatedAttn,1,1,0,120,6.060231148861568,7.004183694731715,0.0,False,,,,,,,
Distilled JAX GatedAttn,1,1,0,121,6.148331633573458,7.109630227330256,0.0,False,,,,,,,
Distilled JAX GatedAttn,1,1,0,122,6.209833739409108,7.212669427102789,0.0,False,,,,,,,
Distilled JAX GatedAttn,1,1,0,123,6.160287720174232,7.311597322857597,0.0,False,,,,,,,
Distilled JAX GatedAttn,1,1,0,124,6.010491754567024,7.412247437626399,0.0,False,,,,,,,
Distilled JAX GatedAttn,1,1,0,125,5.910644476365171,7.528400764990104,0.0,False,,,,,,,
Distilled JAX GatedAttn,1,1,0,126,5.852741785881459,7.645778107503626,0.0,False,,,,,,,
Distilled JAX GatedAttn,1,1,0,127,5.84113024337645,7.781648752475786,0.0,False,,,,,,,
Distilled JAX GatedAttn,1,1,0,128,5.931068277672749,7.982537143827192,0.0,False,,,,,,,
Distilled JAX GatedAttn,1,1,0,129,5.995545570583896,8.187252810256195,0.0,False,,,,,,,
Distilled JAX GatedAttn,1,1,0,130,6.035622927076345,8.388731281810717,0.0,False,,,,,,,
Distilled JAX GatedAttn,1,1,0,131,6.053619146309992,8.583173153013941,0.0,False,,,,,,,
Distilled JAX GatedAttn,1,1,0,132,6.00201730931154,8.718526350243907,0.0,False,,,,,,,
Distilled JAX GatedAttn,1,1,0,133,5.876152060381093,8.797598271552403,0.0,False,,,,,,,
Distilled JAX GatedAttn,1,1,0,134,5.800954692110631,8.887532946609657,0.0,False,,,,,,,
Distilled JAX GatedAttn,1,1,0,135,5.844159437282765,8.965043790277141,0.0,False,,,,,,,
Distilled JAX GatedAttn,1,1,0,136,5.889307997603731,8.892912100775938,0.0,False,,,,,,,
Distilled JAX GatedAttn,1,1,0,137,5.93906611925645,8.814059165334166,0.0,False,,,,,,,
Distilled JAX GatedAttn,1,1,0,138,5.980171280614133,8.766849671858298,0.0,False,,,,,,,
Distilled JAX GatedAttn,1,1,0,139,5.937451013653303,8.854940319669334,0.0,False,,,,,,,
Distilled JAX GatedAttn,1,1,0,140,5.871376978008694,8.964527049246692,0.0,False,,,,,,,
Distilled JAX GatedAttn,1,1,0,141,5.819823960442858,9.036764562218735,0.0,False,,,,,,,
Distilled JAX GatedAttn,1,1,0,142,5.769163656945572,9.046584501062654,0.0,False,,,,,,,
Distilled JAX GatedAttn,1,1,0,143,5.710566912096187,9.015742029980172,0.0,False,,,,,,,
Distilled JAX GatedAttn,1,1,0,144,5.665634555103599,8.997515608749627,0.0,False,,,,,,,
Distilled JAX GatedAttn,1,1,0,145,5.624093149661073,9.0270392449889,0.0,False,,,,,,,
Distilled JAX GatedAttn,1,1,0,146,5.554092601013015,9.04109447336254,0.0,False,,,,,,,
Distilled JAX GatedAttn,1,1,0,147,5.45336296302203,9.056004859953257,0.0,False,,,,,,,
Distilled JAX GatedAttn,1,1,0,148,5.333537829710591,9.068948741821815,0.0,False,,,,,,,
Distilled JAX GatedAttn,1,1,0,149,5.173726528309046,9.086731369529144,0.0,False,,,,,,,
Distilled JAX GatedAttn,1,1,0,150,5.039273695700336,9.020816662656976,0.0,False,,,,,,,
Distilled JAX GatedAttn,1,1,0,151,4.9353539177340915,8.922372618129186,0.0,False,,,,,,,
Distilled JAX GatedAttn,1,1,0,152,4.857669123170956,8.838498838370251,0.0,False,,,,,,,
Distilled JAX GatedAttn,1,1,0,153,4.809045750258214,8.747839570029505,0.0,False,,,,,,,
Distilled JAX GatedAttn,1,1,0,154,4.795659146921874,8.674700075018379,0.0,False,,,,,,,
Distilled JAX GatedAttn,1,1,0,155,4.781764617865836,8.58156221780644,0.0,False,,,,,,,
Distilled JAX GatedAttn,1,1,0,156,4.658076565468273,8.468558034503511,0.0,False,,,,,,,
Distilled JAX GatedAttn,1,1,0,157,4.522648081849397,8.327325535415408,0.0,False,,,,,,,
Distilled JAX GatedAttn,1,1,0,158,4.42911050857449,8.157570543307889,0.0,False,,,,,,,
Distilled JAX GatedAttn,1,1,0,159,4.35852944363005,8.024791491845544,0.0,False,,,,,,,
Distilled JAX GatedAttn,1,1,0,160,4.375237817937509,7.931149709965262,0.0,False,,,,,,,
Distilled JAX GatedAttn,1,1,0,161,4.475361979036004,7.841015268048846,0.0,False,,,,,,,
Distilled JAX GatedAttn,1,1,0,162,4.562016641521769,7.733598612886511,0.0,False,,,,,,,
Distilled JAX GatedAttn,1,1,0,163,4.6240358123837195,7.598757398579762,0.0,False,,,,,,,
Distilled JAX GatedAttn,1,1,0,164,4.682604434997482,7.443730126871187,0.0,False,,,,,,,
Distilled JAX GatedAttn,1,1,0,165,4.71417631566487,7.256393261463908,0.0,False,,,,,,,
Distilled JAX GatedAttn,1,1,0,166,4.742782776775707,7.0608713226605495,0.0,False,,,,,,,
Distilled JAX GatedAttn,1,1,0,167,4.8222698531002255,6.9499470112680735,0.0,False,,,,,,,
Distilled JAX GatedAttn,1,1,0,168,4.921715380136098,6.849239629937886,0.0,False,,,,,,,
Distilled JAX GatedAttn,1,1,0,169,5.068979772580438,6.744844961941107,0.0,False,,,,,,,
Distilled JAX GatedAttn,1,1,0,170,5.186353099129172,6.626823331673713,0.0,False,,,,,,,
Distilled JAX GatedAttn,1,1,0,171,5.246342930559575,6.595705829760242,0.0,False,,,,,,,
Distilled JAX GatedAttn,1,1,0,172,5.28893029664603,6.575010376490398,0.0,False,,,,,,,
Distilled JAX GatedAttn,1,1,0,173,5.300932439048774,6.498418105368784,0.0,False,,,,,,,
Distilled JAX GatedAttn,1,1,0,174,5.3374890068254,6.417756219247538,0.0,False,,,,,,,
Distilled JAX GatedAttn,1,1,0,175,5.367894780555959,6.342398300544311,0.0,False,,,,,,,
Distilled JAX GatedAttn,1,1,0,176,5.471768639414589,6.298001991429624,0.0,False,,,,,,,
Distilled JAX GatedAttn,1,1,0,177,5.662067238019097,6.296691846823247,0.0,False,,,,,,,
Distilled JAX GatedAttn,1,1,0,178,5.841074541978578,6.279179256775586,0.0,False,,,,,,,
Distilled JAX GatedAttn,1,1,0,179,5.994440476602641,6.268759119964985,0.0,False,,,,,,,
Distilled JAX GatedAttn,1,1,0,180,5.971229204322981,6.266125427843477,0.0,False,,,,,,,
Distilled JAX GatedAttn,1,1,0,181,5.865892963121947,6.25353067867098,0.0,False,,,,,,,
Distilled JAX GatedAttn,1,1,0,182,5.710193148228363,6.240508310871447,0.0,False,,,,,,,
Distilled JAX GatedAttn,1,1,0,183,5.641850739142466,6.261640778916836,0.0,False,,,,,,,
Distilled JAX GatedAttn,1,1,0,184,5.744594049179651,6.328054774960194,0.0,False,,,,,,,
Distilled JAX GatedAttn,1,1,0,185,5.87487273657602,6.398351100259265,0.0,False,,,,,,,
Distilled JAX GatedAttn,1,1,0,186,5.907995907024597,6.439063201350942,0.0,False,,,,,,,
Distilled JAX GatedAttn,1,1,0,187,5.897889796605274,6.516333371058974,0.0,False,,,,,,,
Distilled JAX GatedAttn,1,1,0,188,5.873086268784623,6.619160527584645,0.0,False,,,,,,,
Distilled JAX GatedAttn,1,1,0,189,5.8227202375952825,6.707443961015747,0.0,False,,,,,,,
Distilled JAX GatedAttn,1,1,0,190,5.767264651941498,6.6836634169947935,0.0,False,,,,,,,
Distilled JAX GatedAttn,1,1,0,191,5.765352828804323,6.656593403680462,0.0,False,,,,,,,
Distilled JAX GatedAttn,1,1,0,192,5.8153982163656766,6.644985301534845,0.0,False,,,,,,,
Distilled JAX GatedAttn,1,1,0,193,5.898609077738738,6.659522086247344,0.0,False,,,,,,,
Distilled JAX GatedAttn,1,1,0,194,5.97079970644504,6.688584757228078,0.0,False,,,,,,,
Distilled JAX GatedAttn,1,1,0,195,6.045146843139099,6.709776468825867,0.0,False,,,,,,,
Distilled JAX GatedAttn,1,1,0,196,6.126193820122183,6.749964329640332,0.0,False,,,,,,,
Distilled JAX GatedAttn,1,1,0,197,6.205276329522911,6.7878189252451175,0.0,False,,,,,,,
Distilled JAX GatedAttn,1,1,0,198,6.144749231086803,6.818541923283721,0.0,False,,,,,,,
Distilled JAX GatedAttn,1,1,0,199,6.056231053983345,6.824868957678767,0.0,False,,,,,,,
Distilled JAX GatedAttn,1,1,0,200,6.038168132115786,6.819780477680674,0.0,False,,,,,,,
Distilled JAX GatedAttn,1,1,0,201,6.111343416418744,6.823219217081988,0.0,False,,,,,,,
Distilled JAX GatedAttn,1,1,0,202,6.245334295401523,6.838320618682212,0.0,False,,,,,,,
Distilled JAX GatedAttn,1,1,0,203,6.3726132990895,6.865340543666434,0.0,False,,,,,,,
Distilled JAX GatedAttn,1,1,0,204,6.463559174333023,6.831707027621694,0.0,False,,,,,,,
Distilled JAX GatedAttn,1,1,0,205,6.53346814048022,6.875599115503221,0.0,False,,,,,,,
Distilled JAX GatedAttn,1,1,0,206,6.450106133447796,6.865968200191195,0.0,False,,,,,,,
Distilled JAX GatedAttn,1,1,0,207,6.354747525414284,6.8429893159652195,0.0,False,,,,,,,
Distilled JAX GatedAttn,1,1,0,208,6.32296782031007,6.822549487147568,0.0,False,,,,,,,
Distilled JAX GatedAttn,1,1,0,209,6.3156952350625435,6.845694346055061,0.0,False,,,,,,,
Distilled JAX GatedAttn,1,1,0,210,6.287615110418498,6.963058591571887,0.0,False,,,,,,,
Distilled JAX GatedAttn,1,1,0,211,6.238836927663175,7.0639079886299205,0.0,False,,,,,,,
Distilled JAX GatedAttn,1,1,0,212,6.231586393197972,7.151358995933199,0.0,False,,,,,,,
Distilled JAX GatedAttn,1,1,0,213,6.274985885064844,7.194489345964736,0.0,False,,,,,,,
Distilled JAX GatedAttn,1,1,0,214,6.2967067057120465,7.203811228488952,0.0,False,,,,,,,
Distilled JAX GatedAttn,1,1,0,215,6.303541586023536,7.11621156866922,0.0,False,,,,,,,
Distilled JAX GatedAttn,1,1,0,216,6.329963081836513,6.997406921506263,0.0,False,,,,,,,
Distilled JAX GatedAttn,1,1,0,217,6.407740195891638,6.860719411803076,0.0,False,,,,,,,
Distilled JAX GatedAttn,1,1,0,218,6.615693968536487,6.74305206678263,0.0,False,,,,,,,
Distilled JAX GatedAttn,1,1,0,219,6.805915898578432,6.658024840193324,0.0,False,,,,,,,
Distilled JAX GatedAttn,1,1,0,220,6.939424589811118,6.616235964236281,0.0,False,,,,,,,
Distilled JAX GatedAttn,1,1,0,221,7.051475256990734,6.73808726844674,0.0,False,,,,,,,
Distilled JAX GatedAttn,1,1,0,222,7.151558267123365,6.917934759332527,0.0,False,,,,,,,
Distilled JAX GatedAttn,1,1,0,223,7.274795357620321,7.054125846845183,0.0,False,,,,,,,
Distilled JAX GatedAttn,1,1,0,224,7.391122796657937,7.085237397121,0.0,False,,,,,,,
Distilled JAX GatedAttn,1,1,0,225,7.446044107145147,7.05488722723963,0.0,False,,,,,,,
Distilled JAX GatedAttn,1,1,0,226,7.487152716091394,7.067917537506601,0.0,False,,,,,,,
Distilled JAX GatedAttn,1,1,0,227,7.5370821877481795,7.122109944888874,0.0,False,,,,,,,
Distilled JAX GatedAttn,1,1,0,228,7.585560073871736,7.184248019709678,0.0,False,,,,,,,
Distilled JAX GatedAttn,1,1,0,229,7.656600438684308,7.199421320301721,0.0,False,,,,,,,
Distilled JAX GatedAttn,1,1,0,230,7.716459053006044,7.172720214376459,0.0,False,,,,,,,
Distilled JAX GatedAttn,1,1,0,231,7.76560643122655,7.110030912613796,0.0,False,,,,,,,
Distilled JAX GatedAttn,1,1,0,232,7.809018927158847,7.015882397531873,0.0,False,,,,,,,
Distilled JAX GatedAttn,1,1,0,233,7.858893970871791,7.033766811381991,0.0,False,,,,,,,
Distilled JAX GatedAttn,1,1,0,234,7.869077817033342,7.127954003335872,0.0,False,,,,,,,
Distilled JAX GatedAttn,1,1,0,235,7.872090596895091,7.225355676850105,0.0,False,,,,,,,
Distilled JAX GatedAttn,1,1,0,236,7.876522163433089,7.330511938784022,0.0,False,,,,,,,
Distilled JAX GatedAttn,1,1,0,237,7.867528112490766,7.446415446774584,0.0,False,,,,,,,
Distilled JAX GatedAttn,1,1,0,238,7.8210074898683395,7.527002042851102,0.0,False,,,,,,,
Distilled JAX GatedAttn,1,1,0,239,7.737222131269016,7.543008732489932,0.0,False,,,,,,,
Distilled JAX GatedAttn,1,1,0,240,7.663442094994834,7.53560981926541,0.0,False,,,,,,,
Distilled JAX GatedAttn,1,1,0,241,7.576006361660345,7.526809652309797,0.0,False,,,,,,,
Distilled JAX GatedAttn,1,1,0,242,7.479721536109435,7.4916562249463725,0.0,False,,,,,,,
Distilled JAX GatedAttn,1,1,0,243,7.471257229197718,7.345000236662777,0.0,False,,,,,,,
Distilled JAX GatedAttn,1,1,0,244,7.494824131365594,7.201250577149407,0.0,False,,,,,,,
Distilled JAX GatedAttn,1,1,0,245,7.50289831162283,7.068871089726339,0.0,False,,,,,,,
Distilled JAX GatedAttn,1,1,0,246,7.51157705485747,6.9491067816398235,0.0,False,,,,,,,
Distilled JAX GatedAttn,1,1,0,247,7.534872205023558,6.90828472261358,0.0,False,,,,,,,
Distilled JAX GatedAttn,1,1,0,248,7.5161291931932,6.9260279848761845,0.0,False,,,,,,,
Distilled JAX GatedAttn,1,1,0,249,7.504837137977152,6.972318266227125,0.0,False,,,,,,,
Distilled JAX GatedAttn,1,1,0,250,7.540724896850975,6.990343513943469,0.0,False,,,,,,,
Distilled JAX GatedAttn,1,1,0,251,7.612315487858895,6.949189535556317,0.0,False,,,,,,,
Distilled JAX GatedAttn,1,1,0,252,7.640637763311697,6.963030934684636,0.0,False,,,,,,,
Distilled JAX GatedAttn,1,1,0,253,7.656569818811126,7.011793135941542,0.0,False,,,,,,,
Distilled JAX GatedAttn,1,1,0,254,7.660812356948717,7.078316960860317,0.0,False,,,,,,,
Distilled JAX GatedAttn,1,1,0,255,7.654338099782104,7.132334803465753,0.0,False,,,,,,,
Distilled JAX GatedAttn,1,1,0,256,7.630114348710897,7.074757516276895,0.0,False,,,,,,,
Distilled JAX GatedAttn,1,1,0,257,7.667572704868995,7.018421843246654,0.0,False,,,,,,,
Distilled JAX GatedAttn,1,1,0,258,7.853434241357441,6.934541463381605,0.0,False,,,,,,,
Distilled JAX GatedAttn,1,1,0,259,8.058894358149937,6.858566755719601,0.0,False,,,,,,,
Distilled JAX GatedAttn,1,1,0,260,8.237117431338639,6.807634561920982,0.0,False,,,,,,,
Distilled JAX GatedAttn,1,1,0,261,8.404406850285776,6.761251209746447,0.0,False,,,,,,,
Distilled JAX GatedAttn,1,1,0,262,8.527112487988179,6.7858058273680095,0.0,False,,,,,,,
Distilled JAX GatedAttn,1,1,0,263,8.61617483437525,6.908274565853998,0.0,False,,,,,,,
Distilled JAX GatedAttn,1,1,0,264,8.683869826493359,7.086559804330238,0.0,False,,,,,,,
Distilled JAX GatedAttn,1,1,0,265,8.75310597893437,7.163661256271831,0.0,False,,,,,,,
Distilled JAX GatedAttn,1,1,0,266,8.894939486368319,7.168756200820544,0.0,False,,,,,,,
Distilled JAX GatedAttn,1,1,0,267,9.047769589666649,7.137638806070249,0.0,False,,,,,,,
Distilled JAX GatedAttn,1,1,0,268,9.150741272759392,7.102750849802836,0.0,False,,,,,,,
Distilled JAX GatedAttn,1,1,0,269,9.213834974943708,7.057072008003864,0.0,False,,,,,,,
Distilled JAX GatedAttn,1,1,0,270,9.259337851378737,7.012072266561041,0.0,False,,,,,,,
Distilled JAX GatedAttn,1,1,0,271,9.27216827873672,6.955055320457093,0.0,False,,,,,,,
Distilled JAX GatedAttn,1,1,0,272,9.28818903969198,6.945238356665305,0.0,False,,,,,,,
Distilled JAX GatedAttn,1,1,0,273,9.325643483210833,6.9483681244746744,0.0,False,,,,,,,
Distilled JAX GatedAttn,1,1,0,274,9.339645850035971,6.9158979089217025,0.0,False,,,,,,,
Distilled JAX GatedAttn,1,1,0,275,9.310081580626372,6.9071295768498215,0.0,False,,,,,,,
Distilled JAX GatedAttn,1,1,0,276,9.249524307763195,6.919195711360539,0.0,False,,,,,,,
Distilled JAX GatedAttn,1,1,0,277,9.18027301492518,6.930230211507847,0.0,False,,,,,,,
Distilled JAX GatedAttn,1,1,0,278,9.083091578137507,6.945599055357582,0.0,False,,,,,,,
Distilled JAX GatedAttn,1,1,0,279,8.948592607631474,7.02395814033808,0.0,False,,,,,,,
Distilled JAX GatedAttn,1,1,0,280,8.872311415621578,7.10616833986059,0.0,False,,,,,,,
Distilled JAX GatedAttn,1,1,0,281,8.876177483226801,7.131530818579448,0.0,False,,,,,,,
Distilled JAX GatedAttn,1,1,0,282,8.989479430739008,7.079401835043379,0.0,False,,,,,,,
Distilled JAX GatedAttn,1,1,0,283,9.085764316983491,7.046344590175405,0.0,False,,,,,,,
Distilled JAX GatedAttn,1,1,0,284,9.114075909376012,7.044695437969708,0.0,False,,,,,,,
Distilled JAX GatedAttn,1,1,0,285,9.13952290178721,7.042097547277955,0.0,False,,,,,,,
Distilled JAX GatedAttn,1,1,0,286,9.142380101319588,7.0071363792409755,0.0,False,,,,,,,
Distilled JAX GatedAttn,1,1,0,287,9.153042562995834,6.991989146684036,0.0,False,,,,,,,
Distilled JAX GatedAttn,1,1,0,288,9.20345520391263,7.00248942818751,0.0,False,,,,,,,
Distilled JAX GatedAttn,1,1,0,289,9.231084596681187,6.967090832279157,0.0,False,,,,,,,
Distilled JAX GatedAttn,1,1,0,290,9.369776099793562,6.831983972402687,0.0,False,,,,,,,
Distilled JAX GatedAttn,1,1,0,291,9.499902523701785,6.713024148181935,0.0,False,,,,,,,
Distilled JAX GatedAttn,1,1,0,292,9.611446139876044,6.5947233917045,0.0,False,,,,,,,
Distilled JAX GatedAttn,1,1,0,293,9.690478340066957,6.519467523333777,0.0,False,,,,,,,
Distilled JAX GatedAttn,1,1,0,294,9.78720636066663,6.636974812579803,0.0,False,,,,,,,
Distilled JAX GatedAttn,1,1,0,295,9.984494582472106,6.76789552848339,0.0,False,,,,,,,
Distilled JAX GatedAttn,1,1,0,296,10.2256943811506,6.832853781883118,0.0,False,,,,,,,
Distilled JAX GatedAttn,1,1,0,297,10.378123565784316,6.805204691723621,0.0,False,,,,,,,
Distilled JAX GatedAttn,1,1,0,298,10.516123336466023,6.7591922044471495,0.0,False,,,,,,,
Distilled JAX GatedAttn,1,1,0,299,10.623799933070131,6.6828629805624145,0.0,False,,,,,,,
Distilled JAX GatedAttn,1,1,0,300,10.703206753577,6.617931875669363,0.0,False,,,,,,,
Distilled JAX GatedAttn,1,1,0,301,10.751814602262888,6.565356047350622,0.0,False,,,,,,,
Distilled JAX GatedAttn,1,1,0,302,10.825004011537622,6.578550697337804,0.0,False,,,,,,,
Distilled JAX GatedAttn,1,1,0,303,10.926636828741351,6.6254728604634066,0.0,False,,,,,,,
Distilled JAX GatedAttn,1,1,0,304,10.945572823516471,6.651560682385963,0.0,False,,,,,,,
Distilled JAX GatedAttn,1,1,0,305,10.93594500476978,6.655208636983754,0.0,False,,,,,,,
Distilled JAX GatedAttn,1,1,0,306,10.952906520912194,6.607352363140191,0.0,False,,,,,,,
Distilled JAX GatedAttn,1,1,0,307,11.016723007151278,6.464652022236358,0.0,False,,,,,,,
Distilled JAX GatedAttn,1,1,0,308,11.072971952282805,6.355026569572863,0.0,False,,,,,,,
Distilled JAX GatedAttn,1,1,0,309,11.113676591175947,6.248088608213773,0.0,False,,,,,,,
Distilled JAX GatedAttn,1,1,0,310,11.144795449427791,6.1819696015249885,0.0,False,,,,,,,
Distilled JAX GatedAttn,1,1,0,311,11.184653240414486,6.183280215270824,0.0,False,,,,,,,
Distilled JAX GatedAttn,1,1,0,312,11.24757147420374,6.146409317069367,0.0,False,,,,,,,
Distilled JAX GatedAttn,1,1,0,313,11.306542754195137,6.051483412782765,0.0,False,,,,,,,
Distilled JAX GatedAttn,1,1,0,314,11.36147941114952,5.8827959595894095,0.0,False,,,,,,,
Distilled JAX GatedAttn,1,1,0,315,11.42409244813296,5.721909613383447,0.0,False,,,,,,,
Distilled JAX GatedAttn,1,1,0,316,11.496257285938787,5.5831144134474755,0.0,False,,,,,,,
Distilled JAX GatedAttn,1,1,0,317,11.549195565450596,5.45194486649561,0.0,False,,,,,,,
Distilled JAX GatedAttn,1,1,0,318,11.593594125005144,5.369731233058009,0.0,False,,,,,,,
Distilled JAX GatedAttn,1,1,0,319,11.569225733265712,5.355477157778393,0.0,False,,,,,,,
Distilled JAX GatedAttn,1,1,0,320,11.522040479704527,5.323801447872198,0.0,False,,,,,,,
Distilled JAX GatedAttn,1,1,0,321,11.487405819263357,5.272052457141823,0.0,False,,,,,,,
Distilled JAX GatedAttn,1,1,0,322,11.464271920026222,5.190311279008811,0.0,False,,,,,,,
Distilled JAX GatedAttn,1,1,0,323,11.52699706984768,5.005281195440979,0.0,False,,,,,,,
Distilled JAX GatedAttn,1,1,0,324,11.585798894949331,4.818198481439632,0.0,False,,,,,,,
Distilled JAX GatedAttn,1,1,0,325,11.614796693772302,4.640550953695173,0.0,False,,,,,,,
Distilled JAX GatedAttn,1,1,0,326,11.651364747661932,4.575193742140923,0.0,False,,,,,,,
Distilled JAX GatedAttn,1,1,0,327,11.66297850919836,4.5117791064210495,0.0,False,,,,,,,
Distilled JAX GatedAttn,1,1,0,328,11.647614711940747,4.431917539200363,0.0,False,,,,,,,
Distilled JAX GatedAttn,1,1,0,329,11.648293031538556,4.356318919825649,0.0,False,,,,,,,
Distilled JAX GatedAttn,1,1,0,330,11.68403102262664,4.273806503973122,0.0,False,,,,,,,
Distilled JAX GatedAttn,1,1,0,331,11.867238696586393,4.158031066905131,0.0,False,,,,,,,
Distilled JAX GatedAttn,1,1,0,332,12.0337592514563,4.062896386496055,0.0,False,,,,,,,
Distilled JAX GatedAttn,1,1,0,333,12.187929644410522,3.95919111599663,0.0,False,,,,,,,
Distilled JAX GatedAttn,1,1,0,334,12.30627566820156,3.868325100623431,0.0,False,,,,,,,
Distilled JAX GatedAttn,1,1,0,335,12.321393183629528,3.77062257721222,0.0,False,,,,,,,
Distilled JAX GatedAttn,1,1,0,336,12.345840378693856,3.644682346404531,0.0,False,,,,,,,
Distilled JAX GatedAttn,1,1,0,337,12.366957109726345,3.5459004258259097,0.0,False,,,,,,,
Distilled JAX GatedAttn,1,1,0,338,12.411986724444604,3.466705750834487,0.0,False,,,,,,,
Distilled JAX GatedAttn,1,1,0,339,12.613514420937427,3.479110035468639,0.0,False,,,,,,,
Distilled JAX GatedAttn,1,1,0,340,12.792827584444728,3.4974534893476528,0.0,False,,,,,,,
Distilled JAX GatedAttn,1,1,0,341,12.973853110152923,3.4857498748281075,0.0,False,,,,,,,
Distilled JAX GatedAttn,1,1,0,342,13.144499011753934,3.458575804908574,0.0,False,,,,,,,
Distilled JAX GatedAttn,1,1,0,343,13.196097223389708,3.438931276148848,0.0,False,,,,,,,
Distilled JAX GatedAttn,1,1,0,344,13.269552020430131,3.4201993501233936,0.0,False,,,,,,,
Distilled JAX GatedAttn,1,1,0,345,13.356178849127089,3.4012998278216617,0.0,False,,,,,,,
Distilled JAX GatedAttn,1,1,0,346,13.424455516578272,3.4512819463881965,0.0,False,,,,,,,
Distilled JAX GatedAttn,1,1,0,347,13.442921691520622,3.5720342927223103,0.0,False,,,,,,,
Distilled JAX GatedAttn,1,1,0,348,13.462393960170916,3.704988066771121,0.0,False,,,,,,,
Distilled JAX GatedAttn,1,1,0,349,13.483945235277664,3.8407785400041488,0.0,False,,,,,,,
Distilled JAX GatedAttn,1,1,0,350,13.494254546061375,3.941219159082056,0.0,False,,,,,,,
Distilled JAX GatedAttn,1,1,0,351,13.412303003056412,3.97270870336268,0.0,False,,,,,,,
Distilled JAX GatedAttn,1,1,0,352,13.336933803962754,4.0067147853273575,0.0,False,,,,,,,
Distilled JAX GatedAttn,1,1,0,353,13.268268795920129,4.11403007565698,0.0,False,,,,,,,
Distilled JAX GatedAttn,1,1,0,354,13.168138489944218,4.232681018210596,0.0,False,,,,,,,
Distilled JAX GatedAttn,1,1,0,355,13.026088143816478,4.3536126299552524,0.0,False,,,,,,,
Distilled JAX GatedAttn,1,1,0,356,12.909316912201994,4.459251902130786,0.0,False,,,,,,,
Distilled JAX GatedAttn,1,1,0,357,12.799946499171725,4.542992190143478,0.0,False,,,,,,,
Distilled JAX GatedAttn,1,1,0,358,12.65986656055644,4.583687734449015,0.0,False,,,,,,,
Distilled JAX GatedAttn,1,1,0,359,12.499894280261676,4.650887490054478,0.0,False,,,,,,,
Distilled JAX GatedAttn,1,1,0,360,12.367624982864934,4.768637619237062,0.0,False,,,,,,,
Distilled JAX GatedAttn,1,1,0,361,12.312762919300388,4.952161686601714,0.0,False,,,,,,,
Distilled JAX GatedAttn,1,1,0,362,12.272747524895584,5.140431291356717,0.0,False,,,,,,,
Distilled JAX GatedAttn,1,1,0,363,12.232881015284262,5.326527736702647,0.0,False,,,,,,,
Distilled JAX GatedAttn,1,1,0,364,12.245348130656598,5.501192612766362,0.0,False,,,,,,,
Distilled JAX GatedAttn,1,1,0,365,12.155482578389842,5.600022647076917,0.0,False,,,,,,,
Distilled JAX GatedAttn,1,1,0,366,12.007032618609944,5.651810975549973,0.0,False,,,,,,,
Distilled JAX GatedAttn,1,1,0,367,11.898940528157487,5.727401833824363,0.0,False,,,,,,,
Distilled JAX GatedAttn,1,1,0,368,11.80071435505032,5.790196237891161,0.0,False,,,,,,,
Distilled JAX GatedAttn,1,1,0,369,11.792391393109927,5.882467388694253,0.0,False,,,,,,,
Distilled JAX GatedAttn,1,1,0,370,11.83827841089915,6.011179475821386,0.0,False,,,,,,,
Distilled JAX GatedAttn,1,1,0,371,11.858238688417469,6.133346456057207,0.0,False,,,,,,,
Distilled JAX GatedAttn,1,1,0,372,11.836987411830004,6.249428537065065,0.0,False,,,,,,,
Distilled JAX GatedAttn,1,1,0,373,11.76988257674878,6.355359813680742,0.0,False,,,,,,,
Distilled JAX GatedAttn,1,1,0,374,11.604242704349607,6.4939273181789705,0.0,False,,,,,,,
Distilled JAX GatedAttn,1,1,0,375,11.466823183284609,6.654347288427116,0.0,False,,,,,,,
Distilled JAX GatedAttn,1,1,0,376,11.346020800260709,6.812091308147944,0.0,False,,,,,,,
Distilled JAX GatedAttn,1,1,0,377,11.254844952493215,6.969625181335326,0.0,False,,,,,,,
Distilled JAX GatedAttn,1,1,0,378,11.2823132176406,7.1395519104344265,0.0,False,,,,,,,
Distilled JAX GatedAttn,1,1,0,379,11.351607782412271,7.299590272976357,0.0,False,,,,,,,
Distilled JAX GatedAttn,1,1,0,380,11.38585751547492,7.4461462334381245,0.0,False,,,,,,,
Distilled JAX GatedAttn,1,1,0,381,11.394256489815849,7.586592515908318,0.0,False,,,,,,,
Distilled JAX GatedAttn,1,1,0,382,11.30435384476286,7.74479235302152,0.0,False,,,,,,,
Distilled JAX GatedAttn,1,1,0,383,11.196046430772366,7.922881132979606,0.0,False,,,,,,,
Distilled JAX GatedAttn,1,1,0,384,11.10708453029726,8.105488194385256,0.0,False,,,,,,,
Distilled JAX GatedAttn,1,1,0,385,11.048647164570433,8.284473318590198,0.0,False,,,,,,,
Distilled JAX GatedAttn,1,1,0,386,11.083754653708567,8.433387055657587,0.0,False,,,,,,,
Distilled JAX GatedAttn,1,1,0,387,11.183066954624469,8.582635418877953,0.0,False,,,,,,,
Distilled JAX GatedAttn,1,1,0,388,11.243093829576988,8.72364158700086,0.0,False,,,,,,,
Distilled JAX GatedAttn,1,1,0,389,11.285056994595802,8.859476006144021,0.0,False,,,,,,,
Distilled JAX GatedAttn,1,1,0,390,11.246563765534582,8.995866265784132,0.0,False,,,,,,,
Distilled JAX GatedAttn,1,1,0,391,11.135085431677394,9.143065642857298,0.0,False,,,,,,,
Distilled JAX GatedAttn,1,1,0,392,11.073993305376645,9.290176795444928,0.0,False,,,,,,,
Distilled JAX GatedAttn,1,1,0,393,11.040879860969913,9.447289498367162,0.0,False,,,,,,,
Distilled JAX GatedAttn,1,1,0,394,11.061906876325091,9.623021980897189,0.0,False,,,,,,,
Distilled JAX GatedAttn,1,1,0,395,11.134463730835853,9.839932338049856,0.0,False,,,,,,,
Distilled JAX GatedAttn,1,1,0,396,11.17757870722445,10.049114220187338,0.0,False,,,,,,,
Distilled JAX GatedAttn,1,1,0,397,11.198146795606684,10.256126170004835,0.0,False,,,,,,,
Distilled JAX GatedAttn,1,1,0,398,11.133871911319252,10.404382776720109,0.0,False,,,,,,,
Distilled JAX GatedAttn,1,1,0,399,11.01284392031918,10.542717692238714,0.0,False,,,,,,,
Distilled JAX GatedAttn,1,1,0,400,10.916176470530246,10.693495521609792,0.0,False,,,,,,,
Distilled JAX GatedAttn,1,1,0,401,10.839236015039535,10.842884548346024,0.0,False,,,,,,,
Distilled JAX GatedAttn,1,1,0,402,10.972448162670297,10.909843283385666,0.0,False,,,,,,,
Distilled JAX GatedAttn,1,1,0,403,11.148492970307046,10.98873770793243,0.0,False,,,,,,,
Distilled JAX GatedAttn,1,1,0,404,11.229509669984164,11.084919035089136,0.0,False,,,,,,,
Distilled JAX GatedAttn,1,1,0,405,11.272594085122194,11.17672414925874,0.0,False,,,,,,,
Distilled JAX GatedAttn,1,1,0,406,11.264198112644063,11.225922150708731,0.0,False,,,,,,,
Distilled JAX GatedAttn,1,1,0,407,11.224288028807564,11.16753941058415,0.0,False,,,,,,,
Distilled JAX GatedAttn,1,1,0,408,11.225040148820636,11.119628099130091,0.0,False,,,,,,,
Distilled JAX GatedAttn,1,1,0,409,11.313139987460309,11.140334277844287,0.0,False,,,,,,,
Distilled JAX GatedAttn,1,1,0,410,11.484055626193426,11.186080228490551,0.0,False,,,,,,,
Distilled JAX GatedAttn,1,1,0,411,11.650122089353571,11.236524661782097,0.0,False,,,,,,,
Distilled JAX GatedAttn,1,1,0,412,11.801900555142312,11.27045487464489,0.0,False,,,,,,,
Distilled JAX GatedAttn,1,1,0,413,11.878152257489756,11.293567610471188,0.0,False,,,,,,,
Distilled JAX GatedAttn,1,1,0,414,11.886643857528345,11.347367096844918,0.0,False,,,,,,,
Distilled JAX GatedAttn,1,1,0,415,11.87707919859006,11.36313919984731,0.0,False,,,,,,,
Distilled JAX GatedAttn,1,1,0,416,11.896926791007116,11.34534413800636,0.0,False,,,,,,,
Distilled JAX GatedAttn,1,1,0,417,11.94295270569807,11.342202114053409,0.0,False,,,,,,,
Distilled JAX GatedAttn,1,1,0,418,12.035182784041044,11.389625077414962,0.0,False,,,,,,,
Distilled JAX GatedAttn,1,1,0,419,12.240271876226531,11.481571466715392,0.0,False,,,,,,,
Distilled JAX GatedAttn,1,1,0,420,12.440642814469609,11.558881679204362,0.0,False,,,,,,,
Distilled JAX GatedAttn,1,1,0,421,12.630051602943606,11.624677394091878,0.0,False,,,,,,,
Distilled JAX GatedAttn,1,1,0,422,12.802015752239315,11.692226198821816,0.0,False,,,,,,,
Distilled JAX GatedAttn,1,1,0,423,12.898447035716744,11.777153684736376,0.0,False,,,,,,,
Distilled JAX GatedAttn,1,1,0,424,12.929538928918964,11.800678111079504,0.0,False,,,,,,,
Distilled JAX GatedAttn,1,1,0,425,12.983317485434483,11.822187112017469,0.0,False,,,,,,,
Distilled JAX GatedAttn,1,1,0,426,13.03035198652665,11.831137953753414,0.0,False,,,,,,,
Distilled JAX GatedAttn,1,1,0,427,13.11205363646784,11.825196255118264,0.0,False,,,,,,,
Distilled JAX GatedAttn,1,1,0,428,13.30877439995094,11.876273936571696,0.0,False,,,,,,,
Distilled JAX GatedAttn,1,1,0,429,13.491694505765688,11.914513813197615,0.0,False,,,,,,,
Distilled JAX GatedAttn,1,1,0,430,13.6736744889154,11.9356364205619,0.0,False,,,,,,,
Distilled JAX GatedAttn,1,1,0,431,13.85823118806475,11.912434458666215,0.0,False,,,,,,,
Distilled JAX GatedAttn,1,1,0,432,13.981088435440135,11.89036294132699,0.0,False,,,,,,,
Distilled JAX GatedAttn,1,1,0,433,14.020564759677333,11.906957996850815,0.0,False,,,,,,,
Distilled JAX GatedAttn,1,1,0,434,14.067252892648062,11.932350257632155,0.0,False,,,,,,,
Distilled JAX GatedAttn,1,1,0,435,14.13821755055562,11.991371306951,0.0,False,,,,,,,
Distilled JAX GatedAttn,1,1,0,436,14.278175138886567,12.0678677489205,0.0,False,,,,,,,
Distilled JAX GatedAttn,1,1,0,437,14.479223375108022,12.132399202807465,0.0,False,,,,,,,
Distilled JAX GatedAttn,1,1,0,438,14.641994303916396,12.17797978472096,0.0,False,,,,,,,
Distilled JAX GatedAttn,1,1,0,439,14.737881738439263,12.244630833392844,0.0,False,,,,,,,
Distilled JAX GatedAttn,1,1,0,440,14.821583977337756,12.258054938519626,0.0,False,,,,,,,
Distilled JAX GatedAttn,1,1,0,441,14.926210704904372,12.265055959541112,0.0,False,,,,,,,
Distilled JAX GatedAttn,1,1,0,442,15.050564556540792,12.279935827903635,0.0,False,,,,,,,
Distilled JAX GatedAttn,1,1,0,443,15.190401534407904,12.33261053922958,0.0,False,,,,,,,
Distilled JAX GatedAttn,1,1,0,444,15.357872591778166,12.424243231432191,0.0,False,,,,,,,
Distilled JAX GatedAttn,1,1,0,445,15.61284819532231,12.519649668523243,0.0,False,,,,,,,
Distilled JAX GatedAttn,1,1,0,446,15.84616184224414,12.59392547201991,0.0,False,,,,,,,
Distilled JAX GatedAttn,1,1,0,447,16.076620969516835,12.643274491666642,0.0,False,,,,,,,
Distilled JAX GatedAttn,1,1,0,448,16.280291484722042,12.604469783384689,0.0,False,,,,,,,
Distilled JAX GatedAttn,1,1,0,449,16.494757753929008,12.5626177493353,0.0,False,,,,,,,
Distilled JAX GatedAttn,1,1,0,450,16.72131128603656,12.531972461340452,0.0,False,,,,,,,
Distilled JAX GatedAttn,1,1,0,451,16.9525239593278,12.519446778507348,0.0,False,,,,,,,
Distilled JAX GatedAttn,1,1,0,452,17.1658195634343,12.55977503429148,0.0,False,,,,,,,
Distilled JAX GatedAttn,1,1,0,453,17.394621540092373,12.6483790592924,0.0,False,,,,,,,
Distilled JAX GatedAttn,1,1,0,454,17.599198252359738,12.716734368837884,0.0,False,,,,,,,
Distilled JAX GatedAttn,1,1,0,455,17.80348430352161,12.768533834595972,0.0,False,,,,,,,
Distilled JAX GatedAttn,1,1,0,456,18.00117868998445,12.796283391639578,0.0,False,,,,,,,
Distilled JAX GatedAttn,1,1,0,457,18.197563908036756,12.752547281805304,0.0,False,,,,,,,
Distilled JAX GatedAttn,1,1,0,458,18.38738788709109,12.707698928423206,0.0,False,,,,,,,
Distilled JAX GatedAttn,1,1,0,459,18.60147244657422,12.685889810772617,0.0,False,,,,,,,
Distilled JAX GatedAttn,1,1,0,460,18.82738618824211,12.678320465680578,0.0,False,,,,,,,
Distilled JAX GatedAttn,1,1,0,461,19.08874448831918,12.667669385310411,0.0,False,,,,,,,
Distilled JAX GatedAttn,1,1,0,462,19.408843328145245,12.707198724790484,0.0,False,,,,,,,
Distilled JAX GatedAttn,1,1,0,463,19.68820268338923,12.72767694774619,0.0,False,,,,,,,
Distilled JAX GatedAttn,1,1,0,464,19.859681423741183,12.701637592831164,0.0,False,,,,,,,
Distilled JAX GatedAttn,1,1,0,465,19.938255257462007,12.706886938616508,0.0,False,,,,,,,
Distilled JAX GatedAttn,1,1,0,466,20.01733021742376,12.722088798068548,0.0,False,,,,,,,
Distilled JAX GatedAttn,1,1,0,467,20.06428238665329,12.718890178483589,0.0,False,,,,,,,
Distilled JAX GatedAttn,1,1,0,468,20.16250513237341,12.758874101503858,0.0,False,,,,,,,
Distilled JAX GatedAttn,1,1,0,469,20.32979411284247,12.815705240819188,0.0,False,,,,,,,
Distilled JAX GatedAttn,1,1,0,470,20.499396296925024,12.845367634089625,0.0,False,,,,,,,
Distilled JAX GatedAttn,1,1,0,471,20.652288925509666,12.852398767325717,0.0,False,,,,,,,
Distilled JAX GatedAttn,1,1,0,472,20.74309578763832,12.862468988962585,0.0,False,,,,,,,
Distilled JAX GatedAttn,1,1,0,473,20.736135878748183,12.911674422895931,0.0,False,,,,,,,
Distilled JAX GatedAttn,1,1,0,474,20.700703045288375,12.985771501969632,0.0,False,,,,,,,
Distilled JAX GatedAttn,1,1,0,475,20.668568465358895,13.064787310998582,0.0,False,,,,,,,
Distilled JAX GatedAttn,1,1,0,476,20.66583798706746,13.13016062333008,0.0,False,,,,,,,
Distilled JAX GatedAttn,1,1,0,477,20.658046634407672,13.14272738910031,0.0,False,,,,,,,
Distilled JAX GatedAttn,1,1,0,478,20.661301526682692,13.079547961319662,0.0,False,,,,,,,
Distilled JAX GatedAttn,1,1,0,479,20.651910045216237,13.00825902516178,0.0,False,,,,,,,
Distilled JAX GatedAttn,1,1,0,480,20.57745366962773,12.928303288800969,0.0,False,,,,,,,
Distilled JAX GatedAttn,1,1,0,481,20.429241025884348,12.788357518987414,0.0,False,,,,,,,
Distilled JAX GatedAttn,1,1,0,482,20.308566995326284,12.65146330793717,0.0,False,,,,,,,
Distilled JAX GatedAttn,1,1,0,483,20.204115435389458,12.516445348811448,0.0,False,,,,,,,
Distilled JAX GatedAttn,1,1,0,484,20.111089785828387,12.382804908274675,0.0,False,,,,,,,
Distilled JAX GatedAttn,1,1,0,485,20.084587992086885,12.244860388448986,0.0,False,,,,,,,
Distilled JAX GatedAttn,1,1,0,486,20.24099054177766,12.093786144068872,0.0,False,,,,,,,
Distilled JAX GatedAttn,1,1,0,487,20.385873712371698,11.963348387037872,0.0,False,,,,,,,
Distilled JAX GatedAttn,1,1,0,488,20.51397516326698,11.850776881753662,0.0,False,,,,,,,
Distilled JAX GatedAttn,1,1,0,489,20.574313516038444,11.827125048165176,0.0,False,,,,,,,
Distilled JAX GatedAttn,1,1,0,490,20.59545557005462,11.878619588591636,0.0,False,,,,,,,
Distilled JAX GatedAttn,1,1,0,491,20.649961240465405,11.90402615484257,0.0,False,,,,,,,
Distilled JAX GatedAttn,1,1,0,492,20.719964738212635,11.926326434160094,0.0,False,,,,,,,
Distilled JAX GatedAttn,1,1,0,493,20.81285869964408,11.968563076116409,0.0,False,,,,,,,
Distilled JAX GatedAttn,1,1,0,494,20.89852546855719,12.04103126583485,0.0,False,,,,,,,
Distilled JAX GatedAttn,1,1,0,495,20.940621887237857,12.128113984496055,0.0,False,,,,,,,
Distilled JAX GatedAttn,1,1,0,496,20.954822691447795,12.235276468013554,0.0,False,,,,,,,
Distilled JAX GatedAttn,1,1,0,497,20.92588277803128,12.352816985402258,0.0,False,,,,,,,
Distilled JAX GatedAttn,1,1,0,498,20.790201747326837,12.45069098168912,0.0,False,,,,,,,
Distilled JAX GatedAttn,1,1,0,499,20.677851996762204,12.531525674845328,0.0,False,,,,,,,
Distilled JAX GatedAttn,1,1,0,500,20.63234734537286,12.580559682850112,0.0,False,,,,,,,
Distilled JAX GatedAttn,1,1,0,501,20.59482800910943,12.647324619769872,0.0,False,,,,,,,
Distilled JAX GatedAttn,1,1,0,502,20.53978335651715,12.718562103426768,0.0,False,,,,,,,
Distilled JAX GatedAttn,1,1,0,503,20.504474956099465,12.7682116501331,0.0,False,,,,,,,
Distilled JAX GatedAttn,1,1,0,504,20.475815944733316,12.798651397617498,0.0,False,,,,,,,
Distilled JAX GatedAttn,1,1,0,505,20.467751071412835,12.811031762716649,0.0,False,,,,,,,
Distilled JAX GatedAttn,1,1,0,506,20.453492060382136,12.815279249133336,0.0,False,,,,,,,
Distilled JAX GatedAttn,1,1,0,507,20.442545376791447,12.822843310871988,0.0,False,,,,,,,
Distilled JAX GatedAttn,1,1,0,508,20.45079557071284,12.820105343756197,0.0,False,,,,,,,
Distilled JAX GatedAttn,1,1,0,509,20.459677514033103,12.817011414780977,0.0,False,,,,,,,
Distilled JAX GatedAttn,1,1,0,510,20.45352428945701,12.827241216547783,0.0,False,,,,,,,
Distilled JAX GatedAttn,1,1,0,511,20.40600038142367,12.85253632291398,0.0,False,,,,,,,
Distilled JAX GatedAttn,1,1,0,512,20.32535772235927,12.88771743056629,0.0,False,,,,,,,
Distilled JAX GatedAttn,1,1,0,513,20.258523066683185,12.976571068958174,0.0,False,,,,,,,
Distilled JAX GatedAttn,1,1,0,514,20.199658320117237,13.095958799898622,0.0,False,,,,,,,
Distilled JAX GatedAttn,1,1,0,515,20.16786803161148,13.233120510311986,0.0,False,,,,,,,
Distilled JAX GatedAttn,1,1,0,516,20.15958715651924,13.391256641984873,0.0,False,,,,,,,
Distilled JAX GatedAttn,1,1,0,517,20.169317229593112,13.545257751249064,0.0,False,,,,,,,
Distilled JAX GatedAttn,1,1,0,518,20.189081717201276,13.675754640760829,0.0,False,,,,,,,
Distilled JAX GatedAttn,1,1,0,519,20.21709472533188,13.750937108767095,0.0,False,,,,,,,
Distilled JAX GatedAttn,1,1,0,520,20.250017659537207,13.818430947162756,0.0,False,,,,,,,
Distilled JAX GatedAttn,1,1,0,521,20.26489842153399,13.841940857343245,0.0,False,,,,,,,
Distilled JAX GatedAttn,1,1,0,522,20.263407818911844,13.842743925159562,0.0,False,,,,,,,
Distilled JAX GatedAttn,1,1,0,523,20.25340471824787,13.835063187755486,0.0,False,,,,,,,
Distilled JAX GatedAttn,1,1,0,524,20.264000454783183,13.820667330392618,0.0,False,,,,,,,
Distilled JAX GatedAttn,1,1,0,525,20.28290176007085,13.787311288362686,0.0,False,,,,,,,
Distilled JAX GatedAttn,1,1,0,526,20.302705306435463,13.74154823244891,0.0,False,,,,,,,
Distilled JAX GatedAttn,1,1,0,527,20.322699883540057,13.692695358356548,0.0,False,,,,,,,
Distilled JAX GatedAttn,1,1,0,528,20.345529317855313,13.64201509289346,0.0,False,,,,,,,
Distilled JAX GatedAttn,1,1,0,529,20.360836238229552,13.590848893271652,0.0,False,,,,,,,
Distilled JAX GatedAttn,1,1,0,530,20.35989327415358,13.538331993653594,0.0,False,,,,,,,
Distilled JAX GatedAttn,1,1,0,531,20.36114468283171,13.532232266760612,0.0,False,,,,,,,
Distilled JAX GatedAttn,1,1,0,532,20.35971137384139,13.54902601922505,0.0,False,,,,,,,
Distilled JAX GatedAttn,1,1,0,533,20.35376581559187,13.569696002733869,0.0,False,,,,,,,
Distilled JAX GatedAttn,1,1,0,534,20.342619556847005,13.58799060443845,0.0,False,,,,,,,
Distilled JAX GatedAttn,1,1,0,535,20.3258372201918,13.603840742309735,0.0,False,,,,,,,
Distilled JAX GatedAttn,1,1,0,536,20.30208059183326,13.613883057139136,0.0,False,,,,,,,
Distilled JAX GatedAttn,1,1,0,537,20.268822864791865,13.61902767115884,0.0,False,,,,,,,
Distilled JAX GatedAttn,1,1,0,538,20.234706033470047,13.62317448687122,0.0,False,,,,,,,
Distilled JAX GatedAttn,1,1,0,539,20.238882869080197,13.626108624799537,0.0,False,,,,,,,
Distilled JAX GatedAttn,1,1,0,540,20.257090724179218,13.60853974264398,0.0,False,,,,,,,
Distilled JAX GatedAttn,1,1,0,541,20.276328731136697,13.582081335025611,0.0,False,,,,,,,
Distilled JAX GatedAttn,1,1,0,542,20.298144252661167,13.567523320936594,0.0,False,,,,,,,
Distilled JAX GatedAttn,1,1,0,543,20.319573103600117,13.570259665865954,0.0,False,,,,,,,
Distilled JAX GatedAttn,1,1,0,544,20.33848308042345,13.569817083850063,0.0,False,,,,,,,
Distilled JAX GatedAttn,1,1,0,545,20.356229970837113,13.564776645020936,0.0,False,,,,,,,
Distilled JAX GatedAttn,1,1,0,546,20.36265850041116,13.566929135069708,0.0,False,,,,,,,
Distilled JAX GatedAttn,1,1,0,547,20.36333974798938,13.5717976067332,0.0,False,,,,,,,
Distilled JAX GatedAttn,1,1,0,548,20.36125049525389,13.576955700666842,0.0,False,,,,,,,
Distilled JAX GatedAttn,1,1,0,549,20.360024796729785,13.5822678876965,0.0,False,,,,,,,
Distilled JAX GatedAttn,1,1,0,550,20.35862587759799,13.585606029766284,0.0,False,,,,,,,
Distilled JAX GatedAttn,1,1,0,551,20.35805613642106,13.586854853723008,0.0,False,,,,,,,
Distilled JAX GatedAttn,1,1,0,552,20.36164227463823,13.583686795396234,0.0,False,,,,,,,
Distilled JAX GatedAttn,1,1,0,553,20.366125587593384,13.578988101354891,0.0,False,,,,,,,
Distilled JAX GatedAttn,1,1,0,554,20.368061940855046,13.57634726393369,0.0,False,,,,,,,
Distilled JAX GatedAttn,1,1,0,555,20.3664297353992,13.576052689902609,0.0,False,,,,,,,
Distilled JAX GatedAttn,1,1,0,556,20.363789780817555,13.573900717556018,0.0,False,,,,,,,
Distilled JAX GatedAttn,1,1,0,557,20.360666711996007,13.57028902480214,0.0,False,,,,,,,
Distilled JAX GatedAttn,1,1,0,558,20.357157551562175,13.56784606153114,0.0,False,,,,,,,
Distilled JAX GatedAttn,1,1,0,559,20.355535216257945,13.5691286625976,0.0,False,,,,,,,
Distilled JAX GatedAttn,1,1,0,560,20.35353691469955,13.570198554514338,0.0,False,,,,,,,
Distilled JAX GatedAttn,1,1,0,561,20.348392437045785,13.569688678707111,0.0,False,,,,,,,
Distilled JAX GatedAttn,1,1,0,562,20.34171169262605,13.56898153563429,0.0,False,,,,,,,
Distilled JAX GatedAttn,1,1,0,563,20.335638315174823,13.568943865737888,0.0,False,,,,,,,
Distilled JAX GatedAttn,1,1,0,564,20.328994731133193,13.575113787088602,0.0,False,,,,,,,
Distilled JAX GatedAttn,1,1,0,565,20.318357427449484,13.579443053650984,0.0,False,,,,,,,
Distilled JAX GatedAttn,1,1,0,566,20.304198583820995,13.58178321605507,0.0,False,,,,,,,
Distilled JAX GatedAttn,1,1,0,567,20.287434536062577,13.578688712783682,0.0,False,,,,,,,
Distilled JAX GatedAttn,1,1,0,568,20.268561251578344,13.580334071545623,0.0,False,,,,,,,
Distilled JAX GatedAttn,1,1,0,569,20.24508339122355,13.582447019488631,0.0,False,,,,,,,
Distilled JAX GatedAttn,1,1,0,570,20.22770488099555,13.584797040622805,0.0,False,,,,,,,
Distilled JAX GatedAttn,1,1,0,571,20.229337999156723,13.584719584935858,0.0,False,,,,,,,
Distilled JAX GatedAttn,1,1,0,572,20.23407636460141,13.585053468858485,0.0,False,,,,,,,
Distilled JAX GatedAttn,1,1,0,573,20.237943975940617,13.584852970103952,0.0,False,,,,,,,
Distilled JAX GatedAttn,1,1,0,574,20.23944463297232,13.584487540056092,0.0,False,,,,,,,
Distilled JAX GatedAttn,1,1,0,575,20.236342006700685,13.584922983166914,0.0,False,,,,,,,
Distilled JAX GatedAttn,1,1,0,576,20.233662654344126,13.5854404733552,0.0,False,,,,,,,
Distilled JAX GatedAttn,1,1,0,577,20.234852142093935,13.585505933023253,0.0,False,,,,,,,
Distilled JAX GatedAttn,1,1,0,578,20.23524463601909,13.585564354901717,0.0,False,,,,,,,
Distilled JAX GatedAttn,1,1,0,579,20.234868401623363,13.586625272881548,0.0,False,,,,,,,
Distilled JAX GatedAttn,1,1,0,580,20.23252207093861,13.586910256614692,0.0,False,,,,,,,
Distilled JAX GatedAttn,1,1,0,581,20.230971279263187,13.586531031359984,0.0,False,,,,,,,
Distilled JAX GatedAttn,1,1,0,582,20.22814315433928,13.586121093910757,0.0,False,,,,,,,
Distilled JAX GatedAttn,1,1,0,583,20.22403589990933,13.58614482024031,0.0,False,,,,,,,
Distilled JAX GatedAttn,1,1,0,584,20.219213766941778,13.58635340377096,0.0,False,,,,,,,
Distilled JAX GatedAttn,1,1,0,585,20.214221897854216,13.58738125944811,0.0,False,,,,,,,
Distilled JAX GatedAttn,1,1,0,586,20.20732846529912,13.588335593625615,0.0,False,,,,,,,
Distilled JAX GatedAttn,1,1,0,587,20.198396016617963,13.5884733014012,0.0,False,,,,,,,
Distilled JAX GatedAttn,1,1,0,588,20.191360514637264,13.58917343837354,0.0,False,,,,,,,
Distilled JAX GatedAttn,1,1,0,589,20.187892201174552,13.588787255497836,0.0,False,,,,,,,
Distilled JAX GatedAttn,1,1,0,590,20.186044481062147,13.589463896919506,0.0,False,,,,,,,
Distilled JAX GatedAttn,1,1,0,591,20.184495166062124,13.589699143189206,0.0,False,,,,,,,
Distilled JAX GatedAttn,1,1,0,592,20.19218892961431,13.591317091121397,0.0,False,,,,,,,
Distilled JAX GatedAttn,1,1,0,593,20.207633427848897,13.590835897800304,0.0,False,,,,,,,
Distilled JAX GatedAttn,1,1,0,594,20.221693884753943,13.58958819451882,0.0,False,,,,,,,
Distilled JAX GatedAttn,1,1,0,595,20.235734355064864,13.58802373985184,0.0,False,,,,,,,
Distilled JAX GatedAttn,1,1,0,596,20.250678629464872,13.586094303149586,0.0,False,,,,,,,
Distilled JAX GatedAttn,1,1,0,597,20.255234701601477,13.585062516052757,0.0,False,,,,,,,
Distilled JAX GatedAttn,1,1,0,598,20.244984037409107,13.585333889111508,0.0,False,,,,,,,
Distilled JAX GatedAttn,1,1,0,599,20.228651634235053,13.5892577711177,0.0,False,,,,,,,
Distilled JAX GatedAttn,1,1,0,600,20.220954914841496,13.595932390777367,0.0,False,,,,,,,
Distilled JAX GatedAttn,1,1,0,601,20.227101407311615,13.595526908989411,0.0,False,,,,,,,
Distilled JAX GatedAttn,1,1,0,602,20.236769390437697,13.592014037866214,0.0,False,,,,,,,
Distilled JAX GatedAttn,1,1,0,603,20.25011085560649,13.588678981951746,0.0,False,,,,,,,
Distilled JAX GatedAttn,1,1,0,604,20.262918548276875,13.58513039778149,0.0,False,,,,,,,
Distilled JAX GatedAttn,1,1,0,605,20.27544908129216,13.581203235789298,0.0,False,,,,,,,
Distilled JAX GatedAttn,1,1,0,606,20.2873344290288,13.57722324879606,0.0,False,,,,,,,
Distilled JAX GatedAttn,1,1,0,607,20.299627365161008,13.574604711411952,0.0,False,,,,,,,
Distilled JAX GatedAttn,1,1,0,608,20.31438775900544,13.570729500917391,0.0,False,,,,,,,
Distilled JAX GatedAttn,1,1,0,609,20.329981415743028,13.561873646127012,0.0,False,,,,,,,
Distilled JAX GatedAttn,1,1,0,610,20.346029826289733,13.556540411293518,0.0,False,,,,,,,
Distilled JAX GatedAttn,1,1,0,611,20.35178661946041,13.562530560596574,0.0,False,,,,,,,
Distilled JAX GatedAttn,1,1,0,612,20.357131915104222,13.567382612158932,0.0,False,,,,,,,
Distilled JAX GatedAttn,1,1,0,613,20.35988413343444,13.5691804571029,0.0,False,,,,,,,
Distilled JAX GatedAttn,1,1,0,614,20.364488728398307,13.571427043768894,0.0,False,,,,,,,
Distilled JAX GatedAttn,1,1,0,615,20.37642582086412,13.579671487123491,0.0,False,,,,,,,
Distilled JAX GatedAttn,1,1,0,616,20.39375530936336,13.589260032713984,0.0,False,,,,,,,
Distilled JAX GatedAttn,1,1,0,617,20.402816855328663,13.598319681492868,0.0,False,,,,,,,
Distilled JAX GatedAttn,1,1,0,618,20.411241858249483,13.607501913059291,0.0,False,,,,,,,
Distilled JAX GatedAttn,1,1,0,619,20.42309008771201,13.61652363118105,0.0,False,,,,,,,
Distilled JAX GatedAttn,1,1,0,620,20.439936112469223,13.626670868733806,0.0,False,,,,,,,
Distilled JAX GatedAttn,1,1,0,621,20.46082019794357,13.638929761186624,0.0,False,,,,,,,
Distilled JAX GatedAttn,1,1,0,622,20.4821165947921,13.651361374031438,0.0,False,,,,,,,
Distilled JAX GatedAttn,1,1,0,623,20.501246213076655,13.661523267622997,0.0,False,,,,,,,
Distilled JAX GatedAttn,1,1,0,624,20.50904381703576,13.655331892946077,0.0,False,,,,,,,
Distilled JAX GatedAttn,1,1,0,625,20.51238920155073,13.651838300238303,0.0,False,,,,,,,
Distilled JAX GatedAttn,1,1,0,626,20.506760882606446,13.651153754245549,0.0,False,,,,,,,
Distilled JAX GatedAttn,1,1,0,627,20.489974140807263,13.647146466060269,0.0,False,,,,,,,
Distilled JAX GatedAttn,1,1,0,628,20.463967046000754,13.642049603672648,0.0,False,,,,,,,
Distilled JAX GatedAttn,1,1,0,629,20.428412137145383,13.637350671124349,0.0,False,,,,,,,
Distilled JAX GatedAttn,1,1,0,630,20.393236347833643,13.63205165274236,0.0,False,,,,,,,
Distilled JAX GatedAttn,1,1,0,631,20.3762035536037,13.631791347415966,0.0,False,,,,,,,
Distilled JAX GatedAttn,1,1,0,632,20.37282632457249,13.633401276578834,0.0,False,,,,,,,
Distilled JAX GatedAttn,1,1,0,633,20.380661381280195,13.636936160788686,0.0,False,,,,,,,
Distilled JAX GatedAttn,1,1,0,634,20.39803094145978,13.646519297478504,0.0,False,,,,,,,
Distilled JAX GatedAttn,1,1,0,635,20.42588392021068,13.65751191647064,0.0,False,,,,,,,
Distilled JAX GatedAttn,1,1,0,636,20.457792608343052,13.666220466435645,0.0,False,,,,,,,
Distilled JAX GatedAttn,1,1,0,637,20.457864404130557,13.677209803335773,0.0,False,,,,,,,
Distilled JAX GatedAttn,1,1,0,638,20.44543464077692,13.670522993400274,0.0,False,,,,,,,
Distilled JAX GatedAttn,1,1,0,639,20.424554255547996,13.654867123008586,0.0,False,,,,,,,
Distilled JAX GatedAttn,1,1,0,640,20.39976675447397,13.631895401097152,0.0,False,,,,,,,
Distilled JAX GatedAttn,1,1,0,641,20.36163788371016,13.621797382901034,0.0,False,,,,,,,
Distilled JAX GatedAttn,1,1,0,642,20.319730156373883,13.623303727893736,0.0,False,,,,,,,
Distilled JAX GatedAttn,1,1,0,643,20.28418668236158,13.626139800712984,0.0,False,,,,,,,
Distilled JAX GatedAttn,1,1,0,644,20.28137265124525,13.647369468939855,0.0,False,,,,,,,
Distilled JAX GatedAttn,1,1,0,645,20.274326212058863,13.678358199623078,0.0,False,,,,,,,
Distilled JAX GatedAttn,1,1,0,646,20.275460380947656,13.693887218031838,0.0,False,,,,,,,
Distilled JAX GatedAttn,1,1,0,647,20.275679807158532,13.707252554549113,0.0,False,,,,,,,
Distilled JAX GatedAttn,1,1,0,648,20.27572025167402,13.719003578090373,0.0,False,,,,,,,
Distilled JAX GatedAttn,1,1,0,649,20.278022869486925,13.7250711619481,0.0,False,,,,,,,
Distilled JAX GatedAttn,1,1,0,650,20.281976041286,13.727434803839074,0.0,False,,,,,,,
Distilled JAX GatedAttn,1,1,0,651,20.28990212463424,13.728499240578286,0.0,False,,,,,,,
Distilled JAX GatedAttn,1,1,0,652,20.298598007816658,13.72616013066066,0.0,False,,,,,,,
Distilled JAX GatedAttn,1,1,0,653,20.30801660101977,13.721922807179816,0.0,False,,,,,,,
Distilled JAX GatedAttn,1,1,0,654,20.3223003629228,13.713458460710626,0.0,False,,,,,,,
Distilled JAX GatedAttn,1,1,0,655,20.345156883257008,13.70672109528941,0.0,False,,,,,,,
Distilled JAX GatedAttn,1,1,0,656,20.37999635756266,13.695804537010778,0.0,False,,,,,,,
Distilled JAX GatedAttn,1,1,0,657,20.417441051408463,13.673486227562336,0.0,False,,,,,,,
Distilled JAX GatedAttn,1,1,0,658,20.45456630851752,13.65139946422754,0.0,False,,,,,,,
Distilled JAX GatedAttn,1,1,0,659,20.476467065192768,13.66391852735172,0.0,False,,,,,,,
Distilled JAX GatedAttn,1,1,0,660,20.4780064085519,13.668171456672694,0.0,False,,,,,,,
Distilled JAX GatedAttn,1,1,0,661,20.476505236757134,13.663102252439424,0.0,False,,,,,,,
Distilled JAX GatedAttn,1,1,0,662,20.47546531519585,13.664570466825278,0.0,False,,,,,,,
Distilled JAX GatedAttn,1,1,0,663,20.47624240319559,13.668628756555728,0.0,False,,,,,,,
Distilled JAX GatedAttn,1,1,0,664,20.478588810460177,13.675170946775944,0.0,False,,,,,,,
Distilled JAX GatedAttn,1,1,0,665,20.487308671388057,13.684537805870466,0.0,False,,,,,,,
Distilled JAX GatedAttn,1,1,0,666,20.50839863009978,13.691721628840869,0.0,False,,,,,,,
Distilled JAX GatedAttn,1,1,0,667,20.52775542645792,13.689589484278034,0.0,False,,,,,,,
Distilled JAX GatedAttn,1,1,0,668,20.53047784384879,13.679960998430811,0.0,False,,,,,,,
Distilled JAX GatedAttn,1,1,0,669,20.537253875678147,13.675173014103308,0.0,False,,,,,,,
Distilled JAX GatedAttn,1,1,0,670,20.53650804418052,13.676206603310018,0.0,False,,,,,,,
Distilled JAX GatedAttn,1,1,0,671,20.53465795109798,13.676856757708308,0.0,False,,,,,,,
Distilled JAX GatedAttn,1,1,0,672,20.534033526920823,13.677039298520087,0.0,False,,,,,,,
Distilled JAX GatedAttn,1,1,0,673,20.531303705973805,13.676628977065777,0.0,False,,,,,,,
Distilled JAX GatedAttn,1,1,0,674,20.528921408387347,13.676231177291069,0.0,False,,,,,,,
Distilled JAX GatedAttn,1,1,0,675,20.529885707572603,13.676506073899974,0.0,False,,,,,,,
Distilled JAX GatedAttn,1,1,0,676,20.53465623770696,13.6772360503049,0.0,False,,,,,,,
Distilled JAX GatedAttn,1,1,0,677,20.535007491095868,13.67682286704988,0.0,False,,,,,,,
Distilled JAX GatedAttn,1,1,0,678,20.53414312296614,13.676830633231898,0.0,False,,,,,,,
Distilled JAX GatedAttn,1,1,0,679,20.533851305943067,13.676947969481166,0.0,False,,,,,,,
Distilled JAX GatedAttn,1,1,0,680,20.53423008286004,13.677007595796953,0.0,False,,,,,,,
Distilled JAX GatedAttn,1,1,0,681,20.53479847108244,13.677258598345569,0.0,False,,,,,,,
Distilled JAX GatedAttn,1,1,0,682,20.534750444311783,13.677484436413842,0.0,False,,,,,,,
Distilled JAX GatedAttn,1,1,0,683,20.534803418735237,13.677457946228008,0.0,False,,,,,,,
Distilled JAX GatedAttn,1,1,0,684,20.534641745656067,13.677444372942832,0.0,False,,,,,,,
Distilled JAX GatedAttn,1,1,0,685,20.534494751513495,13.677346629417151,0.0,False,,,,,,,
Distilled JAX GatedAttn,1,1,0,686,20.534324821420466,13.677246686472484,0.0,False,,,,,,,
Distilled JAX GatedAttn,1,1,0,687,20.534193971527827,13.677071180336425,0.0,False,,,,,,,
Distilled JAX GatedAttn,1,1,0,688,20.534012457661593,13.676947834843451,0.0,False,,,,,,,
Distilled JAX GatedAttn,1,1,0,689,20.534110759934993,13.676870384434109,0.0,False,,,,,,,
Distilled JAX GatedAttn,1,1,0,690,20.534074231100753,13.676742327340298,0.0,False,,,,,,,
Distilled JAX GatedAttn,1,1,0,691,20.53406727163349,13.676611697048608,0.0,False,,,,,,,
Distilled JAX GatedAttn,1,1,0,692,20.53416406097711,13.676729026915073,0.0,False,,,,,,,
Distilled JAX GatedAttn,1,1,0,693,20.534327983284857,13.67684540677325,0.0,False,,,,,,,
Distilled JAX GatedAttn,1,1,0,694,20.53432532774116,13.6769104675204,0.0,False,,,,,,,
Distilled JAX GatedAttn,1,1,0,695,20.532820044804826,13.67667119961305,0.0,False,,,,,,,
Distilled JAX GatedAttn,1,1,0,696,20.533556061674748,13.67706025103192,0.0,False,,,,,,,
Distilled JAX GatedAttn,1,1,0,697,20.53401607222723,13.677030271245703,0.0,False,,,,,,,
Distilled JAX GatedAttn,1,1,0,698,20.532219092558872,13.67690889806773,0.0,False,,,,,,,
Distilled JAX GatedAttn,1,1,0,699,20.532809227808645,13.67734459992194,0.0,False,,,,,,,
Distilled JAX GatedAttn,1,1,0,700,20.5333081705626,13.676865985283683,0.0,False,,,,,,,
Distilled JAX GatedAttn,1,1,0,701,20.532571358481544,13.676814315867974,0.0,False,,,,,,,
Distilled JAX GatedAttn,1,1,0,702,20.53166018763128,13.676631218036997,0.0,False,,,,,,,
Distilled JAX GatedAttn,1,1,0,703,20.533064927929956,13.677082048630488,0.0,False,,,,,,,
Distilled JAX GatedAttn,1,1,0,704,20.53313675291997,13.67678840565728,0.0,False,,,,,,,
Distilled JAX GatedAttn,1,1,0,705,20.532484509710052,13.676912855633589,0.0,False,,,,,,,
Distilled JAX GatedAttn,1,1,0,706,20.532274940856816,13.676950925178414,0.0,False,,,,,,,
Distilled JAX GatedAttn,1,1,0,707,20.532462381029223,13.676904458547217,0.0,False,,,,,,,
Distilled JAX GatedAttn,1,1,0,708,20.532079748444357,13.676810473990296,0.0,False,,,,,,,
Distilled JAX GatedAttn,1,1,0,709,20.53214315514368,13.676698134601631,0.0,False,,,,,,,
Distilled JAX GatedAttn,1,1,0,710,20.53236651254728,13.676858692031644,0.0,False,,,,,,,
Distilled JAX GatedAttn,1,1,0,711,20.532525435797307,13.676988440419262,0.0,False,,,,,,,
Distilled JAX GatedAttn,1,1,0,712,20.532800579748113,13.677114966155663,0.0,False,,,,,,,
Distilled JAX GatedAttn,1,1,0,713,20.53249185468868,13.67715443542985,0.0,False,,,,,,,
Distilled JAX GatedAttn,1,1,0,714,20.53222225247406,13.676891249161727,0.0,False,,,,,,,
Distilled JAX GatedAttn,1,1,0,715,20.532074085407597,13.676818943026303,0.0,False,,,,,,,
Distilled JAX GatedAttn,1,1,0,716,20.532231007833108,13.67668203904564,0.0,False,,,,,,,
Distilled JAX GatedAttn,1,1,0,717,20.532123010096065,13.676587956689255,0.0,False,,,,,,,
Distilled JAX GatedAttn,1,1,0,718,20.532167784883963,13.676491881789806,0.0,False,,,,,,,
Distilled JAX GatedAttn,1,1,0,719,20.53215731911236,13.676515141118488,0.0,False,,,,,,,
Distilled JAX GatedAttn,1,1,0,720,20.532265593800865,13.676708303000709,0.0,False,,,,,,,
Distilled JAX GatedAttn,1,1,0,721,20.53232811040612,13.676859164549894,0.0,False,,,,,,,
Distilled JAX GatedAttn,1,1,0,722,20.53243337505147,13.676880296714744,0.0,False,,,,,,,
Distilled JAX GatedAttn,1,1,0,723,20.532080545599776,13.67667152389051,0.0,False,,,,,,,
Distilled JAX GatedAttn,1,1,0,724,20.53216455379473,13.676548632826895,0.0,False,,,,,,,
Distilled JAX GatedAttn,1,1,0,725,20.532303736885723,13.676657256569282,0.0,False,,,,,,,
Distilled JAX GatedAttn,1,1,0,726,20.532901201936628,13.676768212840928,0.0,False,,,,,,,
Distilled JAX GatedAttn,1,1,0,727,20.532710966437705,13.676861164545024,0.0,False,,,,,,,
Distilled JAX GatedAttn,1,1,0,728,20.532425553603456,13.676626727546251,0.0,False,,,,,,,
Distilled JAX GatedAttn,1,1,0,729,20.53256347334724,13.676605964754245,0.0,False,,,,,,,
Distilled JAX GatedAttn,1,1,0,730,20.530326063838533,13.67836557328766,0.0,False,,,,,,,
Distilled JAX GatedAttn,1,1,0,731,20.53153227006107,13.676777588175272,0.0,False,,,,,,,
Distilled JAX GatedAttn,1,1,0,732,20.532424014930097,13.676732137526832,0.0,False,,,,,,,
Distilled JAX GatedAttn,1,1,0,733,20.532151569321176,13.676824886532833,0.0,False,,,,,,,
Distilled JAX GatedAttn,1,1,0,734,20.53121676102121,13.676994973218529,0.0,False,,,,,,,
Distilled JAX GatedAttn,1,1,0,735,20.53117503681282,13.676984375269884,0.0,False,,,,,,,
Distilled JAX GatedAttn,1,1,0,736,20.531511619130196,13.676880255637592,0.0,False,,,,,,,
Distilled JAX GatedAttn,1,1,0,737,20.53192467710392,13.677022070829931,0.0,False,,,,,,,
Distilled JAX GatedAttn,1,1,0,738,20.53180189586026,13.676995756181212,0.0,False,,,,,,,
Distilled JAX GatedAttn,1,1,0,739,20.531596897513328,13.677029208077489,0.0,False,,,,,,,
Distilled JAX GatedAttn,1,1,0,740,20.531477879619768,13.676948769424753,0.0,False,,,,,,,
Distilled JAX GatedAttn,1,1,0,741,20.531311793669815,13.676856671755672,0.0,False,,,,,,,
Distilled JAX GatedAttn,1,1,0,742,20.531607985272977,13.676701364069478,0.0,False,,,,,,,
Distilled JAX GatedAttn,1,1,0,743,20.53106303602223,13.67658452355906,0.0,False,,,,,,,
Distilled JAX GatedAttn,1,1,0,744,20.531350025936355,13.676701023840588,0.0,False,,,,,,,
Distilled JAX GatedAttn,1,1,0,745,20.531200249233585,13.676863984537398,0.0,False,,,,,,,
Distilled JAX GatedAttn,1,1,0,746,20.53150428015746,13.677013596749996,0.0,False,,,,,,,
Distilled JAX GatedAttn,1,1,0,747,20.531310019613286,13.67689908667418,0.0,False,,,,,,,
Distilled JAX GatedAttn,1,1,0,748,20.531292683451085,13.676802494412064,0.0,False,,,,,,,
Distilled JAX GatedAttn,1,1,0,749,20.531749239819597,13.676840851631075,0.0,False,,,,,,,
Distilled JAX GatedAttn,1,1,0,750,20.531821764994888,13.67677514014894,0.0,False,,,,,,,
Distilled JAX GatedAttn,1,1,0,751,20.53079105802687,13.67676177913746,0.0,False,,,,,,,
Distilled JAX GatedAttn,1,1,0,752,20.527728364183027,13.676446119883895,0.0,False,,,,,,,
Distilled JAX GatedAttn,1,1,0,753,20.529793802279915,13.67739477420013,0.0,False,,,,,,,
Distilled JAX GatedAttn,1,1,0,754,20.53085977206826,13.676769801984792,0.0,False,,,,,,,
Distilled JAX GatedAttn,1,1,0,755,20.530087206797557,13.676647358583493,0.0,False,,,,,,,
Distilled JAX GatedAttn,1,1,0,756,20.529721757569323,13.676552915666967,0.0,False,,,,,,,
Distilled JAX GatedAttn,1,1,0,757,20.52987112566184,13.676554218292049,0.0,False,,,,,,,
Distilled JAX GatedAttn,1,1,0,758,20.52987320962987,13.676537257899152,0.0,False,,,,,,,
Distilled JAX GatedAttn,1,1,0,759,20.53030543069051,13.67671297989823,0.0,False,,,,,,,
Distilled JAX GatedAttn,1,1,0,760,20.530274475204603,13.6766044328801,0.0,False,,,,,,,
Distilled JAX GatedAttn,1,1,0,761,20.530455595092835,13.676424987228994,0.0,False,,,,,,,
Distilled JAX GatedAttn,1,1,0,762,20.529775321707177,13.676444951149035,0.0,False,,,,,,,
Distilled JAX GatedAttn,1,1,0,763,20.52986374410737,13.676595691830707,0.0,False,,,,,,,
Distilled JAX GatedAttn,1,1,0,764,20.530571871697408,13.676311312159736,0.0,False,,,,,,,
Distilled JAX GatedAttn,1,1,0,765,20.52958756222811,13.676452844056962,0.0,False,,,,,,,
Distilled JAX GatedAttn,1,1,0,766,20.53026200660879,13.676462830074067,0.0,False,,,,,,,
Distilled JAX GatedAttn,1,1,0,767,20.529780323842232,13.676274722544246,0.0,False,,,,,,,
Distilled JAX GatedAttn,1,1,0,768,20.52997161968642,13.676656857496988,0.0,False,,,,,,,
Distilled JAX GatedAttn,1,1,0,769,20.529772838083947,13.676702678633966,0.0,False,,,,,,,
Distilled JAX GatedAttn,1,1,0,770,20.528549843814556,13.676595317365033,0.0,False,,,,,,,
Distilled JAX GatedAttn,1,1,0,771,20.52839252798836,13.67744562884502,0.0,False,,,,,,,
Distilled JAX GatedAttn,1,1,0,772,20.528220233711945,13.67731146056747,0.0,False,,,,,,,
Distilled JAX GatedAttn,1,1,0,773,20.526159642819465,13.676238038265078,0.0,False,,,,,,,
Distilled JAX GatedAttn,1,1,0,774,20.51650863053153,13.675975895581018,0.0,False,,,,,,,
Distilled JAX GatedAttn,1,1,0,775,20.504832672416097,13.677986159613624,0.0,False,,,,,,,
Distilled JAX GatedAttn,1,1,0,776,20.492175377839324,13.67953880183148,0.0,False,,,,,,,
Distilled JAX GatedAttn,1,1,0,777,20.47891204958802,13.67586153215134,0.0,False,,,,,,,
Distilled JAX GatedAttn,1,1,0,778,20.4623185885182,13.670223905821096,0.0,False,,,,,,,
Distilled JAX GatedAttn,1,1,0,779,20.438795740539742,13.66971513806769,0.0,False,,,,,,,
Distilled JAX GatedAttn,1,1,0,780,20.411472502953774,13.666311548941712,0.0,False,,,,,,,
Distilled JAX GatedAttn,1,1,0,781,20.380063290155068,13.660807070933716,0.0,False,,,,,,,
Distilled JAX GatedAttn,1,1,0,782,20.348612931744697,13.648456587892884,0.0,False,,,,,,,
Distilled JAX GatedAttn,1,1,0,783,20.333472545554276,13.627108819671326,0.0,False,,,,,,,
Distilled JAX GatedAttn,1,1,0,784,20.33282073492218,13.62247915990494,0.0,False,,,,,,,
Distilled JAX GatedAttn,1,1,0,785,20.32540336870391,13.631082033591348,0.0,False,,,,,,,
Distilled JAX GatedAttn,1,1,0,786,20.323356668486653,13.646652179076808,0.0,False,,,,,,,
Distilled JAX GatedAttn,1,1,0,787,20.32220431201748,13.661819787162466,0.0,False,,,,,,,
Distilled JAX GatedAttn,1,1,0,788,20.31038657737145,13.661440869169525,0.0,False,,,,,,,
Distilled JAX GatedAttn,1,1,0,789,20.29214084009913,13.655102894399612,0.0,False,,,,,,,
Distilled JAX GatedAttn,1,1,0,790,20.289539806683457,13.660757241472531,0.0,False,,,,,,,
Distilled JAX GatedAttn,1,1,0,791,20.28679315660952,13.670466385477654,0.0,False,,,,,,,
Distilled JAX GatedAttn,1,1,0,792,20.27952314724172,13.68001329943945,0.0,False,,,,,,,
Distilled JAX GatedAttn,1,1,0,793,20.27153074343668,13.689920455319143,0.0,False,,,,,,,
Distilled JAX GatedAttn,1,1,0,794,20.26168959381271,13.701879549517374,0.0,False,,,,,,,
Distilled JAX GatedAttn,1,1,0,795,20.249367861873147,13.717050705057405,0.0,False,,,,,,,
Distilled JAX GatedAttn,1,1,0,796,20.239468520068453,13.732533313475228,0.0,False,,,,,,,
Distilled JAX GatedAttn,1,1,0,797,20.2437697394917,13.737040672015992,0.0,False,,,,,,,
Distilled JAX GatedAttn,1,1,0,798,20.245637945251097,13.737380244957269,0.0,False,,,,,,,
Distilled JAX GatedAttn,1,1,0,799,20.24349035907367,13.731150968039554,0.0,False,,,,,,,
Distilled JAX GatedAttn,1,1,0,800,20.24321881971232,13.725545404627022,0.0,False,,,,,,,
Distilled JAX GatedAttn,1,1,0,801,20.243422415225833,13.723395200150923,0.0,False,,,,,,,
Distilled JAX GatedAttn,1,1,0,802,20.24462019117373,13.72660072400592,0.0,False,,,,,,,
Distilled JAX GatedAttn,1,1,0,803,20.242527712433336,13.730129453617389,0.0,False,,,,,,,
Distilled JAX GatedAttn,1,1,0,804,20.243338540486565,13.726676539060229,0.0,False,,,,,,,
Distilled JAX GatedAttn,1,1,0,805,20.246089399275245,13.723936425443124,0.0,False,,,,,,,
Distilled JAX GatedAttn,1,1,0,806,20.24777034270012,13.722249093736789,0.0,False,,,,,,,
Distilled JAX GatedAttn,1,1,0,807,20.24436993450917,13.72612261345662,0.0,False,,,,,,,
Distilled JAX GatedAttn,1,1,0,808,20.24295000790268,13.73033576731842,0.0,False,,,,,,,
Distilled JAX GatedAttn,1,1,0,809,20.243646965366697,13.727621851398892,0.0,False,,,,,,,
Distilled JAX GatedAttn,1,1,0,810,20.24507953411751,13.725139112507987,0.0,False,,,,,,,
Distilled JAX GatedAttn,1,1,0,811,20.24535424234116,13.726169229454376,0.0,False,,,,,,,
Distilled JAX GatedAttn,1,1,0,812,20.243349529898804,13.7276483021987,0.0,False,,,,,,,
Distilled JAX GatedAttn,1,1,0,813,20.24418841230357,13.727365739252118,0.0,False,,,,,,,
Distilled JAX GatedAttn,1,1,0,814,20.245110056835887,13.72759965887315,0.0,False,,,,,,,
Distilled JAX GatedAttn,1,1,0,815,20.245381224094736,13.72710259850722,0.0,False,,,,,,,
Distilled JAX GatedAttn,1,1,0,816,20.245617682879537,13.726420873719707,0.0,False,,,,,,,
Distilled JAX GatedAttn,1,1,0,817,20.245991472445308,13.726404585216205,0.0,False,,,,,,,
Distilled JAX GatedAttn,1,1,0,818,20.24642087176898,13.726374880865002,0.0,False,,,,,,,
Distilled JAX GatedAttn,1,1,0,819,20.247364156355054,13.727493275598384,0.0,False,,,,,,,
Distilled JAX GatedAttn,1,1,0,820,20.24711775461134,13.725603593882798,0.0,False,,,,,,,
Distilled JAX GatedAttn,1,1,0,821,20.24736433688072,13.727279905682224,0.0,False,,,,,,,
Distilled JAX GatedAttn,1,1,0,822,20.247313511704096,13.726389239880362,0.0,False,,,,,,,
Distilled JAX GatedAttn,1,1,0,823,20.247369716399493,13.727110279197476,0.0,False,,,,,,,
Distilled JAX GatedAttn,1,1,0,824,20.24716330606588,13.727755021624532,0.0,False,,,,,,,
Distilled JAX GatedAttn,1,1,0,825,20.24668905417857,13.728090723318177,0.0,False,,,,,,,
Distilled JAX GatedAttn,1,1,0,826,20.2466188450748,13.728828760377493,0.0,False,,,,,,,
Distilled JAX GatedAttn,1,1,0,827,20.24655568088748,13.728000967350052,0.0,False,,,,,,,
Distilled JAX GatedAttn,1,1,0,828,20.24788188223501,13.730593776984293,0.0,False,,,,,,,
Distilled JAX GatedAttn,1,1,0,829,20.246457272376855,13.728221012686785,0.0,False,,,,,,,
Distilled JAX GatedAttn,1,1,0,830,20.247313505837923,13.72951967357178,0.0,False,,,,,,,
Distilled JAX GatedAttn,1,1,0,831,20.246965680955455,13.728244074864156,0.0,False,,,,,,,
Distilled JAX GatedAttn,1,1,0,832,20.24792950798011,13.730051303427173,0.0,False,,,,,,,
Distilled JAX GatedAttn,1,1,0,833,20.24816248754641,13.72914055317893,0.0,False,,,,,,,
Distilled JAX GatedAttn,1,1,0,834,20.24923305967255,13.730573962126044,0.0,False,,,,,,,
Distilled JAX GatedAttn,1,1,0,835,20.249088341166424,13.727896392852008,0.0,False,,,,,,,
Distilled JAX GatedAttn,1,1,0,836,20.250038053427648,13.730557684512933,0.0,False,,,,,,,
Distilled JAX GatedAttn,1,1,0,837,20.251605993571253,13.732750454736092,0.0,False,,,,,,,
Distilled JAX GatedAttn,1,1,0,838,20.25120182872428,13.728828689897243,0.0,False,,,,,,,
Distilled JAX GatedAttn,1,1,0,839,20.25223436170068,13.728041004914845,0.0,False,,,,,,,
Distilled JAX GatedAttn,1,1,0,840,20.25265282231092,13.727171913955596,0.0,False,,,,,,,
Distilled JAX GatedAttn,1,1,0,841,20.251929532300487,13.72920019404947,0.0,False,,,,,,,
Distilled JAX GatedAttn,1,1,0,842,20.252485930063436,13.731383605629732,0.0,False,,,,,,,
Distilled JAX GatedAttn,1,1,0,843,20.2516769219604,13.728923439457375,0.0,False,,,,,,,
Distilled JAX GatedAttn,1,1,0,844,20.25294340363217,13.72952978482067,0.0,False,,,,,,,
Distilled JAX GatedAttn,1,1,0,845,20.250877734502765,13.730867313913308,0.0,False,,,,,,,
Distilled JAX GatedAttn,1,1,0,846,20.253280355829297,13.732335722201,0.0,False,,,,,,,
Distilled JAX GatedAttn,1,1,0,847,20.253349939805855,13.729897141819077,0.0,False,,,,,,,
Distilled JAX GatedAttn,1,1,0,848,20.253656762604987,13.730923950881197,0.0,False,,,,,,,
Distilled JAX GatedAttn,1,1,0,849,20.25417330356296,13.7299167381994,0.0,False,,,,,,,
Distilled JAX GatedAttn,1,1,0,850,20.25681225332671,13.727450244393992,0.0,False,,,,,,,
Distilled JAX GatedAttn,1,1,0,851,20.258417096548857,13.726446063545763,0.0,False,,,,,,,
Distilled JAX GatedAttn,1,1,0,852,20.258181824840616,13.727640612390696,0.0,False,,,,,,,
Distilled JAX GatedAttn,1,1,0,853,20.25531709807912,13.729642448617197,0.0,False,,,,,,,
Distilled JAX GatedAttn,1,1,0,854,20.25463694216552,13.731280961272027,0.0,False,,,,,,,
Distilled JAX GatedAttn,1,1,0,855,20.255801523332376,13.731741668177548,0.0,False,,,,,,,
Distilled JAX GatedAttn,1,1,0,856,20.255923972788732,13.731240514650183,0.0,False,,,,,,,
Distilled JAX GatedAttn,1,1,0,857,20.255981374149975,13.729717499757424,0.0,False,,,,,,,
Distilled JAX GatedAttn,1,1,0,858,20.25669739455801,13.730809522885563,0.0,False,,,,,,,
Distilled JAX GatedAttn,1,1,0,859,20.256882621714,13.729969431538263,0.0,False,,,,,,,
Distilled JAX GatedAttn,1,1,0,860,20.257876709996452,13.728559382384898,0.0,False,,,,,,,
Distilled JAX GatedAttn,1,1,0,861,20.258037486808504,13.72987587154214,0.0,False,,,,,,,
Distilled JAX GatedAttn,1,1,0,862,20.257747776570778,13.733192384314233,0.0,False,,,,,,,
Distilled JAX GatedAttn,1,1,0,863,20.25775463358803,13.734146985327015,0.0,False,,,,,,,
Distilled JAX GatedAttn,1,1,0,864,20.257639267705017,13.72999066441,0.0,False,,,,,,,
Distilled JAX GatedAttn,1,1,0,865,20.256750790887985,13.731348504857769,0.0,False,,,,,,,
Distilled JAX GatedAttn,1,1,0,866,20.25801019679891,13.730167922422917,0.0,False,,,,,,,
Distilled JAX GatedAttn,1,1,0,867,20.25774744148689,13.730237654545402,0.0,False,,,,,,,
Distilled JAX GatedAttn,1,1,0,868,20.258230176777783,13.730036297674587,0.0,False,,,,,,,
Distilled JAX GatedAttn,1,1,0,869,20.259757184400137,13.728976130454576,0.0,False,,,,,,,
Distilled JAX GatedAttn,1,1,0,870,20.259627570161346,13.727947280980551,0.0,False,,,,,,,
Distilled JAX GatedAttn,1,1,0,871,20.25899086230955,13.728955296228,0.0,False,,,,,,,
Distilled JAX GatedAttn,1,1,0,872,20.2585097280692,13.73042964904565,0.0,False,,,,,,,
Distilled JAX GatedAttn,1,1,0,873,20.258377022684705,13.730525465356193,0.0,False,,,,,,,
Distilled JAX GatedAttn,1,1,0,874,20.259947811608633,13.732766823299183,0.0,False,,,,,,,
Distilled JAX GatedAttn,1,1,0,875,20.26015219428282,13.730753433321642,0.0,False,,,,,,,
Distilled JAX GatedAttn,1,1,0,876,20.26448661039024,13.727481468264084,0.0,False,,,,,,,
Distilled JAX GatedAttn,1,1,0,877,20.267258009463944,13.723408370618984,0.0,False,,,,,,,
Distilled JAX GatedAttn,1,1,0,878,20.269751141168733,13.720817148842803,0.0,False,,,,,,,
Distilled JAX GatedAttn,1,1,0,879,20.2696313488767,13.72221122667478,0.0,False,,,,,,,
Distilled JAX GatedAttn,1,1,0,880,20.26483124711732,13.727703763598589,0.0,False,,,,,,,
Distilled JAX GatedAttn,1,1,0,881,20.26138604445095,13.735826774554914,0.0,False,,,,,,,
Distilled JAX GatedAttn,1,1,0,882,20.262575047419748,13.738424114910964,0.0,False,,,,,,,
Distilled JAX GatedAttn,1,1,0,883,20.261416327205943,13.730864676980415,0.0,False,,,,,,,
Distilled JAX GatedAttn,1,1,0,884,20.26259033481055,13.729128467565609,0.0,False,,,,,,,
Distilled JAX GatedAttn,1,1,0,885,20.262624632141097,13.728766817355192,0.0,False,,,,,,,
Distilled JAX GatedAttn,1,1,0,886,20.262749557746965,13.728419023161312,0.0,False,,,,,,,
Distilled JAX GatedAttn,1,1,0,887,20.26129905798876,13.730554269853746,0.0,False,,,,,,,
Distilled JAX GatedAttn,1,1,0,888,20.261188554971625,13.730554501567855,0.0,False,,,,,,,
Distilled JAX GatedAttn,1,1,0,889,20.261226984136577,13.730941940278992,0.0,False,,,,,,,
Distilled JAX GatedAttn,1,1,0,890,20.261145861293848,13.73222086259891,0.0,False,,,,,,,
Distilled JAX GatedAttn,1,1,0,891,20.261220173598755,13.731586454160936,0.0,False,,,,,,,
Distilled JAX GatedAttn,1,1,0,892,20.26111750478389,13.731741298047504,0.0,False,,,,,,,
Distilled JAX GatedAttn,1,1,0,893,20.26202285252597,13.731190412822713,0.0,False,,,,,,,
Distilled JAX GatedAttn,1,1,0,894,20.26296561145008,13.73224737499008,0.0,False,,,,,,,
Distilled JAX GatedAttn,1,1,0,895,20.264954830336357,13.729251197676652,0.0,False,,,,,,,
Distilled JAX GatedAttn,1,1,0,896,20.267660312645607,13.72800348977488,0.0,False,,,,,,,
Distilled JAX GatedAttn,1,1,0,897,20.26817617625396,13.72841524611806,0.0,False,,,,,,,
Distilled JAX GatedAttn,1,1,0,898,20.266371009970342,13.73018524787743,0.0,False,,,,,,,
Distilled JAX GatedAttn,1,1,0,899,20.263728238372533,13.73225236353468,0.0,False,,,,,,,
Distilled JAX GatedAttn,1,1,0,900,20.264603356300377,13.732666875921218,0.0,False,,,,,,,
Distilled JAX GatedAttn,1,1,0,901,20.263992590666835,13.731888156736655,0.0,False,,,,,,,
Distilled JAX GatedAttn,1,1,0,902,20.26310609915688,13.731447073486406,0.0,False,,,,,,,
Distilled JAX GatedAttn,1,1,0,903,20.263835801927975,13.73226408920881,0.0,False,,,,,,,
Distilled JAX GatedAttn,1,1,0,904,20.264466851325363,13.732168790765805,0.0,False,,,,,,,
Distilled JAX GatedAttn,1,1,0,905,20.264519761684856,13.731599258774343,0.0,False,,,,,,,
Distilled JAX GatedAttn,1,1,0,906,20.264400154005003,13.731044609685275,0.0,False,,,,,,,
Distilled JAX GatedAttn,1,1,0,907,20.26472942285548,13.731479965093488,0.0,False,,,,,,,
Distilled JAX GatedAttn,1,1,0,908,20.264729390232304,13.731459005800088,0.0,False,,,,,,,
Distilled JAX GatedAttn,1,1,0,909,20.26522382758877,13.73298247366485,0.0,False,,,,,,,
Distilled JAX GatedAttn,1,1,0,910,20.26481167102739,13.731091078218348,0.0,False,,,,,,,
Distilled JAX GatedAttn,1,1,0,911,20.26552656681868,13.732154568960604,0.0,False,,,,,,,
Distilled JAX GatedAttn,1,1,0,912,20.264833608158323,13.733854053322087,0.0,False,,,,,,,
Distilled JAX GatedAttn,1,1,0,913,20.268095227014687,13.735437127186476,0.0,False,,,,,,,
Distilled JAX GatedAttn,1,1,0,914,20.267210708226937,13.731490057079036,0.0,False,,,,,,,
Distilled JAX GatedAttn,1,1,0,915,20.268676014810275,13.730324405350077,0.0,False,,,,,,,
Distilled JAX GatedAttn,1,1,0,916,20.27064276621572,13.72907852008861,0.0,False,,,,,,,
Distilled JAX GatedAttn,1,1,0,917,20.270232446006784,13.729383312578037,0.0,False,,,,,,,
Distilled JAX GatedAttn,1,1,0,918,20.267923834756576,13.731268121520234,0.0,False,,,,,,,
Distilled JAX GatedAttn,1,1,0,919,20.266789214356404,13.732789106830603,0.0,False,,,,,,,
Distilled JAX GatedAttn,1,1,0,920,20.267165316868063,13.732042859144096,0.0,False,,,,,,,
Distilled JAX GatedAttn,1,1,0,921,20.267247054187425,13.734557200985044,0.0,False,,,,,,,
Distilled JAX GatedAttn,1,1,0,922,20.268641359709775,13.736091454801382,0.0,False,,,,,,,
Distilled JAX GatedAttn,1,1,0,923,20.268421754370532,13.73219670402706,0.0,False,,,,,,,
Distilled JAX GatedAttn,1,1,0,924,20.268717326724293,13.732952940844184,0.0,False,,,,,,,
Distilled JAX GatedAttn,1,1,0,925,20.268129216706033,13.732700522437304,0.0,False,,,,,,,
Distilled JAX GatedAttn,1,1,0,926,20.26818038463817,13.733702719812907,0.0,False,,,,,,,
Distilled JAX GatedAttn,1,1,0,927,20.26793628308827,13.733322641154702,0.0,False,,,,,,,
Distilled JAX GatedAttn,1,1,0,928,20.268831105114852,13.73692360213409,0.0,False,,,,,,,
Distilled JAX GatedAttn,1,1,0,929,20.268061908106723,13.734009573487986,0.0,False,,,,,,,
Distilled JAX GatedAttn,1,1,0,930,20.26896410906321,13.733961045602642,0.0,False,,,,,,,
Distilled JAX GatedAttn,1,1,0,931,20.270212771273975,13.733952376500342,0.0,False,,,,,,,
Distilled JAX GatedAttn,1,1,0,932,20.273815807581173,13.730234431532706,0.0,False,,,,,,,
Distilled JAX GatedAttn,1,1,0,933,20.275471812784744,13.728031041275834,0.0,False,,,,,,,
Distilled JAX GatedAttn,1,1,0,934,20.275281897455983,13.72838551172893,0.0,False,,,,,,,
Distilled JAX GatedAttn,1,1,0,935,20.272244805519268,13.732086052010596,0.0,False,,,,,,,
Distilled JAX GatedAttn,1,1,0,936,20.27028021990811,13.7389007769628,0.0,False,,,,,,,
Distilled JAX GatedAttn,1,1,0,937,20.27509123672481,13.738249575730078,0.0,False,,,,,,,
Distilled JAX GatedAttn,1,1,0,938,20.275601583631012,13.731948279444072,0.0,False,,,,,,,
Distilled JAX GatedAttn,1,1,0,939,20.27736331760144,13.728616887741596,0.0,False,,,,,,,
Distilled JAX GatedAttn,1,1,0,940,20.27717537543471,13.72902241301322,0.0,False,,,,,,,
Distilled JAX GatedAttn,1,1,0,941,20.27304559239388,13.734202086430743,0.0,False,,,,,,,
Distilled JAX GatedAttn,1,1,0,942,20.272588292129612,13.737618707847762,0.0,False,,,,,,,
Distilled JAX GatedAttn,1,1,0,943,20.273922751815647,13.732676439419864,0.0,False,,,,,,,
Distilled JAX GatedAttn,1,1,0,944,20.27628842181457,13.730710120761437,0.0,False,,,,,,,
Distilled JAX GatedAttn,1,1,0,945,20.27690408997408,13.729758849548832,0.0,False,,,,,,,
Distilled JAX GatedAttn,1,1,0,946,20.276766531078376,13.72949386642659,0.0,False,,,,,,,
Distilled JAX GatedAttn,1,1,0,947,20.274580250830756,13.73225291055494,0.0,False,,,,,,,
Distilled JAX GatedAttn,1,1,0,948,20.273799768156863,13.738838084477155,0.0,False,,,,,,,
Distilled JAX GatedAttn,1,1,0,949,20.277493478671328,13.741404249996895,0.0,False,,,,,,,
Distilled JAX GatedAttn,1,1,0,950,20.276214563155804,13.737030456810649,0.0,False,,,,,,,
Distilled JAX GatedAttn,1,1,0,951,20.278716577670572,13.730531586026023,0.0,False,,,,,,,
Distilled JAX GatedAttn,1,1,0,952,20.284796319507887,13.725018738834324,0.0,False,,,,,,,
Distilled JAX GatedAttn,1,1,0,953,20.288964291619177,13.72143492518132,0.0,False,,,,,,,
Distilled JAX GatedAttn,1,1,0,954,20.291786898264167,13.718376399777704,0.0,False,,,,,,,
Distilled JAX GatedAttn,1,1,0,955,20.292916494468525,13.717981254030054,0.0,False,,,,,,,
Distilled JAX GatedAttn,1,1,0,956,20.290880035211977,13.721138159720356,0.0,False,,,,,,,
Distilled JAX GatedAttn,1,1,0,957,20.285699926289904,13.727225204184638,0.0,False,,,,,,,
Distilled JAX GatedAttn,1,1,0,958,20.277587009430707,13.735688050190404,0.0,False,,,,,,,
Distilled JAX GatedAttn,1,1,0,959,20.276313865929115,13.734977228178796,0.0,False,,,,,,,
Distilled JAX GatedAttn,1,1,0,960,20.276802733309086,13.734897004448891,0.0,False,,,,,,,
Distilled JAX GatedAttn,1,1,0,961,20.27734550494584,13.734597470743292,0.0,False,,,,,,,
Distilled JAX GatedAttn,1,1,0,962,20.278117318726675,13.734575773259053,0.0,False,,,,,,,
Distilled JAX GatedAttn,1,1,0,963,20.27821689649724,13.734149433028552,0.0,False,,,,,,,
Distilled JAX GatedAttn,1,1,0,964,20.28190826857426,13.730565308687662,0.0,False,,,,,,,
Distilled JAX GatedAttn,1,1,0,965,20.283849292079413,13.728363707085489,0.0,False,,,,,,,
Distilled JAX GatedAttn,1,1,0,966,20.28426896585255,13.730831035142536,0.0,False,,,,,,,
Distilled JAX GatedAttn,1,1,0,967,20.28000695555503,13.734210686743918,0.0,False,,,,,,,
Distilled JAX GatedAttn,1,1,0,968,20.279713787776664,13.736745899954917,0.0,False,,,,,,,
Distilled JAX GatedAttn,1,1,0,969,20.28000511344957,13.73388820863345,0.0,False,,,,,,,
Distilled JAX GatedAttn,1,1,0,970,20.28010870218783,13.734384267096654,0.0,False,,,,,,,
Distilled JAX GatedAttn,1,1,0,971,20.279792077085137,13.734705794714,0.0,False,,,,,,,
Distilled JAX GatedAttn,1,1,0,972,20.27990538126764,13.73497521979199,0.0,False,,,,,,,
Distilled JAX GatedAttn,1,1,0,973,20.279772090290077,13.73447836902078,0.0,False,,,,,,,
Distilled JAX GatedAttn,1,1,0,974,20.27964960998717,13.734632331834186,0.0,False,,,,,,,
Distilled JAX GatedAttn,1,1,0,975,20.279709733165845,13.734760852322475,0.0,False,,,,,,,
Distilled JAX GatedAttn,1,1,0,976,20.280146914649603,13.733794519798414,0.0,False,,,,,,,
Distilled JAX GatedAttn,1,1,0,977,20.279468770855978,13.733747079648888,0.0,False,,,,,,,
Distilled JAX GatedAttn,1,1,0,978,20.279375147299064,13.733683185124535,0.0,False,,,,,,,
Distilled JAX GatedAttn,1,1,0,979,20.279987035935548,13.735499091420582,0.0,False,,,,,,,
Distilled JAX GatedAttn,1,1,0,980,20.280356944743257,13.733753375894956,0.0,False,,,,,,,
Distilled JAX GatedAttn,1,1,0,981,20.281580394285836,13.733386014483283,0.0,False,,,,,,,
Distilled JAX GatedAttn,1,1,0,982,20.280708250969603,13.73435891967737,0.0,False,,,,,,,
Distilled JAX GatedAttn,1,1,0,983,20.28105463156632,13.73507042933814,0.0,False,,,,,,,
Distilled JAX GatedAttn,1,1,0,984,20.281175656518236,13.7346896097837,0.0,False,,,,,,,
Distilled JAX GatedAttn,1,1,0,985,20.282685359851293,13.737824979198429,0.0,False,,,,,,,
Distilled JAX GatedAttn,1,1,0,986,20.281829419781065,13.736117873805885,0.0,False,,,,,,,
Distilled JAX GatedAttn,1,1,0,987,20.28211427520008,13.73343483980749,0.0,False,,,,,,,
Distilled JAX GatedAttn,1,1,0,988,20.282303933362257,13.735938975962606,0.0,False,,,,,,,
Distilled JAX GatedAttn,1,1,0,989,20.282355715329803,13.73635238215716,0.0,False,,,,,,,
Distilled JAX GatedAttn,1,1,0,990,20.284291922596093,13.734295117710571,0.0,False,,,,,,,
Distilled JAX GatedAttn,1,1,0,991,20.28485130072453,13.733588847107129,0.0,False,,,,,,,
Distilled JAX GatedAttn,1,1,0,992,20.282782950261183,13.73516004433027,0.0,False,,,,,,,
Distilled JAX GatedAttn,1,1,0,993,20.28260133953997,13.73595880813793,0.0,False,,,,,,,
Distilled JAX GatedAttn,1,1,0,994,20.283066117460887,13.73599551632326,0.0,False,,,,,,,
Distilled JAX GatedAttn,1,1,0,995,20.283147819519836,13.735709416454329,0.0,False,,,,,,,
Distilled JAX GatedAttn,1,1,0,996,20.28293223026678,13.735604912848707,0.0,False,,,,,,,
Distilled JAX GatedAttn,1,1,0,997,20.282649929929715,13.734682589640904,0.0,False,,,,,,,
Distilled JAX GatedAttn,1,1,0,998,20.28354315098667,13.73667727508966,0.0,False,,,,,,,
Distilled JAX GatedAttn,1,1,0,999,20.283554568903543,13.7364343693106,0.0,False,,,,,,,
Distilled JAX GatedAttn,1,1,0,1000,20.283214859772738,13.734676366533474,0.0,True,,,,,,,
1. Dijkstra + Enhanced Sequence Attention,1,1,0,0,0.886654889705156,-0.16020016721809482,0.0,False,0.7058505108182973,0.06586735453760015,-0.01318258103784524,0.06717357245674277,0.0,[],0.0
1. Dijkstra + Enhanced Sequence Attention,1,1,0,1,0.8969758023601465,-0.17009351583391547,0.0,False,0.685574408766076,0.11320571964153427,-0.1482970473391328,0.18656781396870858,1.263725757598877,"[0.5447717905044556, -0.17529751360416412, -0.04275897145271301, 0.24398672580718994, 0.16130802035331726, -0.7720491290092468, -0.7238864302635193, 0.24909384548664093]",503.5063329851255
1. Dijkstra + Enhanced Sequence Attention,1,1,0,2,0.8976973437572975,-0.1930142064789568,0.0,False,0.5678090703784265,-0.25412745762060546,-0.2557999253795068,0.3605750498036073,1.7250888347625732,"[0.6511253714561462, -0.6506929397583008, 0.27512872219085693, -0.2006244957447052, -0.9104685187339783, -0.3114270269870758, -0.7496207356452942, 0.7243956327438354]",3.6834999918937683
1. Dijkstra + Enhanced Sequence Attention,1,1,0,3,0.8220910156953943,-0.24008063402939386,0.0,False,0.590519569845258,-0.8232534581710503,-0.4256076961255467,0.9267621957071237,1.6457250118255615,"[0.7304611802101135, -0.268443763256073, -0.8161008954048157, 0.3671413064002991, 0.1876251995563507, -0.4890572130680084, -0.9950429797172546, 0.19357435405254364]",3.648041980341077
1. Dijkstra + Enhanced Sequence Attention,1,1,0,4,0.7613854287295103,-0.2533914961686395,0.0,False,0.611063529602685,-0.32566993332763877,0.5718532796563021,0.6580859206268567,1.9858816862106323,"[-0.8814969062805176, -0.907268762588501, -0.217697411775589, -0.3671942353248596, -0.01226058043539524, 1.0, 0.9686568975448608, -0.47210460901260376]",4.185332916676998
1. Dijkstra + Enhanced Sequence Attention,1,1,0,5,0.7399848383747012,-0.16213290842307265,0.0,False,0.6949858062133187,-0.10952934967724597,1.109079228164029,1.114474500733704,1.7199581861495972,"[-1.0, 0.03422337770462036, -0.03173406422138214, -0.19598063826560974, 0.3610396981239319, 1.0, 0.8853217959403992, -0.05937260389328003]",3.215292003005743
1. Dijkstra + Enhanced Sequence Attention,1,1,0,6,0.7301742207147924,-0.048537152868580395,0.0,False,0.726140258157641,-0.06471002720883366,1.0700805171778376,1.072035307657801,1.075016736984253,"[0.003815591335296631, 0.07948830723762512, -0.02179713547229767, -0.8234202861785889, 0.30480432510375977, 0.1828313171863556, 0.5341255068778992, 0.24332870543003082]",3.7672079633921385
1. Dijkstra + Enhanced Sequence Attention,1,1,0,7,0.7204553185931236,0.045082469974729734,0.0,False,0.6713058529906072,-0.14820710266719433,0.8744235942480925,0.8868945638906335,2.4045474529266357,"[1.0, -0.18946440517902374, 1.0, -1.0, -0.6791045665740967, -0.9458950161933899, -0.6245406270027161, 1.0]",3.4693749621510506
1. Dijkstra + Enhanced Sequence Attention,1,1,0,8,0.6838955772251377,0.13745315451033382,0.0,False,0.5707000341425738,-0.8121664202929366,0.7877437603368423,1.1314391394154046,1.8762139081954956,"[0.9219236373901367, -0.6012310981750488, 0.047869905829429626, -0.816017746925354, -0.41901451349258423, -0.44844701886177063, -0.8002597689628601, 0.7896116375923157]",3.6010410403832793
1. Dijkstra + Enhanced Sequence Attention,1,1,0,9,0.5704652403418771,0.1482063468166437,0.0,False,0.5259868847847733,-1.5060090175632255,-0.4389625204528697,1.5686781873106057,1.4800302982330322,"[0.7016300559043884, -0.08909422159194946, 0.46696898341178894, -0.7839215993881226, -0.2273167371749878, -0.5725507736206055, -0.5385169386863708, 0.4338046908378601]",3.5325830103829503
1. Dijkstra + Enhanced Sequence Attention,1,1,0,10,0.40032641751750525,0.10762684085743898,0.0,False,0.5501840469531007,-1.7367619866565984,-0.23300401647742827,1.7523221935448938,1.1699025630950928,"[0.30808544158935547, -0.6760855913162231, 0.33751916885375977, 0.055973947048187256, -0.6974231004714966, -0.03424207121133804, 0.03983715921640396, 0.45875120162963867]",3.764582914300263
1. Dijkstra + Enhanced Sequence Attention,1,1,0,11,0.2433026315829322,0.11337729501045102,0.0,False,0.5004192585269854,-1.4616952980324547,0.19973952739154385,1.4752793034177576,1.7861133813858032,"[-0.7484037280082703, -0.7151134014129639, -0.18166321516036987, -0.39031803607940674, -0.0848250761628151, 0.8146043419837952, 0.6821810603141785, -0.8928660154342651]",3.4499589819461107
1. Dijkstra + Enhanced Sequence Attention,1,1,0,12,0.1789675066795446,0.1919916758649697,0.0,False,0.49377987566943715,0.024052916197173205,1.3369852879670343,1.3372016313996486,2.380403995513916,"[-0.9645840525627136, -0.8374290466308594, -0.7056300044059753, -0.8778998255729675, 0.8723915219306946, 0.7888789176940918, 0.9046091437339783, -0.7511837482452393]",3.6017500096932054
1. Dijkstra + Enhanced Sequence Attention,1,1,0,13,0.17476629699573298,0.3382473538569878,0.0,False,0.511566843136037,-0.13242066459575566,1.6551973559722502,1.6604859287658866,2.0758814811706543,"[-0.8495809435844421, -0.8009313344955444, -0.8765133023262024, -0.7886547446250916, 0.6377487778663635, 0.38416948914527893, 0.8293457627296448, -0.5600264072418213]",3.293000045232475
1. Dijkstra + Enhanced Sequence Attention,1,1,0,14,0.17059754719167092,0.5261030571454035,0.0,False,0.597049182116938,-0.13510801707435435,1.941237086651277,1.945933093111914,1.268084168434143,"[-0.3848380446434021, -0.48429009318351746, 0.012747541069984436, -0.5277230739593506, -0.23808686435222626, 0.7713173031806946, 0.5429690480232239, 0.01774775981903076]",3.5134999779984355
1. Dijkstra + Enhanced Sequence Attention,1,1,0,15,0.1493124751980548,0.7042968938344123,0.0,False,0.641402124328246,-0.3039247154283277,1.6783016268998145,1.705598599759848,1.7491774559020996,"[0.2704191505908966, -0.47668367624282837, 0.9367944002151489, -0.7461562752723694, -0.8272421956062317, -0.2594743072986603, 0.05712974816560745, 0.7549930810928345]",4.06766589730978
1. Dijkstra + Enhanced Sequence Attention,1,1,0,16,0.10455583444151953,0.8643958425970073,0.0,False,0.5935860712209097,-0.5923770556272071,1.532757025652771,1.6432451660423313,2.0101253986358643,"[0.7547262907028198, -0.5092268586158752, 0.7907206416130066, -1.0, -0.8519090414047241, -0.6449725031852722, -0.4484784007072449, 0.4935285151004791]",3.6555411061272025
1. Dijkstra + Enhanced Sequence Attention,1,1,0,17,0.027616636110829727,0.9860787866043516,0.0,False,0.49209242567585715,-1.295298781136321,0.6619858708543345,1.454656050626405,1.9161701202392578,"[0.6358023881912231, -0.6010050773620605, 0.8849514126777649, -0.5627007484436035, -0.5727928280830383, -0.6956298351287842, -0.9775280356407166, -0.1973106861114502]",3.409166936762631
1. Dijkstra + Enhanced Sequence Attention,1,1,0,18,-0.15182061988061896,1.0448717434993182,0.0,False,0.556857374701746,-1.919204609781672,0.7473856126321219,2.0595950058632186,2.157036781311035,"[0.8556669354438782, -0.690598726272583, 0.9014805555343628, -0.7701282501220703, -0.746792197227478, -0.651806652545929, -0.4912465214729309, 0.9022620320320129]",3.7246670108288527
1. Dijkstra + Enhanced Sequence Attention,1,1,0,19,-0.3261018530641214,1.1424907485243838,0.0,False,0.6034873011320887,-1.5901327143080313,1.0472640769640982,1.9040178822721419,1.682639241218567,"[-0.19854825735092163, -0.7666281461715698, 0.5840022563934326, 0.9189500212669373, -0.46098220348358154, -0.4836147129535675, 0.2805875539779663, 0.7024884223937988]",4.304957925342023
1. Dijkstra + Enhanced Sequence Attention,1,1,0,20,-0.4736897431054012,1.2529937772508843,0.0,False,0.560130144703808,-1.2967555152446528,1.1930224995546044,1.762066273089903,1.4987330436706543,"[-0.794064998626709, -0.5605955719947815, -0.34415826201438904, -0.3719828426837921, -0.018713796511292458, 0.6844350695610046, 0.5191599130630493, -0.553398072719574]",3.536792006343603
1. Dijkstra + Enhanced Sequence Attention,1,1,0,21,-0.5756800077852708,1.3940764446381326,0.0,False,0.4833842794882372,-0.4317608094319545,1.9142991120298867,1.9623859169082287,2.304285764694214,"[-0.829866886138916, -0.8164496421813965, -0.8547338247299194, -0.7688429355621338, 0.699299693107605, 0.8755511045455933, 0.8738910555839539, -0.7832491397857666]",3.686166019178927
1. Dijkstra + Enhanced Sequence Attention,1,1,0,22,-0.5985513541162628,1.6111075028429014,0.0,False,0.5795716109220774,-0.2492147438130804,2.384615945104276,2.3976032186705494,1.6607404947280884,"[-0.7088119387626648, -0.7282544374465942, -0.6178403496742249, -0.2996772825717926, 0.19434265792369843, 0.6880003809928894, 0.7415031790733337, -0.43910878896713257]",3.7695830687880516
1. Dijkstra + Enhanced Sequence Attention,1,1,0,23,-0.6345428433382105,1.8427847234391725,0.0,False,0.6454232110902441,-0.45809708589040266,2.1580531473715743,2.206138329067703,2.209275722503662,"[0.8154939413070679, -0.6977364420890808, 1.0, -0.5577505230903625, -1.0, -0.048871465027332306, -0.6446381211280823, 1.0]",3.6157499998807907
1. Dijkstra + Enhanced Sequence Attention,1,1,0,24,-0.6941156819519761,2.049838103784551,0.0,False,0.6233267446221715,-0.783811319917271,1.94462086188954,2.0966426690608184,2.0788943767547607,"[0.8262361884117126, -0.4499742388725281, 0.7929362058639526, -0.7784003019332886, -0.8160008788108826, -0.8032066822052002, -0.5228446125984192, 0.7859001159667969]",3.406750038266182
1. Dijkstra + Enhanced Sequence Attention,1,1,0,25,-0.7852886967338523,2.244600214538894,0.0,False,0.520849225970454,-1.0519642300961756,1.9640000055382207,2.227986706234122,2.2189135551452637,"[0.8099033236503601, -0.2917711138725281, 0.8676407933235168, -1.0, -0.6302370429039001, -0.9844384789466858, -0.6427229046821594, 0.8064074516296387]",3.6310000577941537
1. Dijkstra + Enhanced Sequence Attention,1,1,0,26,-0.9345556956519747,2.394000320638504,0.0,False,0.5075100022550214,-1.650871934812986,1.1099176121855765,1.9892951643717691,2.5202057361602783,"[0.9642454981803894, -0.6898102760314941, 1.0, -1.0, -0.8037484884262085, -1.0, -1.0, 0.5475555658340454]",4.507332923822105
1. Dijkstra + Enhanced Sequence Attention,1,1,0,27,-1.07994316147139,2.5186638074318055,0.0,False,0.49278282451973116,-0.7968671378496541,1.0348050664032293,1.3060699678189112,1.2331905364990234,"[-0.6873974204063416, -0.3146970868110657, -0.218105286359787, -0.07098719477653503, 0.003317028284072876, -0.0759849026799202, 0.807817280292511, -0.4881054759025574]",3.7452499382197857
1. Dijkstra + Enhanced Sequence Attention,1,1,0,28,-1.0875682248721696,2.6345773272648083,0.0,False,0.5963949734667358,0.15099872386270902,1.171789406742633,1.1814783232723396,2.0160861015319824,"[-0.9454708099365234, -0.7095152139663696, 0.5342126488685608, -0.5281672477722168, 0.7828043699264526, 0.47652825713157654, 0.8511900305747986, -0.7338570356369019]",3.3947909250855446
1. Dijkstra + Enhanced Sequence Attention,1,1,0,29,-1.065971151536469,2.7510178905397784,0.0,False,0.6252125385606554,0.2702912595221462,1.1310929797763314,1.1629396776588925,1.6849746704101562,"[-0.8130833506584167, -0.7177829742431641, -0.24454057216644287, -0.669741153717041, 0.5948988199234009, 0.4901798665523529, 0.7451905608177185, -0.07056546211242676]",3.717583022080362
1. Dijkstra + Enhanced Sequence Attention,1,1,0,30,-1.0491251194317903,2.871929097939808,0.0,False,0.5550826649599847,0.1489354066528108,1.2658381372482952,1.2745697097715258,1.955464482307434,"[0.7645350098609924, -0.8891845941543579, -0.10063827037811279, 0.9418442845344543, -0.3179117441177368, 0.7967057228088379, -0.4834943413734436, 0.7628270387649536]",3.242500009946525
1. Dijkstra + Enhanced Sequence Attention,1,1,0,31,-1.0249272102402187,3.0308852398628314,0.0,False,0.574438967295905,0.33877758464943963,1.741329916288163,1.773978615773327,2.620820999145508,"[0.9648976922035217, -0.9501577615737915, -0.9831005930900574, 1.0, -1.0, 1.0, -1.0, -0.26151150465011597]",3.656832966953516
1. Dijkstra + Enhanced Sequence Attention,1,1,0,32,-1.0027362992506217,3.192022335788101,0.0,False,0.6667275098222086,0.10157439762927646,1.4755127267744792,1.4790047887438396,1.6972607374191284,"[0.7186980843544006, -0.011533409357070923, 0.5399340391159058, -0.2834392189979553, -0.8077539801597595, 0.9962446093559265, -0.5837957262992859, -0.07987725734710693]",3.745957976207137
1. Dijkstra + Enhanced Sequence Attention,1,1,0,33,-0.9927106591648853,3.319220199344709,0.0,False,0.6662241890349929,0.350943365015023,1.1164747356154556,1.1703320386606826,1.7268446683883667,"[0.7612921595573425, 0.6271467208862305, 0.5965887308120728, 0.24537396430969238, -0.642099916934967, 0.5804669857025146, -0.863462507724762, 0.31334519386291504]",3.336832975037396
1. Dijkstra + Enhanced Sequence Attention,1,1,0,34,-0.9415686840479748,3.4016161630256616,0.0,False,0.6305993710472589,0.584620359804258,0.37503848572782245,0.6945752881255409,1.3954421281814575,"[0.8600320219993591, -0.1714686155319214, 0.561000645160675, 0.17038777470588684, -0.3825552463531494, -0.1845318078994751, -0.6228862404823303, 0.5158106684684753]",3.6869170144200325
1. Dijkstra + Enhanced Sequence Attention,1,1,0,35,-0.8655075988187022,3.4359728869008523,0.0,False,0.5615887191371753,0.8807172626349049,0.38455142626435157,0.9610112882505945,1.380811095237732,"[0.24181437492370605, 0.12152829766273499, 0.6447413563728333, -0.4511662721633911, 0.38303351402282715, 0.09757697582244873, 0.5953547358512878, 0.8387314081192017]",3.7359590642154217
1. Dijkstra + Enhanced Sequence Attention,1,1,0,36,-0.7781831677301958,3.496076829012777,0.0,False,0.47884191337719384,1.02006958034773,1.458789892908284,1.7800589598106453,1.9405320882797241,"[-0.8352984189987183, 0.5699108839035034, -0.0883740484714508, -0.90092533826828, 0.6604557037353516, 0.3503971993923187, 0.7205740213394165, 0.9194885492324829]",3.1605829717591405
1. Dijkstra + Enhanced Sequence Attention,1,1,0,37,-0.651916370597413,3.6447485211205146,0.0,False,0.5210469941693154,1.552141903270742,1.2840919089218592,2.014456879272303,1.879543423652649,"[-0.8884755969047546, -0.13389477133750916, 0.10472767055034637, -0.9596210718154907, 0.9406149983406067, -0.5672348141670227, 0.6939514875411987, 0.3247237503528595]",3.502874984405935
1. Dijkstra + Enhanced Sequence Attention,1,1,0,38,-0.4781823893982553,3.776530688072812,0.0,False,0.5838361597182254,1.9972361790293935,1.1961559798991197,2.328033823438215,1.8277446031570435,"[-0.8783291578292847, -0.18056249618530273, -0.2021215260028839, -0.9004285931587219, 0.9131178259849548, 0.16033200919628143, 0.6689848303794861, 0.614759624004364]",3.727083094418049
1. Dijkstra + Enhanced Sequence Attention,1,1,0,39,-0.29994826934704794,3.8795551765739624,0.0,False,0.6196251635572492,1.6864345928503353,1.0303342710159884,1.9762718299850162,1.6140539646148682,"[-0.41380634903907776, -0.6834125518798828, -0.5653534531593323, -0.6037026643753052, 0.7026248574256897, 0.7003501057624817, -0.3046792149543762, 0.45365041494369507]",3.7402500165626407
1. Dijkstra + Enhanced Sequence Attention,1,1,0,40,-0.12895459876563256,3.9615368053753195,0.0,False,0.5758728782167702,1.7300578259089392,0.6376671538390688,1.8438328232445544,1.7113534212112427,"[-1.0, -0.36633139848709106, 0.5560277700424194, 0.5392734408378601, -0.1775282770395279, 0.6009660959243774, -0.8677982687950134, 0.22090420126914978]",3.610665909945965
1. Dijkstra + Enhanced Sequence Attention,1,1,0,41,0.043643722639126914,4.004689956049409,0.0,False,0.4621924743534502,1.7715270157502685,-0.2414112270724815,1.7879002623439857,1.9687138795852661,"[0.2146560251712799, -0.4255375266075134, 0.8036430478096008, 0.9389157891273499, -0.8813560009002686, 0.6084017753601074, -0.9102382063865662, 0.38183116912841797]",3.6577091086655855
1. Dijkstra + Enhanced Sequence Attention,1,1,0,42,0.2557379106760289,3.9175365895169723,0.0,False,0.5313785536228441,2.206277357370526,-0.960372714396956,2.4062367980321575,2.1177260875701904,"[0.6051198244094849, -0.9161208868026733, 0.8518947958946228, 0.8146950602531433, -0.8997476100921631, 0.2505147159099579, -0.8782369494438171, 0.49624571204185486]",3.677707980386913
1. Dijkstra + Enhanced Sequence Attention,1,1,0,43,0.43712680067454024,3.8284681507144875,0.0,False,0.6234848734352202,1.8415428045382727,-0.8487824860879768,2.027735586716467,2.033219814300537,"[0.7744228839874268, 0.9983246326446533, -0.006030082702636719, -1.0, -0.2536192834377289, -0.506693959236145, 0.6689414381980896, 0.8769375085830688]",3.354166983626783
1. Dijkstra + Enhanced Sequence Attention,1,1,0,44,0.607717936018648,3.763025894949704,0.0,False,0.6503781007028477,1.5562328218867447,-0.42420449727242016,1.6130127251276498,2.047905921936035,"[-1.0, 0.27040234208106995, -0.2652115523815155, -1.0, 0.01456611417233944, 0.3561538755893707, 1.0, 0.9609403014183044]",3.6052089417353272
1. Dijkstra + Enhanced Sequence Attention,1,1,0,45,0.7635049957566756,3.7323959132406896,0.0,False,0.5957638128373329,1.5231757120747573,-0.15363846845527918,1.5309046439421785,1.7260445356369019,"[-0.8304409980773926, -0.21141929924488068, -0.3159860074520111, -0.7782655954360962, 0.815424382686615, 0.5781233906745911, 0.6629086136817932, 0.3174326419830322]",3.602250013500452
1. Dijkstra + Enhanced Sequence Attention,1,1,0,46,0.9449555312904727,3.7168099601657762,0.0,False,0.4800510858076411,2.100630360715528,0.2681708419894794,2.117678803041952,1.6893013715744019,"[-1.0, -0.21273356676101685, -0.24120184779167175, -0.8068811297416687, 0.924908459186554, 0.3922957181930542, -0.18261630833148956, 0.23779800534248352]",3.539541969075799
1. Dijkstra + Enhanced Sequence Attention,1,1,0,47,1.1983959460271736,3.770591090488772,0.0,False,0.5786624099218877,2.6017399948276987,0.49316686829490697,2.6480680808222887,1.9708393812179565,"[-0.9406854510307312, -0.4144865870475769, 0.6821497678756714, -0.8818113803863525, 0.9687884449958801, 0.26558780670166016, 0.640384316444397, 0.4067186713218689]",3.5309999948367476
1. Dijkstra + Enhanced Sequence Attention,1,1,0,48,1.440657551644664,3.810707422311991,0.0,False,0.6070849043407052,2.397032751939028,0.3479384736399064,2.422153421091913,1.4184666872024536,"[0.024527154862880707, -0.7862347364425659, 0.5101063847541809, 0.264339804649353, -0.012106755748391151, 0.2416386604309082, -0.5318760275840759, 0.8495699167251587]",3.6857909290120006
1. Dijkstra + Enhanced Sequence Attention,1,1,0,49,1.6761899467471988,3.833511203062872,0.0,False,0.536770130450094,2.3324385032546604,0.05440727965776679,2.333072978615242,2.0273056030273438,"[0.7135974168777466, -0.1640680432319641, 0.7272229790687561, 0.831387460231781, -0.7939245104789734, 0.6661979556083679, -0.8213448524475098, 0.777834415435791]",3.17183299921453
1. Dijkstra + Enhanced Sequence Attention,1,1,0,50,1.9059173887443561,3.7976642855849487,0.0,False,0.502807924892367,2.3270649638236454,-0.9956594723957194,2.5311201336220424,2.1610207557678223,"[0.767119824886322, -0.7348480820655823, 0.7394548058509827, 0.8924564719200134, -0.901176929473877, 0.6885834336280823, -0.8657990097999573, 0.40297502279281616]",3.2138340175151825
1. Dijkstra + Enhanced Sequence Attention,1,1,0,51,2.1236758005938463,3.7084754250896728,0.0,False,0.6146722207177506,2.2058598432077763,-0.8177100554188298,2.352544873665474,1.7959599494934082,"[0.7274773716926575, 0.30324336886405945, 1.0, -0.7413109540939331, -0.034585557878017426, 0.3337566554546356, 0.4561792016029358, 0.8567737936973572]",3.681874950416386
1. Dijkstra + Enhanced Sequence Attention,1,1,0,52,2.37633869465756,3.6453322774362698,0.0,False,0.6271392091311997,2.6345310253473295,-0.5416143190218694,2.6896281888185167,1.9273098707199097,"[-0.7047539353370667, -0.22847257554531097, 1.0, -0.5924875736236572, 0.6469380259513855, 0.7251094579696655, 0.3097444176673889, 0.8799715042114258]",3.7436250131577253
1. Dijkstra + Enhanced Sequence Attention,1,1,0,53,2.6136604240545944,3.6215398433731214,0.0,False,0.5877884422918619,1.8403549698868966,0.598522253158356,1.9352352060442564,1.798869252204895,"[-0.7122114896774292, 0.05137687921524048, 0.7830374240875244, -0.8864731192588806, 0.06808293610811234, -0.05059549957513809, 0.955692708492279, 0.6375892758369446]",3.155000042170286
1. Dijkstra + Enhanced Sequence Attention,1,1,0,54,2.801680880848331,3.7213547430514,0.0,False,0.6345650416723159,1.9294748662322672,1.0636774825222926,2.203243755522068,1.7863051891326904,"[-0.6615831255912781, -0.668499767780304, 1.0, -0.526448130607605, 0.7707138657569885, -0.1271839439868927, 0.4378359913825989, 0.4767371416091919]",3.1890410464257
1. Dijkstra + Enhanced Sequence Attention,1,1,0,55,3.0014944234959504,3.827533793771304,0.0,False,0.5931909518614374,2.1306542255505905,0.9995076738558804,2.353444925838159,2.136772632598877,"[-0.7530814409255981, -0.38278457522392273, 1.0, -0.6845192909240723, 0.6730471253395081, -0.8751450181007385, 0.5813342928886414, 0.9092602133750916]",3.509624977596104
1. Dijkstra + Enhanced Sequence Attention,1,1,0,56,3.1919431598891976,3.921241325436357,0.0,False,0.4675925041731258,1.7546196469430635,0.8287558080554862,1.9404964042286454,1.4976783990859985,"[0.0753861740231514, -0.9662292003631592, 0.717693030834198, 0.13329914212226868, -0.011491620913147926, 0.015637166798114777, -0.6269384026527405, 0.6143926382064819]",3.60212498344481
1. Dijkstra + Enhanced Sequence Attention,1,1,0,57,3.269491413803824,3.9756271510162886,0.0,False,0.47468594650484647,-0.0943778149941336,0.3810579964803237,0.3925714822101387,1.6963353157043457,"[0.7417920231819153, -0.9010380506515503, -0.4316936731338501, 0.12263897061347961, -0.5660549998283386, 0.049982644617557526, -0.7882474064826965, 0.6080940961837769]",3.3355829073116183
1. Dijkstra + Enhanced Sequence Attention,1,1,0,58,3.252285164948077,4.009376507862674,0.0,False,0.5687155288041907,-0.44287532945256486,0.3062265228108964,0.5384359207097631,2.0456442832946777,"[0.7478398680686951, -0.9790358543395996, 0.10200709104537964, 0.8820015788078308, -0.2861808240413666, -0.10023412853479385, -0.9853432774543762, -0.9031640291213989]",3.414499922655523
1. Dijkstra + Enhanced Sequence Attention,1,1,0,59,3.189671567510473,4.049453877733014,0.0,False,0.6101143238429592,-0.729674450555419,0.5600404742959469,0.9198207089661452,1.799912929534912,"[0.9239222407341003, -0.4178414046764374, -0.22613799571990967, 0.7779011130332947, -0.9379532933235168, 0.21028739213943481, 0.21573543548583984, 0.7646405696868896]",3.818665980361402
1. Dijkstra + Enhanced Sequence Attention,1,1,0,60,3.1283024391950156,4.12693101544193,0.0,False,0.5434999441530186,-0.466972482252189,1.0019780242731946,1.1054516092109983,1.5967121124267578,"[-0.10965586453676224, -0.8040165901184082, -0.14481553435325623, -0.2689511179924011, -0.1646258533000946, 1.0, 0.837185263633728, 0.264074444770813]",3.808709094300866
1. Dijkstra + Enhanced Sequence Attention,1,1,0,61,3.1382482809224146,4.279949273262216,0.0,False,0.5247784358848518,0.04995807616887088,1.9315220159483295,1.9321679811723393,2.3965842723846436,"[-0.725394070148468, -0.9657467603683472, -0.7727850675582886, -0.4882509708404541, 0.8176704049110413, 1.0, 0.8870922923088074, -0.9968198537826538]",3.2987500308081508
1. Dijkstra + Enhanced Sequence Attention,1,1,0,62,3.12230055422471,4.480048880942507,0.0,False,0.6118383902334434,-0.15043754104555188,2.0786430754638685,2.084079770289449,1.2603061199188232,"[-0.638380229473114, -0.57308030128479, -0.24238839745521545, -0.4677965044975281, 0.03537050634622574, -0.20521724224090576, 0.7289746403694153, -0.008125156164169312]",3.4388339845463634
1. Dijkstra + Enhanced Sequence Attention,1,1,0,63,3.1094076391842793,4.668345693800084,0.0,False,0.618744097756065,-0.1249811819707639,1.7605890305926117,1.7650195552712273,2.2627360820770264,"[-0.046285491436719894, -0.6159186363220215, 1.0, -0.8743404150009155, -0.7147613167762756, -0.9357671141624451, -0.7909846901893616, 0.9807161688804626]",3.7197499768808484
1. Dijkstra + Enhanced Sequence Attention,1,1,0,64,3.093498948799336,4.8352378361208945,0.0,False,0.5261621091428694,-0.26327100201552817,1.521406662210796,1.5440174391248485,2.2644925117492676,"[0.808897078037262, -0.6730095744132996, 1.0, -0.590440034866333, -0.17955544590950012, -0.906005322933197, -1.0, 0.9049665331840515]",3.3053329680114985
1. Dijkstra + Enhanced Sequence Attention,1,1,0,65,3.020877605000594,4.895794660400189,0.0,False,0.5093923600169975,-0.8229891942541049,0.20501004274842186,0.8481393349484097,2.3592047691345215,"[0.9189104437828064, -0.7891147136688232, 0.8000118136405945, -0.8746528625488281, -0.5674336552619934, -0.9289376139640808, -0.9501001238822937, 0.7785341739654541]",3.5160830011591315
1. Dijkstra + Enhanced Sequence Attention,1,1,0,66,2.9321226524046713,4.925414556607364,0.0,False,0.5342683546607487,-0.9275548652546178,0.4472099586448633,1.0297352937374986,1.7446389198303223,"[0.9442606568336487, -0.9843478202819824, -0.06748370826244354, 0.05767872929573059, -0.7666929960250854, -0.4485876262187958, -0.343982458114624, 0.5176312923431396]",3.297208109870553
1. Dijkstra + Enhanced Sequence Attention,1,1,0,67,2.8103706217690374,4.955510255274331,0.0,False,0.550764349602939,-1.5296487388960707,0.3514502746178907,1.5695039216055913,2.3404691219329834,"[1.0, -1.0, -0.47288674116134644, 0.9820572733879089, -0.6467695832252502, 1.0, -0.7461557984352112, -0.5609617233276367]",3.9997079875320196
1. Dijkstra + Enhanced Sequence Attention,1,1,0,68,2.6832990782036346,4.995836973664087,0.0,False,0.5331388475666685,-1.1224495134928558,0.4210566942020487,1.198825112379911,1.035841703414917,"[0.18097150325775146, -0.3683212995529175, 0.2844424545764923, 0.2668151259422302, -0.35524290800094604, 0.17044630646705627, -0.5796086192131042, 0.5111393928527832]",3.6879590479657054
1. Dijkstra + Enhanced Sequence Attention,1,1,0,69,2.6498796820372714,5.038657187921098,0.0,False,0.5302851392074955,0.46142168400156014,0.476564197931998,0.663342600182895,1.880573034286499,"[-0.9642194509506226, -0.461574912071228, 0.5808010697364807, -0.9368985295295715, 0.7891042828559875, -0.19609448313713074, 0.7190026640892029, 0.02391672134399414]",3.9233329007402062
1. Dijkstra + Enhanced Sequence Attention,1,1,0,70,2.740906340291314,5.099186611493922,0.0,False,0.611985032616696,1.128035185290728,0.6516033936429986,1.3027088553705926,1.8260184526443481,"[-0.9132409691810608, -0.5381553769111633, 0.32375431060791016, -0.8695732355117798, 0.6700211763381958, 0.01856185868382454, 0.8821368217468262, -0.34972912073135376]",3.364417003467679
1. Dijkstra + Enhanced Sequence Attention,1,1,0,71,2.863673269679242,5.1669458447767305,0.0,False,0.6288358962873845,1.2596173732990168,0.7278974906191266,1.4548095009197377,1.6363528966903687,"[-0.47599631547927856, -0.974460244178772, 0.9249011874198914, -0.01349407434463501, 0.4144427180290222, -0.2562370300292969, 0.4246984124183655, 0.4775901138782501]",3.8579580141231418
1. Dijkstra + Enhanced Sequence Attention,1,1,0,72,2.964106538737947,5.253999439131187,0.0,False,0.5495150352806843,0.8193898583978144,0.8527944302665734,1.1826487561143757,1.8258062601089478,"[0.029990173876285553, -1.0, 0.8758968710899353, 0.8654289841651917, 0.004094256088137627, 0.7665433883666992, -0.25864994525909424, 0.4024937152862549]",3.451499971561134
1. Dijkstra + Enhanced Sequence Attention,1,1,0,73,3.017403089384347,5.3803010547506505,0.0,False,0.4565577010917314,0.26023547903018485,1.707574572839818,1.7272907764343433,2.1402547359466553,"[0.9481533169746399, -0.91950523853302, -0.9156787991523743, 0.7578322291374207, -0.73869788646698, 0.46010106801986694, -0.8160969614982605, -0.006841301918029785]",3.417499945499003
1. Dijkstra + Enhanced Sequence Attention,1,1,0,74,3.032318536713155,5.495271844639996,0.0,False,0.5274725068569336,-0.1514204937244597,0.6480064035161491,0.6654625946795909,1.6369165182113647,"[0.8118332624435425, -0.153395414352417, 0.506112813949585, 0.46636706590652466, -0.8651320338249207, -0.14103585481643677, -0.7444701790809631, 0.4479548931121826]",3.7165419198572636
1. Dijkstra + Enhanced Sequence Attention,1,1,0,75,3.0137565678450264,5.532368847032006,0.0,False,0.5837106904219714,-0.017334450289771423,0.21566862640404447,0.21636413654267167,1.9643760919570923,"[0.6663622260093689, 0.4527616798877716, 0.8776463866233826, 0.6786902546882629, -0.4747306704521179, 0.695292055606842, -1.0, 0.519670844078064]",3.4461249597370625
1. Dijkstra + Enhanced Sequence Attention,1,1,0,76,3.060470985400816,5.534616849629438,0.0,False,0.6075908902484711,0.6534236656785394,-0.03521783392121601,0.6543720521957535,1.7547392845153809,"[1.0, -0.10583752393722534, 0.6628586649894714, 0.8062466979026794, 0.1588919758796692, -0.16833248734474182, -0.25562870502471924, 0.9271271228790283]",3.704582923091948
1. Dijkstra + Enhanced Sequence Attention,1,1,0,77,3.127465772559367,5.544995111391931,0.0,False,0.569351102682817,0.7547496465995838,0.14674598328898766,0.7688832243284076,1.7142027616500854,"[-0.8035759925842285, -0.4244035482406616, 0.5416886806488037, -0.8446727991104126, 0.32046249508857727, -0.14707207679748535, 0.7357126474380493, 0.6634307503700256]",3.850042005069554
1. Dijkstra + Enhanced Sequence Attention,1,1,0,78,3.2134252213771473,5.572622320016418,0.0,False,0.459911902505194,0.9892527658338297,0.3651989819159313,1.0545099957337127,2.1598525047302246,"[-0.8828479647636414, -0.18727685511112213, 0.8093560338020325, -0.9406731724739075, 0.8611922860145569, -0.486928254365921, 0.8547483086585999, 0.7753710746765137]",3.367000026628375
1. Dijkstra + Enhanced Sequence Attention,1,1,0,79,3.4091390970311775,5.699236224313499,0.0,False,0.48382390447593043,2.42263033023615,1.5944109226077772,2.900221354847092,2.307548999786377,"[-0.9057644009590149, -0.3954549729824066, 0.7372626066207886, -1.0, 1.0, -0.3761237859725952, 0.855122983455658, 0.9652608633041382]",3.8717499701306224
1. Dijkstra + Enhanced Sequence Attention,1,1,0,80,3.6391517613573803,5.843620187016563,0.0,False,0.536378228360138,2.1198655370654684,1.3502850596205165,2.513384100664331,1.9813967943191528,"[-0.4192451536655426, -0.7420322895050049, 0.09933766722679138, 0.06164100766181946, 0.9553229808807373, 0.889227569103241, -1.0, 0.6946362257003784]",3.704666974954307
1. Dijkstra + Enhanced Sequence Attention,1,1,0,81,3.8523953103975117,5.9720150997682415,0.0,False,0.5003081811023188,2.130192191761926,1.2190204283989818,2.454328742996242,2.236647605895996,"[0.1139119490981102, -0.9222474098205566, 0.754329264163971, 0.972229540348053, -0.797598659992218, 0.9102268815040588, -0.9719774127006531, 0.46413031220436096]",3.319583018310368
1. Dijkstra + Enhanced Sequence Attention,1,1,0,82,3.971731013802091,6.0960006588592375,0.0,False,0.49208273444170075,0.5969547865289,1.2894018290811848,1.42088426481458,2.4030978679656982,"[1.0, -0.8404470682144165, 0.8687890768051147, 1.0, -0.9087218046188354, 0.35736435651779175, -0.9866684079170227, 0.6218797564506531]",3.6713749868795276
1. Dijkstra + Enhanced Sequence Attention,1,1,0,83,4.030711796592379,6.1713318880227375,0.0,False,0.5333395201597215,0.5399050369697158,0.7417659456361766,0.9174498171839163,1.9034589529037476,"[0.8600017428398132, -0.2723170518875122, 0.8582354187965393, 0.4122989773750305, -0.7104833126068115, -0.5829820036888123, -0.5269001126289368, 0.8834927678108215]",3.419541986659169
1. Dijkstra + Enhanced Sequence Attention,1,1,0,84,4.111063704730994,6.250653832598095,0.0,False,0.5003247825577342,0.8754746671961543,0.8638044694138293,1.229883756410143,1.9448217153549194,"[-0.887319028377533, 0.05136522650718689, 0.8301745653152466, -0.8280594944953918, 0.7223507761955261, 0.40188583731651306, 0.5187798142433167, 0.815506100654602]",3.4385420149192214
1. Dijkstra + Enhanced Sequence Attention,1,1,0,85,4.196898206741448,6.350583726438702,0.0,False,0.4225739777446693,0.888837470187654,1.4941406929856003,1.7385305458475782,1.9709110260009766,"[-0.9448481202125549, 0.22669026255607605, 0.8646645545959473, -0.8812350034713745, 0.7337449789047241, -0.28539547324180603, 0.5995978116989136, 0.6609044075012207]",3.6852089688181877
1. Dijkstra + Enhanced Sequence Attention,1,1,0,86,4.320286302859842,6.5112126940794415,0.0,False,0.4216248263971275,1.7487426862573463,1.8267028876382754,2.5288227344842844,2.0255470275878906,"[-0.8979998230934143, -0.43157562613487244, 0.782461404800415, -0.9845719337463379, 0.9165986180305481, -0.70866858959198, -0.20560429990291595, 0.37936070561408997]",3.4024579217657447
1. Dijkstra + Enhanced Sequence Attention,1,1,0,87,4.505542663797703,6.704344084620716,0.0,False,0.5043204898979899,1.7944294628940984,1.8307762060622554,2.5635363492617205,2.030503273010254,"[-0.9373896718025208, 0.5539288520812988, -0.05985119938850403, -0.9980054497718811, 0.8742991089820862, 0.34350523352622986, 0.7479084134101868, 0.7043071985244751]",3.4119170159101486
1. Dijkstra + Enhanced Sequence Attention,1,1,0,88,4.692212826059452,6.8714288643804595,0.0,False,0.5136245682984035,1.769245562936072,1.5591553148889004,2.3582186408209234,1.9582147598266602,"[-0.29193171858787537, -1.0, 0.24756458401679993, 0.5766853094100952, 0.5189425349235535, 0.9946988821029663, -0.8708884119987488, 0.5816811323165894]",3.9235829608514905
1. Dijkstra + Enhanced Sequence Attention,1,1,0,89,4.863006844371485,7.019643725126427,0.0,False,0.43743203169661743,1.3640800561155806,1.1828319286680116,1.805493220970041,2.0522425174713135,"[0.1719067096710205, -0.8139876127243042, 0.8246929049491882, 0.8240124583244324, -0.8049874901771545, 0.6517220139503479, -0.8485658168792725, 0.6063388586044312]",3.3860841067507863
1. Dijkstra + Enhanced Sequence Attention,1,1,0,90,4.980916502300575,7.109627317827055,0.0,False,0.5531562844272236,1.126288044457177,0.7225840594515983,1.3381526378035964,2.01678729057312,"[0.6742169260978699, -0.6781982183456421, 0.8231222033500671, 0.7307767271995544, -0.883878767490387, 0.09840279817581177, -0.8477980494499207, 0.6570072174072266]",3.4721660194918513
1. Dijkstra + Enhanced Sequence Attention,1,1,0,91,5.085893810731028,7.176260244053611,0.0,False,0.6207951099573702,1.0006632317480966,0.7611404323799185,1.2572436761328467,1.6547032594680786,"[0.6056658625602722, -0.22392219305038452, 0.8199751377105713, -0.2590045630931854, -0.6890404224395752, 0.8004103302955627, 0.01018109917640686, 0.6827085018157959]",3.474250086583197
1. Dijkstra + Enhanced Sequence Attention,1,1,0,92,5.205132264204138,7.265363733333696,0.0,False,0.5974690617997492,1.226659974121487,0.9758813701510669,1.5674945424848057,1.7317856550216675,"[-0.58992600440979, 0.19164958596229553, 0.5372265577316284, -0.8675844669342041, 0.5053529143333435, 0.10086905211210251, 0.7710609436035156, 0.8443534970283508]",3.449167008511722
1. Dijkstra + Enhanced Sequence Attention,1,1,0,93,5.331726653924199,7.373793189986234,0.0,False,0.4869173470553611,1.3598655157930915,1.1351753159915399,1.7713997908658856,1.8167568445205688,"[-0.8993929624557495, 0.5162627696990967, 0.009151533246040344, -0.8418814539909363, 0.7941253185272217, -0.08567791432142258, 0.7133750319480896, 0.6078177690505981]",3.3053329680114985
1. Dijkstra + Enhanced Sequence Attention,1,1,0,94,5.498025184602308,7.499713965555178,0.0,False,0.4265601616218322,1.8666173411481102,1.7449033148122974,2.555180595636595,1.9718799591064453,"[-0.9659319519996643, 0.3663572371006012, -0.5121422410011292, -0.9134177565574646, 0.87136310338974, 0.2293224036693573, 0.5776839256286621, 0.7608319520950317]",3.8263750029727817
1. Dijkstra + Enhanced Sequence Attention,1,1,0,95,5.695364038371469,7.67589935338019,0.0,False,0.5292044392894505,2.0539995571059144,1.5529541322571374,2.574991401439199,1.883888840675354,"[-0.9421502947807312, -0.05419042706489563, -0.7331042885780334, -1.0, 0.8654155731201172, 0.1953808218240738, 0.20300930738449097, 0.5410000085830688]",3.556207986548543
1. Dijkstra + Enhanced Sequence Attention,1,1,0,96,5.9004126744030945,7.820100627833336,0.0,False,0.5675966564212707,1.9746497685515727,1.4029245337553917,2.4222797022337375,1.7930487394332886,"[-0.3884810209274292, -0.9366426467895508, 0.23466724157333374, -0.07215359807014465, 0.9229050874710083, 0.6189305186271667, -0.5590088367462158, 0.7610599994659424]",3.6595420679077506
1. Dijkstra + Enhanced Sequence Attention,1,1,0,97,6.101846131539953,7.945919483437314,0.0,False,0.5140977546949587,2.0686741364026866,1.1064247516718433,2.3459728075434936,1.8857853412628174,"[-0.7277496457099915, -0.5857634544372559, 0.7622913718223572, 0.7898738980293274, -0.47900354862213135, 0.4901423752307892, -0.7628992795944214, 0.653268575668335]",3.438832936808467
1. Dijkstra + Enhanced Sequence Attention,1,1,0,98,6.313205204631396,8.01283250094485,0.0,False,0.43451954413880367,2.274302575586289,-0.2617941777900319,2.2893205098550937,2.124799966812134,"[0.09773146361112595, -0.7591317892074585, 0.89104825258255, 0.9234945178031921, -0.7699542045593262, 0.753570020198822, -0.9200323224067688, 0.5243818163871765]",3.46174999140203
1. Dijkstra + Enhanced Sequence Attention,1,1,0,99,6.533030704525943,7.979006915645463,0.0,False,0.5692464263203856,2.0594201518908988,-0.2693125380754923,2.0769546468758042,1.7972030639648438,"[0.750356137752533, -0.5014352798461914, 0.7273727059364319, -0.6367050409317017, -0.8394520282745361, -0.35929086804389954, -0.15509860217571259, 0.7894159555435181]",3.528708009980619
1. Dijkstra + Enhanced Sequence Attention,1,1,0,100,6.740492962676032,7.9614668955668755,0.0,False,0.6157836376494533,2.0979303116813948,-0.08120454803676075,2.0995013149063397,1.7482531070709229,"[0.29720354080200195, -0.1421276330947876, 0.38166072964668274, -0.8542065620422363, -0.6377078294754028, 0.5872727036476135, 0.7780182957649231, 0.8459620475769043]",3.4840829903259873
1. Dijkstra + Enhanced Sequence Attention,1,1,0,101,6.949530747503774,7.963162738922377,0.0,False,0.5630160048136544,2.0704719136270486,0.11779080050137374,2.0738198132434764,2.1784770488739014,"[-0.9197167754173279, 0.6033430099487305, -0.6493833661079407, -0.9185386300086975, 0.6865851283073425, -0.45166143774986267, 0.9251213669776917, 0.8597685694694519]",3.5274589899927378
1. Dijkstra + Enhanced Sequence Attention,1,1,0,102,7.155761878941568,7.992293105006563,0.0,False,0.4382232498152111,2.07545206430264,0.9473708397198429,2.2814497099803823,2.0463638305664062,"[-0.9193505048751831, 0.5910580158233643, -0.5868040919303894, -0.8991524577140808, 0.7920078635215759, 0.31925320625305176, 0.7691224217414856, 0.7207550406455994]",3.433458972722292
1. Dijkstra + Enhanced Sequence Attention,1,1,0,103,7.394756059472764,8.10828811306628,0.0,False,0.527003409635236,2.577819516392265,1.2450109001977678,2.8627269518247993,1.8122296333312988,"[-1.0, 0.14572206139564514, -0.2550000846385956, -0.9756082892417908, 0.9891920685768127, 0.19132879376411438, 0.19219541549682617, 0.44052037596702576]",3.338332986459136
1. Dijkstra + Enhanced Sequence Attention,1,1,0,104,7.640005606972239,8.211354802489623,0.0,False,0.5840327408755495,2.342085577349241,0.9591851932047004,2.5308893864589312,2.0353782176971436,"[-0.9307237267494202, -1.0, -0.03937685489654541, -1.0, 0.9482248425483704, 0.230027437210083, 0.4450204372406006, 0.35338449478149414]",3.1900829635560513
1. Dijkstra + Enhanced Sequence Attention,1,1,0,105,7.876317433658741,8.28555721847886,0.0,False,0.5526142188772329,2.395163010584409,0.5938123022919417,2.467674795759163,1.7090628147125244,"[-0.5359564423561096, -0.7693580389022827, 0.6476446986198425, 0.6774095296859741, -0.22413283586502075, 0.45105165243148804, -0.7930517792701721, 0.5298992395401001]",3.974999999627471
1. Dijkstra + Enhanced Sequence Attention,1,1,0,106,8.081957210313066,8.287993444916392,0.0,False,0.5117512821136063,1.509867151015083,-0.7852530715555948,1.701858160982254,2.0153536796569824,"[0.8829948306083679, -0.4417218863964081, 0.8267162442207336, 0.8391024470329285, -0.8026350736618042, 0.4393560588359833, -0.8086435794830322, 0.4562225639820099]",3.7447919603437185
1. Dijkstra + Enhanced Sequence Attention,1,1,0,107,8.212698056674743,8.16508060140937,0.0,False,0.5317070283607673,1.2719690845658256,-1.546909278636614,2.0027065857042747,2.0441994667053223,"[0.9103215932846069, -0.41332605481147766, 0.770946741104126, 0.46742039918899536, -0.7995503544807434, 0.7301191687583923, -0.7587206363677979, 0.7863688468933105]",4.0705419378355145
1. Dijkstra + Enhanced Sequence Attention,1,1,0,108,8.315837982578687,8.021946350701029,0.0,False,0.5485583326444374,1.1440185878746065,-1.3322640584877807,1.7560484193042463,1.6296340227127075,"[0.1157793328166008, -0.7646795511245728, 0.7797265648841858, 0.33553773164749146, -0.7713703513145447, 0.3889891803264618, 0.2566916048526764, 0.7244261503219604]",4.494667053222656
1. Dijkstra + Enhanced Sequence Attention,1,1,0,109,8.42594230714966,7.909792837793984,0.0,False,0.5246299672687863,1.0861093399868091,-0.9604338377735128,1.4498505630398397,1.8958371877670288,"[-0.777869462966919, -0.17213962972164154, -0.40973472595214844, -0.8302522301673889, 0.4840652346611023, -0.23070597648620605, 0.967364490032196, 0.9375209808349609]",4.418416996486485
1. Dijkstra + Enhanced Sequence Attention,1,1,0,110,8.555420779295666,7.8615519917903915,0.0,False,0.466893778888462,1.732609813070622,0.5554710129501551,1.81947377298396,2.0946755409240723,"[-0.980575442314148, 0.4215545356273651, 0.6461353302001953, -0.8512144088745117, 0.8241763114929199, -0.22656980156898499, 0.9123095273971558, 0.7371993064880371]",4.549874924123287
1. Dijkstra + Enhanced Sequence Attention,1,1,0,111,8.750407260774127,7.930924149646834,0.0,False,0.4715494578833452,2.2449073651905347,0.6033102410268241,2.32456282453595,1.8487927913665771,"[-0.9517994523048401, -0.65060955286026, 0.5234312415122986, -0.7378085255622864, 0.8846103549003601, -0.4759441316127777, 0.30344831943511963, 0.4115082025527954]",3.753041964955628
1. Dijkstra + Enhanced Sequence Attention,1,1,0,112,9.00662976567797,7.978292746824605,0.0,False,0.4990347245984613,2.3968889352103586,0.450761730235885,2.4389060468126065,1.8906282186508179,"[-0.8639910221099854, -0.5933423042297363, 0.49437516927719116, -0.9511504769325256, 0.5446860194206238, 0.2237432599067688, 0.6209228038787842, 0.7710750102996826]",3.5899579524993896
1. Dijkstra + Enhanced Sequence Attention,1,1,0,113,9.2335900537052,8.021242047467023,0.0,False,0.4679931179867256,1.806251208833339,0.3342176113724704,1.836911767386615,1.9205591678619385,"[-0.14199304580688477, -0.9241845607757568, 0.604336678981781, 0.8084037899971008, -0.799361526966095, 0.5700895190238953, -0.7688428163528442, 0.49033528566360474]",3.9852920453995466
1. Dijkstra + Enhanced Sequence Attention,1,1,0,114,9.341664450680584,8.079607834823467,0.0,False,0.5143005056671177,0.6226369510792119,0.8505026902305498,1.0540548367796714,2.2861249446868896,"[0.8193921446800232, -0.8683339357376099, 0.7284390926361084, 0.9593257308006287, -0.9116256237030029, 0.6476725339889526, -0.8615851998329163, 0.597628653049469]",4.427916021086276
1. Dijkstra + Enhanced Sequence Attention,1,1,0,115,9.390687454113118,8.159441775440836,0.0,False,0.529696314869783,0.40219267589256275,0.6342785825753476,0.7510447848533481,1.9106931686401367,"[0.8174707293510437, -0.2949504852294922, 0.7388595342636108, 0.5895707011222839, -0.8178686499595642, 0.23144879937171936, -0.8278211355209351, 0.7708576917648315]",5.396916065365076
1. Dijkstra + Enhanced Sequence Attention,1,1,0,116,9.416413378242051,8.213294761994291,0.0,False,0.5076766248878289,0.16112031648920536,0.3179842781073688,0.3564740628840283,1.3148170709609985,"[0.4284839928150177, -0.4379930794239044, 0.6541425585746765, 0.463561475276947, -0.1253524273633957, -0.26152119040489197, 0.07018622756004333, 0.7883419394493103]",4.200584022328258
1. Dijkstra + Enhanced Sequence Attention,1,1,0,117,9.44982998059911,8.245755592478542,0.0,False,0.4676076556376506,0.39650912339802274,0.3694935146613364,0.5419824188243154,1.7849491834640503,"[-0.96098393201828, -0.01043197512626648, 0.5366708040237427, -0.9548819065093994, 0.3854432702064514, 0.2825137674808502, 0.8534687161445618, 0.32533109188079834]",3.8026669062674046
1. Dijkstra + Enhanced Sequence Attention,1,1,0,118,9.542967800158221,8.354939241778084,0.0,False,0.4703098160022921,1.2560504234438965,1.5002424906214018,1.956627250372308,1.99440598487854,"[-0.8590214252471924, -0.10936924815177917, 0.7881495356559753, -0.8854101896286011, 0.7660238146781921, -0.4799237549304962, 0.8342054486274719, 0.5564414858818054]",3.7029170198366046
1. Dijkstra + Enhanced Sequence Attention,1,1,0,119,9.6847698337074,8.49619664225811,0.0,False,0.44218686689805026,1.7800543399829676,1.216193381069521,2.1558570902194587,2.282788038253784,"[-0.8933171033859253, -0.8335283398628235, 0.9667723178863525, -0.9583884477615356, 0.8370722532272339, -0.8899511098861694, -0.3651818633079529, 0.48899710178375244]",3.9962499868124723
1. Dijkstra + Enhanced Sequence Attention,1,1,0,120,9.913599878179257,8.6131157643973,0.0,False,0.5664401158662231,2.1828203761696936,1.0662300920977903,2.429310890749981,1.8715614080429077,"[-0.8779796361923218, -0.6013145446777344, 0.47112590074539185, -0.9426162242889404, 0.6565238237380981, 0.3564150035381317, 0.47482866048812866, 0.6901538372039795]",3.778834012337029
1. Dijkstra + Enhanced Sequence Attention,1,1,0,121,10.124466907747921,8.719850577000166,0.0,False,0.6253801509443611,2.0927470539945463,1.034991489663694,2.3346943302452092,1.775755763053894,"[0.6074218153953552, -0.7887378931045532, 0.11715143918991089, 0.7456128001213074, -0.20352086424827576, 0.8607009053230286, -0.820458710193634, 0.3704022169113159]",3.9186670910567045
1. Dijkstra + Enhanced Sequence Attention,1,1,0,122,10.327249051736834,8.817663686938396,0.0,False,0.5878347689478558,1.9042591097142942,0.8785910334226619,2.097170703815161,2.0750882625579834,"[0.7897574305534363, -0.8135852813720703, 0.6007243394851685, 0.890084445476532, -0.8534925580024719, 0.503089189529419, -0.8834242224693298, 0.3244169354438782]",4.173208028078079
1. Dijkstra + Enhanced Sequence Attention,1,1,0,123,10.465140278972665,8.865518366457541,0.0,False,0.5221581334303613,1.0101308246004146,0.21238113085642965,1.0322160759994825,1.9603992700576782,"[0.812861979007721, -0.657470166683197, 0.5557354092597961, 0.7946491837501526, -0.8469147086143494, 0.39101362228393555, -0.6412253379821777, 0.7269928455352783]",3.642916912212968
1. Dijkstra + Enhanced Sequence Attention,1,1,0,124,10.568224842073398,8.906493500027826,0.0,False,0.44288943242013973,1.146583954832069,0.8329885254507207,1.417224276185994,1.5570658445358276,"[-0.11062204837799072, -0.030986696481704712, 0.6874464154243469, -0.4874087870121002, 0.5666866898536682, -0.047010526061058044, 0.8633246421813965, 0.7952569723129272]",4.252915969118476
1. Dijkstra + Enhanced Sequence Attention,1,1,0,125,10.64944965137652,8.98297019371329,0.0,False,0.461213714834285,0.8588463079270454,0.8526030535703811,1.2101855013168252,1.8408054113388062,"[-0.7328163981437683, -0.3156798481941223, 0.3424806594848633, -0.9386122822761536, 0.8134432435035706, -0.7149987816810608, 0.7335427403450012, 0.2064133882522583]",4.397457931190729
1. Dijkstra + Enhanced Sequence Attention,1,1,0,126,10.759077154688574,9.097123009720125,0.0,False,0.44135232337803465,1.315382373291369,1.2871984914735584,1.8404104825873597,2.1895065307617188,"[-0.9784715175628662, -0.5218067765235901, 0.8862617611885071, -0.9655060172080994, 0.9021039605140686, -0.7147852182388306, 0.48775768280029297, 0.5328892469406128]",4.585874965414405
1. Dijkstra + Enhanced Sequence Attention,1,1,0,127,10.9536387630503,9.229460583148741,0.0,False,0.5460151910461978,2.160662343464488,1.404386101426746,2.576967614143815,2.3718323707580566,"[-0.9276460409164429, -0.9800485372543335, 0.8631202578544617, -1.0, 0.9750840067863464, -0.7738649845123291, -0.16333310306072235, 0.695166826248169]",3.597417031414807
1. Dijkstra + Enhanced Sequence Attention,1,1,0,128,11.147887211546891,9.35277896350261,0.0,False,0.6375266092640504,1.798858834820467,1.163488953687692,2.142335093528771,1.9225326776504517,"[-0.11775030195713043, -0.864224910736084, 0.6327711939811707, -0.7427757978439331, 0.6610671281814575, 0.9610353112220764, -0.7769079208374023, 0.13813833892345428]",4.80629107914865
1. Dijkstra + Enhanced Sequence Attention,1,1,0,129,11.321077893423938,9.466625744417842,0.0,False,0.6339534369390498,1.649736749150177,1.1259323860440946,1.9973369969635928,1.4848780632019043,"[0.488770067691803, -0.7166005373001099, 0.4403292238712311, 0.26697033643722534, -0.5022345185279846, 0.5855324268341064, -0.6532972455024719, 0.4066968560218811]",3.645417047664523
1. Dijkstra + Enhanced Sequence Attention,1,1,0,130,11.465395671214727,9.581454185629472,0.0,False,0.5498962498609146,1.2370444319824097,1.165336430643909,1.6994963734249533,1.7575929164886475,"[0.5953702330589294, -0.6910567283630371, 0.37049373984336853, 0.7490898966789246, -0.8234125971794128, 0.34620901942253113, -0.6038649678230286, 0.6294320821762085]",3.5666669718921185
1. Dijkstra + Enhanced Sequence Attention,1,1,0,131,11.518851042229487,9.703954404015033,0.0,False,0.4819118010734594,0.03192425678554768,1.4304247569688513,1.430780955814239,1.8183307647705078,"[0.8406867980957031, -0.1827874481678009, 0.3087555766105652, 0.8724207282066345, -0.8348382115364075, 0.427694708108902, -0.6581006050109863, 0.6298723220825195]",3.509916947223246
1. Dijkstra + Enhanced Sequence Attention,1,1,0,132,11.55201709173681,9.788939319025793,0.0,False,0.48266447324361045,0.5712651775543636,0.7220463899681177,0.9207034768872167,1.4446752071380615,"[0.3595806062221527, -0.03622522950172424, 0.9008161425590515, 0.09156909584999084, 0.3733110725879669, 0.375556081533432, 0.21984604001045227, 0.8988245129585266]",3.508875030092895
1. Dijkstra + Enhanced Sequence Attention,1,1,0,133,11.634799058685692,9.882508391809948,0.0,False,0.4735084866747555,1.1895678197271289,1.26563224058,1.7369215774253903,2.048785448074341,"[-0.895991325378418, 0.3545781075954437, 0.8937235474586487, -0.9574592113494873, 0.6461785435676575, -0.269819051027298, 0.7751859426498413, 0.6798998117446899]",3.5467500565573573
1. Dijkstra + Enhanced Sequence Attention,1,1,0,134,11.765606273688284,10.022306443150734,0.0,False,0.4481707489573374,1.4511494705963592,1.443800355642758,2.0470452493695026,2.3581595420837402,"[-0.9305000901222229, -0.7011626958847046, 1.0, -1.0, 0.8693744540214539, -0.8788792490959167, 0.6885690093040466, 0.4484296441078186]",3.4821670269593596
1. Dijkstra + Enhanced Sequence Attention,1,1,0,135,11.971625290907564,10.156757670924982,0.0,False,0.5459329553049259,2.285079895421065,1.436286844254087,2.6989831469342134,2.3711049556732178,"[-0.9553892016410828, -0.8707696199417114, 0.9300541281700134, -0.9242902398109436, 0.8720365762710571, -0.9472333788871765, 0.028363391757011414, 0.7571749091148376]",3.603207995183766
1. Dijkstra + Enhanced Sequence Attention,1,1,0,136,12.171283541665002,10.286897928189411,0.0,False,0.7034891349873366,1.9325207608287756,1.2312206604154234,2.29140585791082,2.1423561573028564,"[0.8312476277351379, -0.8615055084228516, -0.029631584882736206, -0.7965578436851501, 0.8954432606697083, 1.0, -0.819828450679779, 0.21726959943771362]",3.572958055883646
1. Dijkstra + Enhanced Sequence Attention,1,1,0,137,12.362841210941292,10.406977901011716,0.0,False,0.7572751320730443,1.8856613647591216,1.165568800029017,2.2168151501977595,1.593277096748352,"[0.8866543173789978, -0.620507001876831, 0.4435277581214905, -0.5729236602783203, 0.08356303721666336, 0.525493323802948, -0.658329963684082, 0.3547734022140503]",3.279041964560747
1. Dijkstra + Enhanced Sequence Attention,1,1,0,138,12.54776505802141,10.513654937551022,0.0,False,0.7097112966417265,1.812646668807027,0.9545667427430004,2.048630179482913,1.6373412609100342,"[0.503188967704773, -0.6690409183502197, 0.5371159911155701, 0.5927714109420776, -0.6388807892799377, 0.3212188184261322, -0.8359703421592712, 0.3605595827102661]",3.728875075466931
1. Dijkstra + Enhanced Sequence Attention,1,1,0,139,12.716942513881438,10.600277753857593,0.0,False,0.5792060559737539,1.5357813342187865,0.8658358880960795,1.763036043775045,1.223734974861145,"[0.4684014916419983, -0.2411011904478073, 0.3156024217605591, 0.3717120289802551, -0.6989313364028931, -0.15464681386947632, -0.07086552679538727, 0.6817479133605957]",3.5729999653995037
1. Dijkstra + Enhanced Sequence Attention,1,1,0,140,12.832237559301895,10.66857886799132,0.0,False,0.4540740841684984,0.831107929107523,0.4200799355913936,0.9312397876550726,1.4320014715194702,"[0.5171608924865723, -0.48759472370147705, 0.10836675763130188, 0.610601544380188, -0.5108504295349121, -0.18751433491706848, -0.48363423347473145, 0.7942383885383606]",3.4137920010834932
1. Dijkstra + Enhanced Sequence Attention,1,1,0,141,12.91450479692691,10.710022978966702,0.0,False,0.48201852912762533,0.8406304484706686,0.8395365146576798,1.1880577049704117,1.8563710451126099,"[-0.7097815871238708, -0.012549370527267456, 0.5895761251449585, -1.0, 0.5924764275550842, 0.30627506971359253, 0.7181628942489624, 0.7962257266044617]",4.0755829541012645
1. Dijkstra + Enhanced Sequence Attention,1,1,0,142,13.006928110794602,10.814913465732824,0.0,False,0.537627617844418,0.9994587848642752,1.3403924828776204,1.671995774754591,1.6932737827301025,"[-0.6425157189369202, 0.2759455144405365, 0.6036193370819092, -0.6791489720344543, 0.5839899182319641, -0.459615021944046, 0.8627913594245911, 0.5058706998825073]",3.569583990611136
1. Dijkstra + Enhanced Sequence Attention,1,1,0,143,13.112597978291015,10.958976252577468,0.0,False,0.532276217681091,1.138420909657247,1.603100838345155,1.966197972089223,1.9595317840576172,"[-0.9260250329971313, -0.27423572540283203, 0.6110894680023193, -0.8215516805648804, 0.9263147711753845, -0.5917248129844666, 0.5480040311813354, 0.5917379856109619]",3.6639170721173286
1. Dijkstra + Enhanced Sequence Attention,1,1,0,144,13.240302191044899,11.119975397894356,0.0,False,0.48549567273267846,1.592526437480118,1.545147570759325,2.2189234933851503,1.8358843326568604,"[-0.519152820110321, -0.9516624212265015, 0.6440427303314209, 0.2748875617980957, 0.8489763140678406, -0.419123113155365, -0.7340145111083984, 0.5193589925765991]",3.3141670282930136
1. Dijkstra + Enhanced Sequence Attention,1,1,0,145,13.376833088187778,11.236577642811083,0.0,False,0.49095876018026985,0.8426801963675485,0.7463549584237155,1.125680077692466,1.9177882671356201,"[0.18494978547096252, -0.9149148464202881, 0.04807542264461517, 0.8128874897956848, -0.44999080896377563, 1.0, -0.8579721450805664, -0.4526934027671814]",3.4224579576402903
1. Dijkstra + Enhanced Sequence Attention,1,1,0,146,13.425294314266143,11.317502675923993,0.0,False,0.5788344795603491,0.187209333503421,0.8809366752100651,0.9006091051510411,2.1544175148010254,"[0.7819482684135437, -0.7059072256088257, 0.4446903467178345, 0.9282470345497131, -0.9494997262954712, 0.5687926411628723, -0.840263307094574, 0.7357019186019897]",3.806707914918661
1. Dijkstra + Enhanced Sequence Attention,1,1,0,147,13.425802966179758,11.396353801840068,0.0,False,0.6036371572624315,-0.20223940737916987,0.699746220494231,0.7283855785180255,1.9335224628448486,"[0.8438699841499329, -0.43742281198501587, 0.6482471823692322, 0.8930689692497253, -0.8558831810951233, 0.28628137707710266, -0.7488856911659241, 0.49186795949935913]",3.4661670215427876
1. Dijkstra + Enhanced Sequence Attention,1,1,0,148,13.408840712296634,11.497803796472843,0.0,False,0.5183797966829528,0.041291287358391694,1.1672436707218632,1.1679737827759504,1.302638053894043,"[0.27220308780670166, -0.24248385429382324, 0.582621693611145, 0.707807719707489, -0.1857224553823471, 0.32235702872276306, 0.5529221296310425, 0.5285861492156982]",3.3214580034837127
1. Dijkstra + Enhanced Sequence Attention,1,1,0,149,13.46749225985701,11.618466636921902,0.0,False,0.44733355331286057,0.5326621181935175,1.2787917102113988,1.3852931712326453,1.663412094116211,"[-0.8745115399360657, -0.6529035568237305, 0.3133969306945801, -0.8332422971725464, 0.7598503232002258, -0.03877534717321396, 0.41234850883483887, -0.18565744161605835]",3.6349999718368053
1. Dijkstra + Enhanced Sequence Attention,1,1,0,150,13.518046600171457,11.75459602883037,0.0,False,0.48003879548911094,0.5981394555826558,1.4493272220912277,1.567903123607894,2.3019394874572754,"[-0.9512664079666138, -0.014423221349716187, 0.7641921639442444, -0.998752772808075, 0.9703972339630127, -0.9131237864494324, 0.7563815116882324, 0.6817137002944946]",3.565042046830058
1. Dijkstra + Enhanced Sequence Attention,1,1,0,151,13.616308218020071,11.909440674002418,0.0,False,0.5094035339263634,1.6291639414781618,1.736130487167473,2.380824272533575,2.2409396171569824,"[-0.9227793216705322, -0.9034556150436401, 0.9155985713005066, -0.8660300374031067, 0.8510034680366516, -0.8250292539596558, 0.180559441447258, 0.5729274749755859]",3.2127079321071506
1. Dijkstra + Enhanced Sequence Attention,1,1,0,152,13.758231332004282,12.066731420435193,0.0,False,0.6325583635188452,1.2398574749122926,1.480983733348605,1.9314656032503033,1.9197871685028076,"[-0.2670063376426697, -0.81641685962677, -0.11883705854415894, -0.7094255089759827, 0.964850127696991, 1.0, -0.6653466820716858, 0.23816999793052673]",3.2529999734833837
1. Dijkstra + Enhanced Sequence Attention,1,1,0,153,13.886182409476827,12.209030194081254,0.0,False,0.6500973909166395,1.321121779076681,1.3820765740867043,1.9119357760630915,1.5497373342514038,"[-0.342354953289032, -0.9098958969116211, 0.459782212972641, 0.032131850719451904, 0.1309223771095276, 0.5505519509315491, -0.8786266446113586, 0.3897477984428406]",3.3297078916803002
1. Dijkstra + Enhanced Sequence Attention,1,1,0,154,14.009054095372068,12.343606491077306,0.0,False,0.5771883414689694,1.0966038857113753,1.3133454525980643,1.7109694211228037,2.1594107151031494,"[-0.09908962994813919, -0.7693562507629395, 0.77488774061203, 0.8402578234672546, -0.8716763854026794, 0.6987625360488892, -1.0, 0.711866557598114]",3.573749912902713
1. Dijkstra + Enhanced Sequence Attention,1,1,0,155,14.087702509235989,12.472683381289055,0.0,False,0.46204784918479963,-0.10788490600933878,1.608819680789753,1.612432918989527,2.1551625728607178,"[0.7900980114936829, -0.7156672477722168, 0.9051613211631775, 0.8905447125434875, -0.8336605429649353, 0.23093709349632263, -0.8765440583229065, 0.6158356666564941]",3.635082975961268
1. Dijkstra + Enhanced Sequence Attention,1,1,0,156,14.092413310605677,12.613771986916484,0.0,False,0.522263301502904,0.2897654113015304,1.0713457808803535,1.1098404280782348,1.3595376014709473,"[0.39697790145874023, -0.34773677587509155, 0.793097734451294, 0.017010539770126343, -0.4504191279411316, 0.012132182717323303, -0.26525479555130005, 0.8167937994003296]",3.366874996572733
1. Dijkstra + Enhanced Sequence Attention,1,1,0,157,14.132383781070935,12.713658903811742,0.0,False,0.5487544796661946,0.4388166148635299,0.9793433115293636,1.0731604462136999,1.3597424030303955,"[-0.2953154444694519, -0.14952261745929718, 0.9122863411903381, -0.34689459204673767, 0.055334486067295074, 0.33340147137641907, -0.007296830415725708, 0.8200348019599915]",3.566207946278155
1. Dijkstra + Enhanced Sequence Attention,1,1,0,158,14.186652499125017,12.815676901183043,0.0,False,0.47978646171860995,0.643594798819435,1.0716736604448076,1.2500794772967845,2.1000280380249023,"[-0.9143760800361633, 0.332246869802475, 0.364913672208786, -1.0, 0.8477531671524048, -0.629508912563324, 0.8297833800315857, 0.7259320020675659]",3.339666989631951
1. Dijkstra + Enhanced Sequence Attention,1,1,0,159,14.303749321971571,12.902022071799088,0.0,False,0.4184101441866356,1.9738579036344424,0.5945557331232075,2.061458596123102,1.9746993780136108,"[-0.9274353981018066, -0.5900729894638062, 0.3586617112159729, -0.963574230670929, 0.8754544854164124, -0.09101412445306778, 0.5018864870071411, 0.7793634533882141]",3.3509579952806234
1. Dijkstra + Enhanced Sequence Attention,1,1,0,160,14.524396927557852,12.967725440008039,0.0,False,0.49232522305425663,2.1165225753540957,0.640520706939735,2.2113196485361657,1.9830951690673828,"[-0.8056082725524902, 0.303415447473526, -0.5503722429275513, -0.8664904236793518, 0.992758572101593, 0.10117294639348984, 0.6986958384513855, 0.8086433410644531]",3.616834059357643
1. Dijkstra + Enhanced Sequence Attention,1,1,0,161,14.719763259643399,13.013057217697707,0.0,False,0.4879451574518575,1.9471951133172798,0.3727644543197179,1.9825544501301775,1.6293416023254395,"[-0.545107364654541, -0.8507380485534668, 0.3153032660484314, 0.3309399485588074, 0.29184719920158386, 0.6044386029243469, -0.8005040884017944, 0.577573835849762]",3.5183329600840807
1. Dijkstra + Enhanced Sequence Attention,1,1,0,162,14.869192945696762,12.965731684694859,0.0,False,0.44003475178192014,0.8289279576030555,-1.0848345791616223,1.3652793205204374,1.976094365119934,"[0.25152796506881714, -0.810806155204773, 0.7881203293800354, 0.7606073021888733, -0.8564755320549011, 0.6137109994888306, -0.8006720542907715, 0.4830641448497772]",3.2184580340981483
1. Dijkstra + Enhanced Sequence Attention,1,1,0,163,14.945738789257081,12.833367594969047,0.0,False,0.5253656198216335,0.6706801404156629,-1.3736011250874816,1.5285914763564423,2.1552677154541016,"[0.7518381476402283, -0.825177788734436, 0.7704289555549622, 0.7803052067756653, -0.9077419638633728, 0.47158077359199524, -0.9268507361412048, 0.5395614504814148]",3.3637500600889325
1. Dijkstra + Enhanced Sequence Attention,1,1,0,164,15.000527143428883,12.694186375377505,0.0,False,0.5653620011647907,0.4872819794727429,-1.2872206061621467,1.3763650011705904,1.7914886474609375,"[0.7535045742988586, -0.5205210447311401, 0.9219417572021484, -0.6285240650177002, -0.7827452421188354, -0.06269646435976028, -0.23857520520687103, 0.6724296808242798]",3.4142909571528435
1. Dijkstra + Enhanced Sequence Attention,1,1,0,165,15.07720726453337,12.570075465919508,0.0,False,0.5098920147222133,0.8879479618320838,-1.1644174817849409,1.4643495671485462,2.060189723968506,"[-0.8902972340583801, 0.22706946730613708, 0.1260347068309784, -1.0, 0.6542859673500061, -0.3223661482334137, 1.0, 0.9231991767883301]",3.452792065218091
1. Dijkstra + Enhanced Sequence Attention,1,1,0,166,15.172121160020255,12.532457143906917,0.0,False,0.44494994040925084,0.9967494760122764,0.47646861180734945,1.1047768353691936,2.159306526184082,"[-0.8908608555793762, 0.6926292181015015, -0.49954622983932495, -0.899796187877655, 0.8323875069618225, 0.19461357593536377, 0.9693912267684937, 0.8121538162231445]",3.2624169252812862
1. Dijkstra + Enhanced Sequence Attention,1,1,0,167,15.29037282780833,12.588335702884761,0.0,False,0.49296180542201706,1.4364570533053138,0.7435227586057811,1.617477962309019,1.551129698753357,"[-0.6979177594184875, -0.4597635269165039, -0.015325099229812622, -0.7056007981300354, 0.8924812078475952, -0.04616048187017441, -0.6387395858764648, 0.05275166034698486]",3.7412920501083136
1. Dijkstra + Enhanced Sequence Attention,1,1,0,168,15.442314430782291,12.665104276980019,0.0,False,0.5506926151721243,1.4814988112517322,0.5617583598642742,1.5844277145448116,2.264885663986206,"[-0.8760859966278076, 0.6823556423187256, -0.9120108485221863, -0.9943557381629944, 0.9048357009887695, 0.6057045459747314, 0.7553796172142029, 0.5655614733695984]",3.8057920755818486
1. Dijkstra + Enhanced Sequence Attention,1,1,0,169,15.591744164152644,12.709100393137959,0.0,False,0.558537404261875,1.5625172146238495,0.4011175069354288,1.6131817319713135,1.6395219564437866,"[-0.7271296977996826, -0.5295850038528442, 0.4569232761859894, -0.7131368517875671, 0.963511049747467, 0.2768937051296234, 0.12833349406719208, 0.37418997287750244]",3.375791944563389
1. Dijkstra + Enhanced Sequence Attention,1,1,0,170,15.740358106140471,12.746094556895214,0.0,False,0.5086809025619966,1.3971644140283457,0.3805105347339326,1.448052715501295,1.6224106550216675,"[0.0035521164536476135, -0.8949779272079468, 0.8219864964485168, 0.5544363856315613, 0.2599835991859436, 0.3779285252094269, -0.7354336977005005, 0.31124305725097656]",3.8380000041797757
1. Dijkstra + Enhanced Sequence Attention,1,1,0,171,15.866718697718449,12.751594884088728,0.0,False,0.44301669832016044,1.0910880820256936,-0.9081225969095162,1.4195632616252756,2.232621908187866,"[0.349481999874115, -0.8693928718566895, 0.8580666780471802, 1.0, -0.8799605369567871, 0.8784294128417969, -0.9069226384162903, 0.04315677285194397]",3.6462920252233744
1. Dijkstra + Enhanced Sequence Attention,1,1,0,172,15.99490136836136,12.617040088194523,0.0,False,0.5599955297070761,1.3544950907752356,-1.6113377919314442,2.1050098409842923,2.1310834884643555,"[0.7382456660270691, -0.5769694447517395, 0.8730732798576355, 0.7358974814414978, -0.8569773435592651, 0.7336269021034241, -0.8787798285484314, 0.5611968040466309]",3.1912080012261868
1. Dijkstra + Enhanced Sequence Attention,1,1,0,173,16.122887080164364,12.473438696090014,0.0,False,0.6884147428734602,1.1523281633168647,-1.299244654856058,1.7366337751941991,1.7568186521530151,"[0.5494622588157654, -0.3032541871070862, 0.7787628769874573, -0.3893517255783081, -0.6358579397201538, 0.5385845899581909, 0.9106982350349426, 0.6408694982528687]",3.2622080761939287
1. Dijkstra + Enhanced Sequence Attention,1,1,0,174,16.253629715636382,12.356252624438897,0.0,False,0.7148769958512717,1.4427482275852108,-1.0050381107600617,1.7583014679742552,1.1823480129241943,"[-0.372778058052063, -0.09757539629936218, -0.3127864599227905, -0.3372824788093567, 0.5296264290809631, 0.23758751153945923, 0.507777214050293, 0.6656410098075867]",3.8345000939443707
1. Dijkstra + Enhanced Sequence Attention,1,1,0,175,16.397436980652703,12.264517632206587,0.0,False,0.6419726703886734,1.427281235513109,-0.8350659432039896,1.6536223434469541,1.685392141342163,"[-0.7611997127532959, 0.5782570838928223, -0.4047396779060364, -0.6735368967056274, 0.6393190026283264, -0.23679208755493164, 0.6605691313743591, 0.6388452649116516]",3.348125028423965
1. Dijkstra + Enhanced Sequence Attention,1,1,0,176,16.554605280498148,12.207150025750947,0.0,False,0.5285559446148757,1.573282063992011,-0.28361857449742556,1.5986419075824687,1.4696952104568481,"[-0.8219532370567322, 0.1994023621082306, -0.4939366579055786, -0.5509995222091675, 0.8169783353805542, 0.23474973440170288, 0.2748706340789795, 0.314558207988739]",3.15912498626858
1. Dijkstra + Enhanced Sequence Attention,1,1,0,177,16.77440200064496,12.205458228222607,0.0,False,0.4750463483244194,3.0727267709697905,0.5761761334952493,3.1262803370529606,1.8969249725341797,"[-0.8849197030067444, -0.2916508913040161, 0.8953438401222229, -0.9671755433082581, 0.8946303725242615, 0.16443967819213867, 0.01952667534351349, 0.4066040515899658]",3.7839580327272415
1. Dijkstra + Enhanced Sequence Attention,1,1,0,178,17.056374206368258,12.245733579012326,0.0,False,0.5197779271839116,2.68864148017276,0.33922303512329643,2.7099566927284706,1.3478411436080933,"[-0.6307455897331238, -1.0, 0.1992449164390564, -0.3709836006164551, 0.09640679508447647, 0.03214561194181442, -0.288205623626709, 0.3848613500595093]",3.293000045232475
1. Dijkstra + Enhanced Sequence Attention,1,1,0,179,17.31169349140562,12.262138139544458,0.0,False,0.48333785382701644,2.029823198557578,-0.1439697767426786,2.0349224835403072,2.0261776447296143,"[0.07750079780817032, -0.6589598655700684, 0.7828240990638733, 0.9530948996543884, -0.885826826095581, 0.45286113023757935, -0.8825891613960266, 0.6125534772872925]",3.5432500299066305
1. Dijkstra + Enhanced Sequence Attention,1,1,0,180,17.490549945030413,12.2060346341732,0.0,False,0.4729511608358751,1.9017646976418896,-1.193054331859385,2.2450139429334044,2.131648302078247,"[0.5072778463363647, -0.4244781732559204, 0.9666585922241211, 0.7098920941352844, -0.8621148467063904, 0.23993563652038574, -0.9312495589256287, 1.0]",3.3058340195566416
1. Dijkstra + Enhanced Sequence Attention,1,1,0,181,17.67966269400975,12.08529966337715,0.0,False,0.5995948859677314,1.8917316873663272,-1.020029848922436,2.1492114064648407,1.8340767621994019,"[0.6041743159294128, -0.7239865064620972, 0.8401357531547546, -0.7797828316688538, -0.8188195824623108, 0.03583565726876259, -0.03168247640132904, 0.6985786557197571]",3.768000053241849
1. Dijkstra + Enhanced Sequence Attention,1,1,0,182,17.87661072746209,11.98519772291544,0.0,False,0.6340530100239132,1.9914936398060785,-0.981511596318461,2.220227900711023,1.4543640613555908,"[-0.04180403798818588, 0.29697468876838684, 0.5691900253295898, -0.47248172760009766, -0.17739275097846985, 0.5030666589736938, 0.5969678163528442, 0.9149327874183655]",3.3934999955818057
1. Dijkstra + Enhanced Sequence Attention,1,1,0,183,18.078617842116625,11.894861677551889,0.0,False,0.5729900624963452,2.02722332312022,-0.764409103342641,2.166553871722485,1.7800579071044922,"[-0.8073294758796692, 0.5266056060791016, -0.14477765560150146, -0.8332740664482117, 0.21822577714920044, -0.07494791597127914, 0.8981515765190125, 0.8150398135185242]",3.3187499502673745
1. Dijkstra + Enhanced Sequence Attention,1,1,0,184,18.2794642301952,11.931364313319168,0.0,False,0.5815548111667255,2.0535254703541392,0.7619967127151093,2.1903437738359295,1.8603092432022095,"[-0.9323981404304504, -0.06162521243095398, 0.5642680525779724, -0.8332570195198059, 0.8078063130378723, 0.1764870285987854, 0.6840859055519104, 0.6505371332168579]",3.396458108909428
1. Dijkstra + Enhanced Sequence Attention,1,1,0,185,18.498917180246178,12.003473601211722,0.0,False,0.541422903818514,2.347671634186322,0.6922402701146624,2.447602642082962,1.3866349458694458,"[-0.8640832901000977, -0.3199485242366791, -0.14612245559692383, -0.4685659408569336, 0.841304361820221, -0.11318110674619675, -0.11751793324947357, 0.3137357532978058]",3.8218339905142784
1. Dijkstra + Enhanced Sequence Attention,1,1,0,186,18.7692989910832,12.067424439665213,0.0,False,0.5061171679947367,2.848234920974956,0.6108280931765026,2.9129972750544852,1.8085931539535522,"[-0.8788976073265076, -0.5257518887519836, 0.43616798520088196, -0.9529394507408142, 0.6367200016975403, -0.24623841047286987, 0.34898680448532104, 0.7320923805236816]",3.702583024278283
1. Dijkstra + Enhanced Sequence Attention,1,1,0,187,19.023130170803185,12.11721114404381,0.0,False,0.472813757812367,1.8545287163392625,0.12725287417620476,1.8588894678579084,1.9570739269256592,"[0.09297161549329758, -0.9322255849838257, 0.7356623411178589, 0.8370997309684753, -0.6001238822937012, 0.6285228133201599, -0.7621926665306091, 0.6118720769882202]",3.1469169771298766
1. Dijkstra + Enhanced Sequence Attention,1,1,0,188,19.185826138721648,12.107187846347697,0.0,False,0.46388024266058125,1.5918115924983849,-0.3654982856687519,1.6332339522674149,2.0007712841033936,"[0.7172126770019531, -0.4133685231208801, 0.5601018667221069, 0.9159088730812073, -0.8633239269256592, 0.545512318611145, -0.8186406493186951, 0.6724064946174622]",3.1692920019850135
1. Dijkstra + Enhanced Sequence Attention,1,1,0,189,19.342517398777566,12.059172452888165,0.0,False,0.5642349549105183,1.5092532124550937,-0.5937835474770133,1.6218582430534447,1.6243798732757568,"[0.6410542130470276, -0.4610074460506439, 0.7904630899429321, -0.44681599736213684, -0.7330449819564819, 0.052623309195041656, -0.581798255443573, 0.5586069822311401]",3.5339160822331905
1. Dijkstra + Enhanced Sequence Attention,1,1,0,190,19.502885758673592,12.013814191105455,0.0,False,0.5740342502461334,1.7429129250591682,-0.37501986689647304,1.7828026713311134,1.573307991027832,"[0.27475979924201965, -0.06623545289039612, 0.8328844904899597, -0.6206076145172119, -0.13634082674980164, 0.4926770031452179, 0.6809177994728088, 0.7691547274589539]",3.461332991719246
1. Dijkstra + Enhanced Sequence Attention,1,1,0,191,19.65220387213079,11.994512435128916,0.0,False,0.5193459858708382,0.9917300156491838,0.060434595545746705,0.9935697078103319,1.817850112915039,"[-0.8895975947380066, 0.4107683002948761, 0.0905490517616272, -0.9394176602363586, 0.11506495624780655, -0.10519183427095413, 0.8663108944892883, 0.8239902257919312]",3.1709170434623957
1. Dijkstra + Enhanced Sequence Attention,1,1,0,192,19.74023539032682,12.080392424512487,0.0,False,0.5083630004484615,0.8592065129527168,1.3895792488052954,1.6337583421701802,1.3684020042419434,"[-0.7898749709129333, -0.5532320737838745, -0.009617701172828674, -0.359091579914093, 0.5083420872688293, 0.14561395347118378, 0.7197805047035217, 0.12576887011528015]",3.0717920744791627
1. Dijkstra + Enhanced Sequence Attention,1,1,0,193,19.83507208773639,12.222562105882584,0.0,False,0.45120561740257636,1.0319337034312486,1.4450566821225286,1.7756902834740924,2.129592180252075,"[-0.8556491136550903, -0.3721080422401428, 0.8587340712547302, -0.9609925746917725, 0.7925300002098083, -0.9684751629829407, 0.04908962547779083, 0.6596771478652954]",3.675249987281859
1. Dijkstra + Enhanced Sequence Attention,1,1,0,194,20.030115753670852,12.393148453896355,0.0,False,0.48858892276526217,2.491074123806657,1.9527543801724365,3.165233002415737,2.5793752670288086,"[-0.9718562364578247, -0.8826690912246704, 0.7475782036781311, -1.0, 1.0, -0.9595974087715149, -0.734001100063324, 0.954520583152771]",3.450124990195036
1. Dijkstra + Enhanced Sequence Attention,1,1,0,195,20.254410008862795,12.568616970289149,0.0,False,0.5822980756252633,2.1741438843005634,1.6775065852413358,2.7460753764544754,1.9685556888580322,"[0.7822694182395935, -1.0, 0.6126652956008911, 0.7822629809379578, 0.2807617783546448, 0.5865346193313599, -0.8983640074729919, -0.2146262526512146]",3.7868329090997577
1. Dijkstra + Enhanced Sequence Attention,1,1,0,196,20.45028349100965,12.699142027116467,0.0,False,0.6230274394227092,1.7615678766777592,0.999368078857364,2.02530440704158,2.1970503330230713,"[1.0, -0.862101674079895, -0.2601199150085449, 1.0, -1.0, 0.2066573202610016, -0.8998170495033264, -0.40468519926071167]",3.629624960012734
1. Dijkstra + Enhanced Sequence Attention,1,1,0,197,20.534649573440376,12.814043555705746,0.0,False,0.7306397413704407,0.48384299130714276,1.2929912690764154,1.380554403906229,1.832788109779358,"[0.820578396320343, -0.49634677171707153, -0.37740427255630493, 0.759605348110199, -0.8600617051124573, 0.05501987785100937, 0.4012863039970398, 0.9034407138824463]",3.239499987103045
1. Dijkstra + Enhanced Sequence Attention,1,1,0,198,20.583751655784788,12.962761143294333,0.0,False,0.7683289286120774,0.6793515619096441,1.6833751196755629,1.8152879491176568,1.7570255994796753,"[0.8206354379653931, -0.9882347583770752, -0.5002918839454651, 0.6724523901939392, -0.5535916686058044, 0.26198771595954895, -0.5956296920776367, 0.06876325607299805]",3.438625019043684
1. Dijkstra + Enhanced Sequence Attention,1,1,0,199,20.599467841426698,13.129240609245286,0.0,False,0.7840807856085181,-0.15623277403140723,1.7107273112829973,1.71784650456643,1.7300490140914917,"[-0.09588562697172165, -0.9416488409042358, -0.7867677807807922, -0.2717379927635193, -0.2035234272480011, 0.7353025078773499, 0.8526394963264465, -0.30861330032348633]",3.310207976028323
1. Dijkstra + Enhanced Sequence Attention,1,1,0,200,20.568850951051495,13.304480487120973,0.0,False,0.8027751605609923,-0.3703818797510144,1.7227227469944497,1.7620886469925392,1.146946668624878,"[-0.5069860219955444, -0.23623622953891754, -0.06973066926002502, -0.5764586925506592, -0.27830031514167786, 0.35925713181495667, 0.6552025079727173, 0.17225097119808197]",3.36845894344151
1. Dijkstra + Enhanced Sequence Attention,1,1,0,201,20.5249095871647,13.476531514032994,0.0,False,0.7600405766220912,-0.47399700549655305,1.7096676431752684,1.7741580006696631,1.3791024684906006,"[-0.1258736103773117, -0.6129616498947144, 0.03671973943710327, -0.5257207751274109, -0.29189783334732056, 0.08994189649820328, 1.0, 0.3732733130455017]",3.9824580308049917
1. Dijkstra + Enhanced Sequence Attention,1,1,0,202,20.48700062781088,13.625070040191886,0.0,False,0.6154391973844261,-0.3453439238774799,1.3479461073212775,1.3914816326497736,1.8235633373260498,"[0.5099419951438904, -0.6976871490478516, 0.4033688008785248, -0.9300839304924011, -0.15630711615085602, -0.7273006439208984, -0.8619831204414368, 0.5043803453445435]",3.3936670515686274
1. Dijkstra + Enhanced Sequence Attention,1,1,0,203,20.520470112780497,13.744002686614627,0.0,False,0.48287382166856146,1.183947043383131,0.6513179338652508,1.3512755649793111,1.8342061042785645,"[0.444851279258728, 0.4684871733188629, 0.3598182201385498, -1.0, -0.16167137026786804, -0.8531503081321716, -0.6019814610481262, 0.8373082280158997]",3.236499964259565
1. Dijkstra + Enhanced Sequence Attention,1,1,0,204,20.630783316701283,13.794597238142375,0.0,False,0.5374446073598701,0.6060173693466681,0.32035352753952084,0.685480440681476,2.4432568550109863,"[0.9222287535667419, -0.5254920721054077, 0.8242536187171936, -0.9597285985946655, -0.8536247611045837, -1.0, -0.8583618998527527, 0.881432056427002]",3.380000009201467
1. Dijkstra + Enhanced Sequence Attention,1,1,0,205,20.674358055086138,13.822640609852444,0.0,False,0.5820039857215895,0.42393419829464607,0.4661273218853638,0.6300753008107411,1.9945929050445557,"[0.9989786744117737, -0.7792730927467346, 0.5433394312858582, -0.22354763746261597, -0.8670569062232971, -0.9174676537513733, -0.524681806564331, 0.39894723892211914]",3.2998749520629644
1. Dijkstra + Enhanced Sequence Attention,1,1,0,206,20.738982860660048,13.894303618491955,0.0,False,0.5539696606945919,0.5642670419317269,0.5029868083557765,0.7559054332324328,1.6701250076293945,"[0.1379653513431549, -0.903887152671814, -0.8165482878684998, 0.09977120161056519, 0.02827269770205021, 0.3078670799732208, 0.9145880341529846, -0.5869523882865906]",3.351749968715012
1. Dijkstra + Enhanced Sequence Attention,1,1,0,207,20.78435830929876,13.91129437202735,0.0,False,0.5457178209352976,0.3975585273480241,0.2585556498213154,0.4742402415671326,1.9477237462997437,"[-0.6293160319328308, -0.9124279022216797, -0.8356297612190247, 0.05754643678665161, 0.46985703706741333, 0.8310409784317017, 0.8907045722007751, -0.39840495586395264]",3.389874938875437
1. Dijkstra + Enhanced Sequence Attention,1,1,0,208,20.838427456490603,13.972600131612367,0.0,False,0.5052086689763654,0.9494454515877795,1.1591681465911277,1.4983716019773707,1.869417428970337,"[-0.7558379173278809, -0.8805724382400513, -0.6332476139068604, -0.6433249711990356, 0.2284339964389801, 0.6668179631233215, 0.8875632882118225, 0.22035518288612366]",3.3066250616684556
1. Dijkstra + Enhanced Sequence Attention,1,1,0,209,20.929248267815783,14.113320855805458,0.0,False,0.5555468542032521,0.8273844104104092,1.1646700781069115,1.428643186183219,1.074082851409912,"[-0.5105795860290527, -0.6252635717391968, -0.563213586807251, -0.14456360042095184, 0.07326092571020126, -0.014381729066371918, 0.3627890348434448, 0.1634318083524704]",3.4797079861164093
1. Dijkstra + Enhanced Sequence Attention,1,1,0,210,20.98435892523964,14.22438181261207,0.0,False,0.5398098665587948,-0.04365918271958152,0.9527218737491914,0.95372170624135,2.297595739364624,"[0.9205260872840881, 0.131412535905838, 0.9244410991668701, -0.7481048107147217, -1.0, -1.0, 0.007497802376747131, 1.0]",3.17783304490149
1. Dijkstra + Enhanced Sequence Attention,1,1,0,211,20.89901133256926,14.297318577823397,0.0,False,0.5168858658844508,-1.6917668325431139,0.4396476470826043,1.7479602596392831,2.3119993209838867,"[0.9085846543312073, -0.4790986180305481, 0.7725507020950317, -0.8596122860908508, -0.8002703189849854, -0.9098451137542725, -0.8780295252799988, 0.8457690477371216]",3.5932500613853335
1. Dijkstra + Enhanced Sequence Attention,1,1,0,212,20.748983068853736,14.36744856476755,0.0,False,0.5317178800360477,-1.379901118931693,0.8939574628554139,1.6441675837407288,1.450704574584961,"[0.44037312269210815, -0.5333825945854187, 0.631837010383606, -0.34354424476623535, -0.15262100100517273, 0.9106267690658569, -0.4358164668083191, -0.2576965093612671]",3.4337500110268593
1. Dijkstra + Enhanced Sequence Attention,1,1,0,213,20.605444397381667,14.479726509276224,0.0,False,0.5177579383638067,-1.5249313450035,1.3116023050392427,2.0113965828643634,2.0016028881073,"[0.8132240772247314, -0.7081634998321533, 0.6743857264518738, -0.16390320658683777, -0.8883521556854248, -0.8461453318595886, -0.5054270625114441, 0.7754590511322021]",3.3681669738143682
1. Dijkstra + Enhanced Sequence Attention,1,1,0,214,20.497770466344505,14.611941743856901,0.0,False,0.45984146561916134,-0.48460874684890326,0.9994905361900279,1.1107776417698971,1.8269742727279663,"[-0.7454875111579895, -0.884597897529602, 0.5986273288726807, -0.6608110666275024, -0.46471595764160156, 0.2389751672744751, 0.4735931158065796, -0.8409419059753418]",3.6670409608632326
1. Dijkstra + Enhanced Sequence Attention,1,1,0,215,20.531098520845298,14.700891101601854,0.0,False,0.5340718660189354,0.7954414136340179,0.8469370262936678,1.1619076422122567,2.2650935649871826,"[-0.9498798251152039, -0.9150702953338623, -0.46572667360305786, -0.5056204199790955, 0.8522661328315735, 0.8584029078483582, 0.8351204991340637, -0.8705346584320068]",3.5687079653143883
1. Dijkstra + Enhanced Sequence Attention,1,1,0,216,20.620240196813814,14.780351919366929,0.0,False,0.5586923843317421,0.9937429456208638,0.7805860482488796,1.2636611969559062,2.214245557785034,"[-0.9265386462211609, -0.889037013053894, -0.8605583310127258, -0.8021082878112793, 0.7456561923027039, 0.7090314626693726, 0.6896737813949585, -0.5794010758399963]",3.298332914710045
1. Dijkstra + Enhanced Sequence Attention,1,1,0,217,20.721536013982753,14.901746603445877,0.0,False,0.5409307617709052,1.1449165482053232,1.6089123488007089,1.974698166423873,1.6255687475204468,"[0.290091335773468, -0.7469421029090881, -0.7896822094917297, -0.5247553586959839, 0.30443263053894043, 0.5069043040275574, 0.8523549437522888, -0.15903455018997192]",3.375167027115822
1. Dijkstra + Enhanced Sequence Attention,1,1,0,218,20.822537569074452,15.049797370318455,0.0,False,0.6055079345567514,0.8453279655137437,1.360908746333988,1.6020773967346122,1.9265927076339722,"[-0.4813666343688965, -0.8507152795791626, 0.7525507807731628, -0.9295625686645508, -0.7949782013893127, 0.6102816462516785, 0.26052945852279663, 0.5035873651504517]",3.6236250307410955
1. Dijkstra + Enhanced Sequence Attention,1,1,0,219,20.893553492892725,15.185786523020198,0.0,False,0.5798553732821907,0.5815699696368509,1.349728935050869,1.4696910653933228,2.172724723815918,"[0.7556208372116089, 0.04920569062232971, 0.9467015862464905, -1.0, -0.9307538866996765, -1.0, -0.22713421285152435, 0.577244758605957]",3.3595410641282797
1. Dijkstra + Enhanced Sequence Attention,1,1,0,220,20.9317873903262,15.319075974407065,0.0,False,0.4775603790474634,-0.47562993146187277,1.3315696792918936,1.413966634157943,2.247840404510498,"[0.887485921382904, -0.3992888331413269, 0.7868263125419617, -0.8841016888618469, -0.8086961507797241, -0.9488057494163513, -0.9900429844856262, 0.4130203425884247]",3.4345000749453902
1. Dijkstra + Enhanced Sequence Attention,1,1,0,221,20.836375316228455,15.460999245808482,0.0,False,0.5868753534920061,-1.0600937510299515,1.2873537053701651,1.6676565364915663,2.34277606010437,"[0.896821916103363, -0.7208459973335266, 0.8495410680770874, -0.8403182029724121, -0.8077226877212524, -0.8660286068916321, -0.8271856904029846, 0.8063368201255798]",3.4227919531986117
1. Dijkstra + Enhanced Sequence Attention,1,1,0,222,20.76800548861366,15.60720714444657,0.0,False,0.6296723118692106,-0.46362764908464,1.6050514626322467,1.6706707619078227,1.450256586074829,"[0.08426588028669357, -0.7797187566757202, 0.736518383026123, 0.35224229097366333, -0.4799266755580902, 0.11263547092676163, 0.13465069234371185, 0.7486662864685059]",3.506458015181124
1. Dijkstra + Enhanced Sequence Attention,1,1,0,223,20.72730422641859,15.774525111287684,0.0,False,0.5973128574351722,-0.42823915164962034,1.791367943447926,1.841843608946872,2.2059552669525146,"[-0.6969608664512634, -0.8426024913787842, -0.9616596102714539, -0.2926234006881714, 0.3944101333618164, 0.9897850155830383, 0.8294453024864197, -0.9148083925247192]",3.647790988907218
1. Dijkstra + Enhanced Sequence Attention,1,1,0,224,20.69790070368116,15.964543985010915,0.0,False,0.5053732152709431,0.02486268075580349,2.075809303776402,2.075958192868786,2.240729808807373,"[-0.9003426432609558, -0.8754230737686157, -0.92214435338974, -0.6773905754089355, 0.3940013647079468, 0.8792351484298706, 0.9815091490745544, -0.4929783344268799]",3.3216250594705343
1. Dijkstra + Enhanced Sequence Attention,1,1,0,225,20.750072202425375,16.228758834492698,0.0,False,0.5529184036079925,0.4715395137965655,2.811001803526322,2.8502772939662795,1.8477922677993774,"[-0.12401605397462845, -0.8916267156600952, -0.8839512467384338, -0.5063063502311707, 0.1372239887714386, 0.7338904738426208, 1.0, -0.09389704465866089]",3.6885420558974147
1. Dijkstra + Enhanced Sequence Attention,1,1,0,226,20.778346503558048,16.499182569327306,0.0,False,0.6444929677791287,0.14698885838118667,2.7111851905874174,2.7151668203167065,2.4166996479034424,"[0.9673611521720886, -0.017145365476608276, 0.9377023577690125, -0.9424137473106384, -0.9529346227645874, -1.0, -0.47837406396865845, 1.0]",3.1619580695405602
1. Dijkstra + Enhanced Sequence Attention,1,1,0,227,20.78454483902883,16.75029649342784,0.0,False,0.6758025183699832,-0.024672423541015707,2.2823243146533514,2.2824576678968826,2.249220371246338,"[1.0, 0.055718958377838135, 0.8146745562553406, -0.5884613990783691, -0.6896693706512451, -1.0, -1.0, 0.7551573514938354]",3.44287499319762
1. Dijkstra + Enhanced Sequence Attention,1,1,0,228,20.76733727705666,16.940707764436276,0.0,False,0.6705016444791301,-0.3161336209151826,1.5891920003493143,1.6203307317480589,2.311762809753418,"[0.903200626373291, -0.9097883701324463, 0.8300992846488953, -0.9048747420310974, -0.8515617251396179, -0.5670577883720398, -1.0, -0.3823429346084595]",3.522624960169196
1. Dijkstra + Enhanced Sequence Attention,1,1,0,229,20.74332676420808,17.12613380625576,0.0,False,0.5969735743046113,0.07773887933062652,1.9174385825087048,1.9190138225277515,1.806622862815857,"[0.9465636610984802, -0.8593844771385193, 0.5260053873062134, -0.1677536964416504, -0.598004162311554, -0.5888181328773499, -0.0870867520570755, 0.7827123999595642]",3.704792005009949
1. Dijkstra + Enhanced Sequence Attention,1,1,0,230,20.73035552672016,17.234252650367992,0.0,False,0.5671482123119362,-0.14650165265427686,0.9178706609007435,0.9294887220256103,2.0041451454162598,"[-0.4613356292247772, -0.9883013963699341, -0.78205406665802, 0.26518577337265015, 0.24806055426597595, 0.8822602033615112, 0.8396217226982117, -0.7747349739074707]",3.573708003386855
1. Dijkstra + Enhanced Sequence Attention,1,1,0,231,20.736758865614867,17.34929959224985,0.0,False,0.500072693426911,0.7456567200598399,1.8480743462988731,1.9928328413638725,2.131737232208252,"[-0.8336316347122192, -0.8394801616668701, -0.7985348105430603, -0.7742214202880859, 0.35948553681373596, 0.832217812538147, 0.9423335194587708, -0.4446900486946106]",3.5521669778972864
1. Dijkstra + Enhanced Sequence Attention,1,1,0,232,20.823011907141026,17.56669652103123,0.0,False,0.533004784572141,0.8252667123800048,2.463794055712979,2.598335293130799,1.7874188423156738,"[-0.8031448125839233, -0.8992112874984741, -0.7899202704429626, -0.43711259961128235, 0.3409695625305176, 0.14726723730564117, 0.6772451996803284, -0.5741018056869507]",3.41895897872746
1. Dijkstra + Enhanced Sequence Attention,1,1,0,233,20.878281853390924,17.77944183766004,0.0,False,0.5878840874992953,0.3603510820798562,2.0906649698267645,2.1214930870537545,2.2864251136779785,"[0.36172062158584595, -0.2830158472061157, 1.0, -0.9562450051307678, -1.0, -1.0, -0.33812451362609863, 0.9940158128738403]",3.5027500707656145
1. Dijkstra + Enhanced Sequence Attention,1,1,0,234,20.903447367238325,17.958315183899263,0.0,False,0.5963607847966731,0.18080486313991453,1.5487462771534004,1.5592643873094647,2.5457069873809814,"[0.9448793530464172, 0.5453203916549683, 0.9011540412902832, -0.9797114729881287, -0.7704067826271057, -0.9888234734535217, -1.0, 0.9732633233070374]",3.983458038419485
1. Dijkstra + Enhanced Sequence Attention,1,1,0,235,20.91051766290428,18.081020597288223,0.0,False,0.5643680212985412,-0.30687382994448775,1.0675963575747573,1.110825607470267,2.373825788497925,"[0.9690542817115784, -0.7363219261169434, 0.9413787722587585, -0.9687173366546631, -0.8578061461448669, -0.7664682865142822, -1.0, -0.07681035995483398]",3.2478750217705965
1. Dijkstra + Enhanced Sequence Attention,1,1,0,236,20.83533651483052,18.156735828117196,0.0,False,0.6000176868033539,-0.7685418125029322,0.9342289599899563,1.2097273524431889,1.9173344373703003,"[1.0, -0.6706926226615906, 0.4031279683113098, 0.13057231903076172, -0.6106114387512207, -0.9661839604377747, -0.4066665768623352, 0.7583179473876953]",3.5069999285042286
1. Dijkstra + Enhanced Sequence Attention,1,1,0,237,20.77704604326415,18.257366306637984,0.0,False,0.6072646107459181,-0.469308030183641,1.038990658678699,1.140066496313459,1.5553356409072876,"[-0.20593667030334473, -0.9585843086242676, 0.17788377404212952, 0.4883185029029846, -0.48241060972213745, 0.9039482474327087, 0.037173837423324585, -0.369395911693573]",3.5373750142753124
1. Dijkstra + Enhanced Sequence Attention,1,1,0,238,20.736405006801835,18.376725965635192,0.0,False,0.5406609352167403,-0.3090624025117427,1.3152414504099896,1.351066112935597,2.0434553623199463,"[-0.7759858965873718, -0.8830394744873047, -0.9069738984107971, -0.4433491826057434, 0.2701113820075989, 0.84453284740448, 0.9042863249778748, -0.41316795349121094]",3.537624957971275
1. Dijkstra + Enhanced Sequence Attention,1,1,0,239,20.746003939367355,18.545062973718466,0.0,False,0.4801111325274184,0.4327933928239965,2.359801030777735,2.3991604835299714,1.991958737373352,"[-0.5041580200195312, -0.8049460649490356, -0.8158957362174988, -0.7771234512329102, 0.6952092051506042, 0.7545260190963745, 0.8152487874031067, -0.2809332609176636]",3.7827499909326434
1. Dijkstra + Enhanced Sequence Attention,1,1,0,240,20.7741594263893,18.78001214044779,0.0,False,0.5470322748762191,0.2114870218965064,2.2526587497695623,2.262564519156088,1.2187676429748535,"[-0.024768508970737457, -0.8684878349304199, 0.515597939491272, -0.41788169741630554, -0.4886341989040375, -0.1100848987698555, 0.023857496678829193, 0.1964488923549652]",3.5917499335482717
1. Dijkstra + Enhanced Sequence Attention,1,1,0,241,20.78609439101726,18.998626293822333,0.0,False,0.5400638298972124,0.018934796138411474,2.175792643145948,2.1758750314466213,2.074279308319092,"[0.7533053755760193, -0.4641278088092804, 0.761015772819519, -0.8157208561897278, -0.7204882502555847, -0.7524922490119934, -0.5459268689155579, 0.9443631172180176]",3.247792017646134
1. Dijkstra + Enhanced Sequence Attention,1,1,0,242,20.750738658633935,19.16735279863961,0.0,False,0.5151787862623163,-0.8637942084728614,1.2970586789029122,1.558365057073799,2.224626302719116,"[0.8880980014801025, -0.1528462916612625, 0.8054848909378052, -0.820456862449646, -0.790550172328949, -0.8668481111526489, -0.7961356043815613, 0.8970509767532349]",3.547915956005454
1. Dijkstra + Enhanced Sequence Attention,1,1,0,243,20.624730611196785,19.272100120828565,0.0,False,0.5285837037853196,-1.4969993495451341,0.6209428921784392,1.6206718137505445,1.6444363594055176,"[0.8068156838417053, -0.44468361139297485, 0.6748036742210388, -0.6082490086555481, -0.749444305896759, -0.19832903146743774, -0.6456817984580994, 0.11064779758453369]",3.2308329828083515
1. Dijkstra + Enhanced Sequence Attention,1,1,0,244,20.46562093218121,19.329502268883335,0.0,False,0.5490766584814901,-1.4542809013662872,0.7344801691951565,1.6292311251076952,1.9020432233810425,"[0.6746915578842163, -0.6959623098373413, 0.8039054274559021, 0.4064868092536926, -1.0, -0.6861967444419861, -0.6282549500465393, -0.03362154960632324]",3.2008748967200518
1. Dijkstra + Enhanced Sequence Attention,1,1,0,245,20.352805565079493,19.424314061305708,0.0,False,0.5066464716266043,-1.0390119312003692,0.9763149084741188,1.4257407175519494,1.4077693223953247,"[-0.8228092789649963, -0.5846433043479919, -0.010235846042633057, -0.597784161567688, -0.08648008853197098, 0.24412104487419128, 0.6969037652015686, -0.22976553440093994]",3.5580830881372094
1. Dijkstra + Enhanced Sequence Attention,1,1,0,246,20.316904670319083,19.52058387303725,0.0,False,0.4998546595235005,0.7341450036634508,1.1010092088885537,1.3233254189583934,1.9892709255218506,"[-0.8450202345848083, -0.8987909555435181, -0.22183671593666077, -0.621665358543396, 0.7748532891273499, 0.5561097860336304, 0.7302823066711426, -0.7461012601852417]",3.509625094011426
1. Dijkstra + Enhanced Sequence Attention,1,1,0,247,20.400306771844836,19.630620262487128,0.0,False,0.5404548151389374,0.8811186823054132,1.07525120222543,1.3901565667919784,1.9081791639328003,"[-0.7951462268829346, -0.7941663265228271, -0.6833223700523376, -0.5914987325668335, 0.6904541850090027, 0.552915632724762, 0.6986261010169983, -0.539322555065155]",3.360082977451384
1. Dijkstra + Enhanced Sequence Attention,1,1,0,248,20.476706820489383,19.771175995312213,0.0,False,0.5345746292578328,0.6868169770604694,1.668938689443833,1.8047365206868786,1.522255301475525,"[-0.19183564186096191, -0.8977476358413696, -0.7793386578559875, -0.30808794498443604, 0.20662353932857513, 0.5899443030357361, 0.4995666742324829, 0.3632192611694336]",3.517458913847804
1. Dijkstra + Enhanced Sequence Attention,1,1,0,249,20.547667831583272,19.925074607424197,0.0,False,0.5685054325729764,0.6259605013980694,1.489922509564017,1.6160741424254212,1.0767598152160645,"[-0.2648029327392578, -0.11699363589286804, 0.34437674283981323, -0.6630417704582214, -0.14799734950065613, 0.4652608335018158, 0.4056379199028015, 0.3383355736732483]",3.4473330015316606
1. Dijkstra + Enhanced Sequence Attention,1,1,0,250,20.59178927908793,20.06075276684948,0.0,False,0.5164149582316996,0.28852332035401423,1.250513313100666,1.2833663750582331,1.2191232442855835,"[0.34493371844291687, -0.3675510883331299, 0.4922621250152588, -0.3744884729385376, -0.7126724123954773, -0.2102903425693512, -0.3038867712020874, 0.452938973903656]",3.2512909965589643
1. Dijkstra + Enhanced Sequence Attention,1,1,0,251,20.616677934413485,20.167657821810824,0.0,False,0.40919190731050653,-0.44298970197058973,0.42770066322184275,0.615765972892621,1.7071473598480225,"[0.7366542220115662, -0.21445266902446747, 0.6354507207870483, -0.3810296058654785, -0.7878115177154541, -0.6071646809577942, -0.6598809957504272, 0.5932813882827759]",3.247583983466029
1. Dijkstra + Enhanced Sequence Attention,1,1,0,252,20.477663299268826,20.211899973183698,0.0,False,0.5136843692536603,-1.7851279735567076,0.5044307097011078,1.8550289008164376,1.7615493535995483,"[0.9210972785949707, 0.23914030194282532, 0.11664564907550812, -0.8739416003227234, -0.8242635726928711, -0.750650942325592, -0.18054483830928802, 0.38024213910102844]",3.1756670214235783
1. Dijkstra + Enhanced Sequence Attention,1,1,0,253,20.31205714734104,20.257524488842794,1.0,True,0.6249215304099653,-1.4064569584419038,0.39970534642816896,1.4621509976445366,1.495845913887024,"[0.3455979824066162, -0.6035979986190796, 0.6518663763999939, 0.7483697533607483, -0.5804657936096191, -0.0013878941535949707, 0.11192397773265839, 0.6475569605827332]",3.420540946535766
