scenario_name,mode,seed,step,x,y,action_norm,speed,subgoal_x,subgoal_y,dist_to_subgoal,dist_to_goal,alignment_cos,reached_goal,reward,done
corner_recovery,planner,0,0,20.0,0.0,0.0,0.0,20.003755569458008,-0.07193956524133682,0.07203752736641145,28.284271247461902,1.0,False,0.0,False
corner_recovery,planner,0,1,19.99752443139752,-0.00676424283524511,1.0244064331054688,0.007203014718835097,19.32671356201172,5.427053928375244,5.475067774947031,28.287304552620977,-0.8896269537137567,False,0.0,False
corner_recovery,planner,0,2,19.98354186650044,0.0022417901136665202,1.3789845705032349,0.01663191962997515,19.32671356201172,5.427053928375244,5.464431366300402,28.271050191870344,0.6404154823801759,False,0.0,False
corner_recovery,planner,0,3,19.94352040158726,0.04787552043333114,1.3986170291900635,0.060697240437144945,19.32671356201172,5.427053928375244,5.414426195065887,28.2104816913262,0.8256302052247784,False,0.0,False
corner_recovery,planner,0,4,19.936272283867904,0.11522837266965565,1.7264320850372314,0.06774172949402617,19.32671356201172,5.427053928375244,5.3466861297104336,28.157753732277747,0.9999757414191266,False,0.0,False
corner_recovery,planner,0,5,19.939106327749652,0.17168355076314562,1.085510015487671,0.05652626768407183,19.32671356201172,5.427053928375244,5.290930230631555,28.119923441581115,0.9865145950826238,False,0.0,False
corner_recovery,planner,0,6,19.937015648684444,0.22286693137337243,1.3963452577590942,0.05122606162535866,19.32671356201172,5.427053928375244,5.239850278086239,28.082371434586026,0.9971753344926895,False,0.0,False
corner_recovery,planner,0,7,19.910094364152553,0.16673662557362312,2.016489267349243,0.062252444048570596,19.32671356201172,5.427053928375244,5.292567551431025,28.102850276596893,-0.8451502039982368,False,0.0,False
corner_recovery,planner,0,8,19.795404032749556,0.05162599082987646,2.1192030906677246,0.1624940932724557,19.11412811279297,3.6756176948547363,3.687472406670144,28.103303123112266,-0.5347052413321463,False,0.0,False
corner_recovery,planner,0,9,19.675810759049142,-0.06830406089087229,1.705274224281311,0.1693687350726913,19.32671356201172,5.427053928375244,5.506435170159576,28.104703465901984,-0.6440898434019566,False,0.0,False
corner_recovery,planner,0,10,19.572131416553265,-0.16443588044998,1.5134609937667847,0.1413885879133183,20.073532104492188,2.9242091178894043,3.1290782309863268,28.10111746111905,-0.7705948275129842,False,0.0,False
corner_recovery,planner,0,11,19.50755323008353,-0.2443759854673419,1.5676357746124268,0.10276557087812381,20.073532104492188,2.9242091178894043,3.2187363426492657,28.113686916971762,-0.8685310378617008,False,0.0,False
corner_recovery,planner,0,12,19.505325878367735,-0.2823285257454473,1.3843810558319092,0.038017843300574936,20.073532104492188,2.9242091178894043,3.2564922808835184,28.139484502165097,-0.9930299075827259,False,0.0,False
corner_recovery,planner,0,13,19.457520414258866,-0.30992106467678665,1.4544035196304321,0.055197016253977334,20.073532104492188,2.9242091178894043,3.292274053035339,28.126286536347138,-0.6433420912031961,False,0.0,False
corner_recovery,planner,0,14,19.391995913333506,-0.3583799462710234,1.460560917854309,0.08149676942604368,20.073532104492188,2.9242091178894043,3.3525934057091855,28.11606550603184,-0.7345473927849376,False,0.0,False
corner_recovery,planner,0,15,19.356247742702774,-0.438459346592855,1.585635781288147,0.08769630584778437,20.073532104492188,2.9242091178894043,3.4383187836050224,28.149510602126195,-0.9769442550601336,False,0.0,False
corner_recovery,planner,0,16,19.30649398022212,-0.5176846613836906,2.0872278213500977,0.09355259154448087,20.073532104492188,2.9242091178894043,3.526326739240505,28.172967427524075,-0.9391676043981199,False,0.0,False
corner_recovery,planner,0,17,19.202659973161573,-0.5645866536248432,1.4839547872543335,0.11393549885105364,20.073532104492188,2.9242091178894043,3.5958467993595087,28.13617554464904,-0.6000299662479563,False,0.0,False
corner_recovery,planner,0,18,19.108551620320835,-0.6133691270140286,1.5018088817596436,0.1060005272834219,20.073532104492188,2.9242091178894043,3.6668306715262475,28.10778774277693,-0.6615262165672857,False,0.0,False
corner_recovery,planner,0,19,19.143644203504188,-0.639791149474681,1.430419921875,0.04392735668568914,20.073532104492188,2.9242091178894043,3.6833122884402756,28.151022931401496,-0.37005505395641397,False,0.0,False
corner_recovery,planner,0,20,19.18799009633696,-0.6193239968563065,1.4852867126464844,0.048841197235936114,20.073532104492188,2.9242091178894043,3.6525075747364344,28.166211779798495,0.6347043262272906,False,0.0,False
corner_recovery,planner,0,21,19.23004796791667,-0.529053339219325,2.172743558883667,0.09958742988966185,20.073532104492188,2.9242091178894043,3.554783690512148,28.128931295960893,0.9817927767524816,False,0.0,False
corner_recovery,planner,0,22,19.28466837866173,-0.3878833670903197,1.3372215032577515,0.15136826054646824,20.073532104492188,2.9242091178894043,3.404741195302555,28.06357465942345,0.9916127767455826,False,0.0,False
corner_recovery,planner,0,23,19.350042832176012,-0.2660926696183142,2.12929105758667,0.1382273242271889,20.073532104492188,2.9242091178894043,3.2713089463594742,28.020326009891523,0.9666941459665119,False,0.0,False
corner_recovery,planner,0,24,19.394731545293034,-0.1329542671692126,1.9077954292297363,0.14043829708008584,20.073532104492188,2.9242091178894043,3.1316159027109545,27.955168739213715,0.9949205852119601,False,0.0,False
corner_recovery,planner,0,25,19.39638909799387,-0.005403456115367914,1.661250352859497,0.12756158074220322,20.073532104492188,2.9242091178894043,3.0068509249739086,27.864602589714572,0.9789596807994166,False,0.0,False
corner_recovery,planner,0,26,19.39706863194685,0.12784017507229473,2.234734058380127,0.13324536396613249,20.073532104492188,2.9242091178894043,2.877026606418539,27.769569813375345,0.975448364475721,False,0.0,False
corner_recovery,planner,0,27,19.244787865024332,0.1834921398252639,2.121342897415161,0.16213134538199706,20.073532104492188,2.9242091178894043,2.8632754964027103,27.623465454974234,0.11278883221934774,False,0.0,False
corner_recovery,planner,0,28,19.08797734727331,0.23939260583895658,1.63930344581604,0.1664764264930377,20.073532104492188,2.9242091178894043,2.8599926368533706,27.474214889532167,0.048779337443671834,False,0.0,False
corner_recovery,planner,0,29,19.050668069757236,0.30788351772987,1.8643370866775513,0.07799350742478633,19.11412811279297,3.6756176948547363,3.368332030076162,27.399040228726314,0.8744958855447242,False,0.0,False
corner_recovery,planner,0,30,19.064580106821087,0.35333806692280645,1.704146385192871,0.047535889784446235,19.11412811279297,3.6756176948547363,3.3226490833470983,27.376076047564283,0.9615595101713316,False,0.0,False
corner_recovery,planner,0,31,19.09557079801182,0.4059614628918692,1.5973703861236572,0.061070817448239625,19.11412811279297,3.6756176948547363,3.2697088936395393,27.359955597470552,0.8691497216111487,False,0.0,False
corner_recovery,planner,0,32,19.118912430945272,0.379987598109655,2.3503804206848145,0.03492096046394979,19.11412811279297,3.6756176948547363,3.295633569478284,27.39484804105481,-0.7399845274323509,False,0.0,False
corner_recovery,planner,0,33,19.058583929320026,0.246694659424629,1.7030261754989624,0.14630972493869795,19.11412811279297,3.6756176948547363,3.429372878416825,27.448546286988297,-0.910433114003298,False,0.0,False
corner_recovery,planner,0,34,18.993483179234133,0.1318998280119373,1.666941523551941,0.13196954565661814,19.11412811279297,3.6756176948547363,3.5457709344759274,27.48624761083262,-0.8777342049033233,False,0.0,False
corner_recovery,planner,0,35,18.970364796263354,0.03388518615278982,1.6482055187225342,0.10070416898004046,19.11412811279297,3.6756176948547363,3.644569049437281,27.541250539200956,-0.9805402699404328,False,0.0,False
corner_recovery,planner,0,36,19.030984715776203,-0.05508597239713185,1.4884793758392334,0.10765984253870886,19.11412811279297,3.6756176948547363,3.7316300295332097,27.647510785102295,-0.8035559357252616,False,0.0,False
corner_recovery,planner,0,37,19.141753809637343,-0.11479878944125542,0.7399372458457947,0.1258388361125576,20.073532104492188,2.9242091178894043,3.1786443417880013,27.767100483278284,-0.1571492243526702,False,0.0,False
corner_recovery,planner,0,38,19.277191932932848,-0.18190723779712625,1.690658688545227,0.15115233733733918,20.073532104492188,2.9242091178894043,3.2065739479860014,27.909129484349368,-0.16181342670489526,False,0.0,False
corner_recovery,planner,0,39,19.36150743075449,-0.20323008743083876,2.171597957611084,0.08696992060139644,20.073532104492188,2.9242091178894043,3.207468646609876,27.982824660080905,0.0032723063277208205,False,0.0,False
corner_recovery,planner,0,40,19.376444597080415,-0.1481438746766704,2.127917766571045,0.057075474360235114,20.073532104492188,2.9242091178894043,3.1504418585206855,27.953431038396662,0.9991621569403978,False,0.0,False
corner_recovery,planner,0,41,19.36010883638914,-0.09934546489543097,1.908970594406128,0.051460099830259884,20.073532104492188,2.9242091178894043,3.1065825394716313,27.906943621150013,0.8545320235204377,False,0.0,False
corner_recovery,planner,0,42,19.31761336850608,-0.046941191832804346,1.1540093421936035,0.0674690493917218,20.073532104492188,2.9242091178894043,3.065802879895772,27.839720497948388,0.6113122262149236,False,0.0,False
corner_recovery,planner,0,43,19.29499125608401,0.004289623912197928,2.0789387226104736,0.05600318251970282,20.073532104492188,2.9242091178894043,3.021929136155947,27.787139489640595,0.786943109351592,False,0.0,False
corner_recovery,planner,0,44,19.298344591526984,0.07247261129637242,1.9361162185668945,0.06826539846235134,20.073532104492188,2.9242091178894043,2.955218567770006,27.740447937999342,0.9777324020430255,False,0.0,False
corner_recovery,planner,0,45,19.312980458891555,0.16647736321215578,1.7199026346206665,0.09513727973965465,20.073532104492188,2.9242091178894043,2.860685798262557,27.68320491542666,0.9938498233404605,False,0.0,False
corner_recovery,planner,0,46,19.294123279625097,0.27026544147277504,1.1554778814315796,0.10548724282547046,20.073532104492188,2.9242091178894043,2.7660251542371252,27.595753638545812,0.9009562007854643,False,0.0,False
corner_recovery,planner,0,47,19.240589282651925,0.3406220200875429,1.7041774988174438,0.08840778804098443,19.11412811279297,3.6756176948547363,3.337392481893309,27.508024620113435,0.8266712913368026,False,0.0,False
corner_recovery,planner,0,48,19.141636086271465,0.3985783876741759,1.9339157342910767,0.11467639520732612,19.11412811279297,3.6756176948547363,3.2771547582333276,27.39740793001053,0.5377244391267452,False,0.0,False
corner_recovery,planner,0,49,19.10253915100733,0.4030782786708496,1.8811873197555542,0.03935504244731277,19.11412811279297,3.6756176948547363,3.272559935969461,27.36688405660517,0.12267568051769162,False,0.0,False
corner_recovery,planner,0,50,19.15163291710493,0.3742791464793998,0.906042218208313,0.05691737770335468,19.11412811279297,3.6756176948547363,3.3015515778699345,27.421778979706087,-0.5029236998556262,False,0.0,False
corner_recovery,planner,0,51,19.213091065986216,0.36437687840986016,1.5709723234176636,0.06225077490951689,19.11412811279297,3.6756176948547363,3.312719337733769,27.471813986029474,-0.17027544520514654,False,0.0,False
corner_recovery,planner,0,52,19.282230065020418,0.38766075291984525,1.7245980501174927,0.07295436929785687,19.11412811279297,3.6756176948547363,3.2922513753297333,27.503604255132416,0.2907029398209199,False,0.0,False
corner_recovery,planner,0,53,19.390158179613817,0.47177773090659814,1.5406694412231445,0.13683619369636726,19.11412811279297,3.6756176948547363,3.215708804039994,27.51962389317049,0.5736527510114193,False,0.0,False
corner_recovery,planner,0,54,19.396151252743433,0.5848492346195406,1.6383771896362305,0.11323021627393855,19.11412811279297,3.6756176948547363,3.103608661905067,27.44373813207221,0.9903693463107127,False,0.0,False
corner_recovery,planner,0,55,19.35372372221053,0.6836695229569998,2.428581476211548,0.10754322263266583,19.11412811279297,3.6756176948547363,3.0015262649815977,27.343870337133968,0.9509368739925982,False,0.0,False
corner_recovery,planner,0,56,19.262736898419526,0.7413968522628737,2.0956833362579346,0.1077545667355391,19.11412811279297,3.6756176948547363,2.9379817093143896,27.23870092386499,0.6014232636397212,False,0.0,False
corner_recovery,planner,0,57,19.16208815451704,0.7646281583802691,1.6788450479507446,0.10329503005018358,19.11412811279297,3.6756176948547363,2.9113845927781523,27.151153793657823,0.2739006493200257,False,0.0,False
corner_recovery,planner,0,58,19.102423854946984,0.7901394246867761,1.5947811603546143,0.0648895473227149,19.11412811279297,3.6756176948547363,2.885502007842519,27.090982641037975,0.4082425005762608,False,0.0,False
corner_recovery,planner,0,59,19.056383991741082,0.851670851089162,1.8811421394348145,0.07684910825201798,19.11412811279297,3.6756176948547363,2.8245371585322796,27.01488996897293,0.798241819123794,False,0.0,False
corner_recovery,planner,0,60,19.07586871677506,1.0142065374651816,2.219104528427124,0.16369943144486937,19.11412811279297,3.6756176948547363,2.661686144169005,26.913734796599062,0.9951168219196943,False,0.0,False
corner_recovery,planner,0,61,19.073693193247948,1.2156211606305176,0.8983346223831177,0.2014263719760928,19.63980484008789,4.391687393188477,3.2261244722240243,26.770481138954246,0.9845091754436215,False,0.0,False
corner_recovery,planner,0,62,19.052246002095632,1.4059012553652819,2.0790441036224365,0.19148497711464163,19.63980484008789,4.391687393188477,3.043048512416449,26.62195683734754,0.958634543061502,False,0.0,False
corner_recovery,planner,0,63,19.0156865275318,1.5805031935503613,2.5941426753997803,0.1783884301135304,19.63980484008789,4.391687393188477,2.8796319682144897,26.474028720921243,0.9207849928004981,False,0.0,False
corner_recovery,planner,0,64,19.04444162075225,1.703675730753356,2.51816463470459,0.12648450224094623,19.63980484008789,4.391687393188477,2.753155291719833,26.409207455197595,0.9999408463492345,False,0.0,False
corner_recovery,planner,0,65,19.10520487144169,1.7579645905761465,1.5933934450149536,0.08148283828639237,19.63980484008789,4.391687393188477,2.687432404261857,26.4155391589578,0.8117563824200308,False,0.0,False
corner_recovery,planner,0,66,19.17837217547923,1.8371338380903501,1.585927128791809,0.10780178167399193,19.63980484008789,4.391687393188477,2.5958936746007772,26.41400512070516,0.8547343542520137,False,0.0,False
corner_recovery,planner,0,67,19.28324473232466,1.9549159479116622,1.313531756401062,0.1577050366134768,19.63980484008789,4.391687393188477,2.4627200788893124,26.409630551252693,0.8531624220945916,False,0.0,False
corner_recovery,planner,0,68,19.377027780300573,2.1049881143627385,1.877342939376831,0.17696585894169425,19.32671356201172,5.427053928375244,3.3224468081810716,26.37613800361302,0.8545965684151291,False,0.0,False
corner_recovery,planner,0,69,19.425991429424386,2.285929083817854,1.5466289520263672,0.18744885532559777,19.32671356201172,5.427053928375244,3.1426933328044746,26.28987355313068,0.9612154106785982,False,0.0,False
corner_recovery,planner,0,70,19.481748405927746,2.4333113956035577,2.0080089569091797,0.15757660440590382,19.32671356201172,5.427053928375244,2.9977541852784224,26.232176224547214,0.9236611555302153,False,0.0,False
corner_recovery,planner,0,71,19.536086418325848,2.5297278233673817,1.4123904705047607,0.11067405809001916,19.32671356201172,5.427053928375244,2.9048813317795217,26.20818731751434,0.8446171057036197,False,0.0,False
corner_recovery,planner,0,72,19.57254205965617,2.593983147595309,1.4433273077011108,0.07387665718236744,19.32671356201172,5.427053928375244,2.843716177673707,26.19262921783924,0.8319355794459804,False,0.0,False
corner_recovery,planner,0,73,19.531319796725764,2.576218738111303,1.6511396169662476,0.04488707169574329,19.32671356201172,5.427053928375244,2.85816811845124,26.173662457977013,-0.3148879990555184,False,0.0,False
corner_recovery,planner,0,74,19.441876659858348,2.540697546417803,2.011009693145752,0.0962384008180192,17.627185821533203,7.313706874847412,5.106341242805585,26.130706271029226,0.004132246891124978,False,0.0,False
corner_recovery,planner,0,75,19.343146892450214,2.5278215459822393,1.622793197631836,0.09956584936453301,19.32671356201172,5.427053928375244,2.899278955441425,26.065961552030817,-0.08968601295723025,False,0.0,False
corner_recovery,planner,0,76,19.238025877895595,2.5929069675950474,1.8776326179504395,0.12363874719322203,19.32671356201172,5.427053928375244,2.83553425311942,25.944335172005886,0.5312267503784144,False,0.0,False
corner_recovery,planner,0,77,19.12659845992773,2.6829982285519094,1.2795372009277344,0.1432916772732542,19.32671356201172,5.427053928375244,2.75134289717131,25.8012658410328,0.6040967848262279,False,0.0,False
corner_recovery,planner,0,78,19.048353258099553,2.7745181614523493,2.0680599212646484,0.12040851185540558,19.32671356201172,5.427053928375244,2.6671015079294045,25.681841569784027,0.7108008909342081,False,0.0,False
corner_recovery,planner,0,79,18.989805587651578,2.8505542772317165,1.995787501335144,0.09596520524491181,18.175277709960938,6.504610061645508,3.7437386846764698,25.587422786497637,0.9105209657628279,False,0.0,False
corner_recovery,planner,0,80,19.019792237343676,2.9211054840773834,1.3899279832839966,0.07665945438846206,18.175277709960938,6.504610061645508,3.6816721533037393,25.562494687290016,0.8131665645100051,False,0.0,False
corner_recovery,planner,0,81,19.053231681891912,2.9783499918620975,1.4346210956573486,0.06629577756696686,18.175277709960938,6.504610061645508,3.6339115642208846,25.549211465784825,0.7247474317750585,False,0.0,False
corner_recovery,planner,0,82,19.093643168787263,3.0491777421551824,0.7579944729804993,0.08154543815979379,18.175277709960938,6.504610061645508,3.575389157916041,25.532285143990222,0.7231074474839155,False,0.0,False
corner_recovery,planner,0,83,19.124259089195004,3.171375730686907,1.559291958808899,0.12597492998058196,18.175277709960938,6.504610061645508,3.465691383146229,25.47429843015056,0.875048958098037,False,0.0,False
corner_recovery,planner,0,84,19.154834121615337,3.3448579151550404,1.9652667045593262,0.17615589951897717,18.175277709960938,6.504610061645508,3.3081058614960255,25.383093351539582,0.8996557781771473,False,0.0,False
corner_recovery,planner,0,85,19.188035843447153,3.530453271371289,1.7014224529266357,0.18854174758295178,17.627185821533203,7.313706874847412,4.0925860551885584,25.286887688600537,0.8554119312231968,False,0.0,False
corner_recovery,planner,0,86,19.249973485038932,3.700152927766776,1.5467745065689087,0.18064950823818482,17.627185821533203,7.313706874847412,3.9612134415212252,25.223927008951083,0.7376220971891003,False,0.0,False
corner_recovery,planner,0,87,19.272854659382315,3.814858801726636,1.892818570137024,0.11696574567037786,17.627185821533203,7.313706874847412,3.8665441627697223,25.167473499136147,0.8144683114786208,False,0.0,False
corner_recovery,planner,0,88,19.223118931436648,3.864733049741214,1.7574650049209595,0.0704349575800611,17.627185821533203,7.313706874847412,3.8003187942005288,25.097313422122923,0.9412905658134249,False,0.0,False
corner_recovery,planner,0,89,19.156371176690747,3.8788040527168404,1.9028894901275635,0.06821477763915239,17.627185821533203,7.313706874847412,3.7599155905297756,25.037162687290408,0.5981203823471939,False,0.0,False
corner_recovery,planner,0,90,19.12430760638267,3.8945423373736903,1.7761200666427612,0.03571786870518954,17.627185821533203,7.313706874847412,3.7325674505611737,25.0024980341204,0.7676363328444274,False,0.0,False
corner_recovery,planner,0,91,19.105504214299213,3.934900589765898,1.939058780670166,0.044523657643968526,17.627185821533203,7.313706874847412,3.688056016724342,24.96212551733744,0.9997287281188679,False,0.0,False
corner_recovery,planner,0,92,19.088099420658807,4.065450935383351,2.335256338119507,0.1317054273084499,17.627185821533203,7.313706874847412,3.5616618582304636,24.8649430601727,0.9610842101471906,False,0.0,False
corner_recovery,planner,0,93,19.13444664393639,4.258134906114607,2.1833574771881104,0.19817966011249968,17.627185821533203,7.313706874847412,3.4071036442787,24.777678765448066,0.7907889843503052,False,0.0,False
corner_recovery,planner,0,94,19.202775790903914,4.428562182976101,1.9633252620697021,0.18361462094216205,17.627185821533203,7.313706874847412,3.287330778095627,24.72278855156043,0.6677860307916088,False,0.0,False
corner_recovery,planner,0,95,19.195272703695203,4.534597152531698,2.099680185317993,0.10630009918301056,19.178232192993164,7.855777263641357,3.3212238270606447,24.650297754869143,0.9979857267481977,False,0.0,False
corner_recovery,planner,0,96,19.1303834590233,4.629403544290575,1.8979493379592896,0.1148863176902619,19.178232192993164,7.855777263641357,3.2267285101569856,24.540309832875774,0.828106244767667,False,0.0,False
corner_recovery,planner,0,97,19.07895944815633,4.751449383438572,1.428408145904541,0.13243721435829467,19.178232192993164,7.855777263641357,3.105914787252181,24.423861069254173,0.9156781228547967,False,0.0,False
corner_recovery,planner,0,98,19.09540084617111,4.880728173836724,2.1408162117004395,0.1303200875363805,19.178232192993164,7.855777263641357,2.976201962025382,24.356245893597126,0.9955352873033021,False,0.0,False
corner_recovery,planner,0,99,19.11132690160733,5.026735855739492,1.8410115242004395,0.14687369545421497,19.178232192993164,7.855777263641357,2.829832434197967,24.27841541521805,0.9967364477835228,False,0.0,False
corner_recovery,planner,0,100,19.099306858514726,5.1907354092381714,1.441613793373108,0.16443945689436662,14.555006980895996,8.300332069396973,5.506382911367169,24.168116190446035,0.6412908937073211,False,0.0,False
corner_recovery,planner,0,101,19.04810263118617,5.329854114688221,1.7051665782928467,0.14824266289571378,14.555006980895996,8.300332069396973,5.386246169835459,24.042533022635773,0.8150263638014019,False,0.0,False
corner_recovery,planner,0,102,18.971702926623756,5.390792676177524,1.7576836347579956,0.09772626634436349,14.555006980895996,8.300332069396973,5.288915064330664,23.944820954989257,0.9960296685614801,False,0.0,False
corner_recovery,planner,0,103,18.95120478855301,5.377916790852416,1.9388740062713623,0.024206653780989282,14.555006980895996,8.300332069396973,5.278926616682504,23.936446693544767,0.41453110931800125,False,0.0,False
corner_recovery,planner,0,104,19.05301167280683,5.3542265548375685,1.7187566757202148,0.10452688153728487,14.555006980895996,8.300332069396973,5.37694931270225,24.031561197956705,-0.9365812270333613,False,0.0,False
corner_recovery,planner,0,105,19.178732502791657,5.354396389203993,1.743131160736084,0.12572094469811393,14.555006980895996,8.300332069396973,5.4824606458836875,24.131255365981236,-0.8357937709027241,False,0.0,False
corner_recovery,planner,0,106,19.242387978703956,5.4315367035727675,2.0216147899627686,0.10001323769648998,14.555006980895996,8.300332069396973,5.4955916396313125,24.13523602416844,-0.12232858641433907,False,0.0,False
corner_recovery,planner,0,107,19.281931978641975,5.573126093912206,2.054164171218872,0.14700776641998195,14.555006980895996,8.300332069396973,5.457240361852833,24.081685811652243,0.2733440460278438,False,0.0,False
corner_recovery,planner,0,108,19.337174785010305,5.744720759620448,2.213273286819458,0.18026784781255967,14.555006980895996,8.300332069396973,5.422202326856233,24.02372400122917,0.2102589546929561,False,0.0,False
corner_recovery,planner,0,109,19.418666953229142,5.921008224461552,1.6419105529785156,0.19421185273075017,14.555006980895996,8.300332069396973,5.414459371493513,23.985467176107136,0.0577490827637371,False,0.0,False
corner_recovery,planner,0,110,19.495592099514777,6.074929293370175,1.7923336029052734,0.17207316346554313,14.555006980895996,8.300332069396973,5.418652861169936,23.95799877901539,-0.008489673062976584,False,0.0,False
corner_recovery,planner,0,111,19.582958338374127,6.218977143245426,1.171491026878357,0.16847148941619663,14.555006980895996,8.300332069396973,5.441721527401185,23.94595682491908,-0.12167515789347803,False,0.0,False
corner_recovery,planner,0,112,19.676657017502833,6.350355578069055,1.1778671741485596,0.16136832281204075,14.555006980895996,8.300332069396973,5.480301763060712,23.947518122544434,-0.22510239618520164,False,0.0,False
corner_recovery,planner,0,113,19.779709641620666,6.418072223359723,1.5295175313949585,0.12331012686309867,17.627185821533203,7.313706874847412,2.331420216303659,23.99386745892988,-0.5227214134548104,False,0.0,False
corner_recovery,planner,0,114,19.80083832238904,6.409859525891058,1.5998507738113403,0.022668690979491656,17.627185821533203,7.313706874847412,2.354082671592539,24.01593463464215,-0.9997222463052863,False,0.0,False
corner_recovery,planner,0,115,19.776663982627575,6.476839554368695,1.5755062103271484,0.07120900868406933,17.627185821533203,7.313706874847412,2.3066432921253495,23.95813654523335,0.6746110955075546,False,0.0,False
corner_recovery,planner,0,116,19.727538667093174,6.59950995662268,1.9295141696929932,0.13214130397233453,17.627185821533203,7.313706874847412,2.218458769924195,23.848457293173304,0.6832371878433527,False,0.0,False
corner_recovery,planner,0,117,19.687026416959025,6.7519222650740325,1.9145411252975464,0.15770464222210484,17.627185821533203,7.313706874847412,2.1350749931424966,23.72952955312607,0.5543409644025695,False,0.0,False
corner_recovery,planner,0,118,19.679202138430824,6.885476713092263,1.830816388130188,0.13378344411750337,17.627185821533203,7.313706874847412,2.096223279197834,23.64871493016197,0.3190951490749493,False,0.0,False
corner_recovery,planner,0,119,19.691583088069596,6.997419241126858,1.1914349794387817,0.11262511929731224,14.555006980895996,8.300332069396973,5.299244846471761,23.59715133030609,0.15857491098333065,False,0.0,False
corner_recovery,planner,0,120,19.700361636471055,7.091844094236601,1.9412649869918823,0.09483203992761771,14.555006980895996,8.300332069396973,5.285368266994755,23.55259513291975,0.15508407246521944,False,0.0,False
corner_recovery,planner,0,121,19.697194727292633,7.162763245012295,1.9839189052581787,0.07098982504901674,14.555006980895996,8.300332069396973,5.266512854764874,23.5111490069816,0.2718491702023881,False,0.0,False
corner_recovery,planner,0,122,19.67314288803694,7.211849404659883,1.428449273109436,0.05466207131576976,14.555006980895996,8.300332069396973,5.232600660799426,23.464214172697456,0.6235893171657693,False,0.0,False
corner_recovery,planner,0,123,19.65097623105634,7.210511017687555,2.168907880783081,0.022207025045764345,14.555006980895996,8.300332069396973,5.211200679625455,23.44636209014594,0.9638096038056113,False,0.0,False
corner_recovery,planner,0,124,19.61719060976135,7.292377401774789,2.0229499340057373,0.08856394892848264,14.555006980895996,8.300332069396973,5.161557488232962,23.373443039454692,0.5663625438723486,False,0.0,False
corner_recovery,planner,0,125,19.59842073186234,7.383006859907216,1.588649034500122,0.0925527255013115,14.555006980895996,8.300332069396973,5.126159166803332,23.308509413521918,0.39012063804790986,False,0.0,False
corner_recovery,planner,0,126,19.581118880179925,7.4562759721264165,1.7174166440963745,0.0752842405622195,14.555006980895996,8.300332069396973,5.0964920797999,23.254359356627994,0.4002705242767881,False,0.0,False
corner_recovery,planner,0,127,19.541543654731992,7.491117009319501,1.8089730739593506,0.05272661891250599,14.555006980895996,8.300332069396973,5.051769691204019,23.202243039937585,0.8496450780413735,False,0.0,False
corner_recovery,planner,0,128,19.461579439737996,7.428320146661174,1.9340553283691406,0.10167458698875939,14.555006980895996,8.300332069396973,4.9834584464265586,23.168949234354113,0.6773822694152231,False,0.0,False
corner_recovery,planner,0,129,19.285788292912915,7.3577364437571475,1.8988481760025024,0.18943227396016984,14.555006980895996,8.300332069396973,4.823772210169532,23.060105331601655,0.8484730145644439,False,0.0,False
corner_recovery,planner,0,130,19.073075961548653,7.283647181034822,1.5234291553497314,0.22524598723430656,14.555006980895996,8.300332069396973,4.631046909302442,22.923521885857955,0.8618765336778718,False,0.0,False
corner_recovery,planner,0,131,18.880937498406773,7.230115900745012,2.1225218772888184,0.1994562282506863,16.130706787109375,8.917095184326172,3.2264017215150678,22.7938531347192,0.7119650714998371,False,0.0,False
corner_recovery,planner,0,132,18.759915788073243,7.20352279561379,2.3040246963500977,0.12390902958450192,16.130706787109375,8.917095184326172,3.1383228486098877,22.70868268345779,0.7203346499746766,False,0.0,False
corner_recovery,planner,0,133,18.678898588987472,7.205447504114322,1.6985033750534058,0.08104005830770045,16.130706787109375,8.917095184326172,3.069693672067842,22.640711695254915,0.8505067818811514,False,0.0,False
corner_recovery,planner,0,134,18.58489801393616,7.20223515939398,1.532429575920105,0.09405544784104448,16.130706787109375,8.917095184326172,2.9939605012331083,22.565044185728063,0.8105844656536987,False,0.0,False
corner_recovery,planner,0,135,18.480390884313376,7.121224353990596,1.9638663530349731,0.1322289330445444,16.130706787109375,8.917095184326172,2.9573919922633816,22.525268242071125,0.2969481992610557,False,0.0,False
corner_recovery,planner,0,136,18.358590119626932,7.011553917612402,2.182121753692627,0.1638994536097847,12.588776588439941,8.06056022644043,5.864397873663544,22.48860962388634,0.6285210269892725,False,0.0,False
corner_recovery,planner,0,137,18.167899830907146,6.957881868361985,1.9986908435821533,0.19809965947162672,12.588776588439941,8.06056022644043,5.687048066968693,22.364468015704663,0.8986084524935399,False,0.0,False
corner_recovery,planner,0,138,17.947504034302334,6.913339976351498,1.4122625589370728,0.22485170069391,12.588776588439941,8.06056022644043,5.480152747985497,22.21201412830134,0.9231725666831748,False,0.0,False
corner_recovery,planner,0,139,17.765435155057904,6.879043410931018,1.854702353477478,0.18527096693482184,12.588776588439941,8.06056022644043,5.309781153745476,22.085519873002763,0.922190105678304,False,0.0,False
corner_recovery,planner,0,140,17.627846718433116,6.8753230442099476,2.152331829071045,0.13763872645949896,12.588776588439941,8.06056022644043,5.176583328135565,21.97721832085261,0.9685579617141071,False,0.0,False
corner_recovery,planner,0,141,17.600491639782977,6.940747098831375,2.023837089538574,0.07091267341641279,12.588776588439941,8.06056022644043,5.135296407864291,21.916235815001436,0.5867495781956584,False,0.0,False
corner_recovery,planner,0,142,17.615089574797636,7.003940387339183,2.138654947280884,0.06485747003332211,14.555006980895996,8.300332069396973,3.3233622846160507,21.890384788394606,0.1916627065445807,False,0.0,False
corner_recovery,planner,0,143,17.620576115782022,7.0439656334967395,1.6350631713867188,0.04039953541745669,14.555006980895996,8.300332069396973,3.3130304468903558,21.871066027015726,0.26142207925101285,False,0.0,False
corner_recovery,planner,0,144,17.645295763814264,7.097073733159345,2.1090707778930664,0.05857927319975168,14.555006980895996,8.300332069396973,3.3162803538838235,21.859596721806376,-0.04666525867703121,False,0.0,False
corner_recovery,planner,0,145,17.667666915943975,7.1634805343672685,1.957321047782898,0.07007375895639811,14.555006980895996,8.300332069396973,3.3137717609926436,21.838559619267688,0.046350893268260536,False,0.0,False
corner_recovery,planner,0,146,17.63611385086892,7.225947100785165,1.8009448051452637,0.06998333970076107,14.555006980895996,8.300332069396973,3.2630541835791425,21.776338976805754,0.7297229021838435,False,0.0,False
corner_recovery,planner,0,147,17.597041640534798,7.28194483918537,1.8202879428863525,0.06828165439070559,14.555006980895996,8.300332069396973,3.207972478233225,21.711858547168163,0.8103380791009621,False,0.0,False
corner_recovery,planner,0,148,17.555345042871938,7.340611880322459,2.10329532623291,0.07197518997848698,14.555006980895996,8.300332069396973,3.150093860103024,21.643711491768716,0.8081107108824328,False,0.0,False
corner_recovery,planner,0,149,17.46840452452251,7.414275167092468,1.9107283353805542,0.1139514525955153,14.555006980895996,8.300332069396973,3.045157152156593,21.530109758243775,0.9236381448350766,False,0.0,False
corner_recovery,planner,0,150,17.367877136377903,7.470980536775652,2.0023000240325928,0.11541774004927863,14.555006980895996,8.300332069396973,2.9325863118179725,21.41540298323085,0.9762573144250933,False,0.0,False
corner_recovery,planner,0,151,17.31612398142535,7.442125492100447,1.5707242488861084,0.05925371423591181,14.555006980895996,8.300332069396973,2.891415850397038,21.3903801250994,0.7000419389381638,False,0.0,False
corner_recovery,planner,0,152,17.24778934969116,7.404702380477927,1.3472437858581543,0.07791091821919963,14.555006980895996,8.300332069396973,2.8378212461970405,21.357147739706683,0.6949933968413251,False,0.0,False
corner_recovery,planner,0,153,17.18501733642645,7.359596013617864,2.0995919704437256,0.07729754187954103,14.555006980895996,8.300332069396973,2.793195087501098,21.33318152063173,0.5864093688958086,False,0.0,False
corner_recovery,planner,0,154,17.141762040018826,7.319444159335929,1.7015583515167236,0.05901857393727243,14.555006980895996,8.300332069396973,2.76648564572482,21.322206786935308,0.4609608754258332,False,0.0,False
corner_recovery,planner,0,155,17.102909788158254,7.251303415196846,1.5584715604782104,0.07843888376605908,14.555006980895996,8.300332069396973,2.7554073805134194,21.331638189160508,0.15512820190466092,False,0.0,False
corner_recovery,planner,0,156,17.055162954221764,7.183801827018958,1.3610237836837769,0.08268146441310702,14.555006980895996,8.300332069396973,2.7381416459163,21.333858511862807,0.22317155068884637,False,0.0,False
corner_recovery,planner,0,157,17.005306412585153,7.149492421845007,1.7496004104614258,0.06052115355273286,14.555006980895996,8.300332069396973,2.707101623381312,21.31468956382261,0.521023359889576,False,0.0,False
corner_recovery,planner,0,158,16.91823831287933,7.202532281721089,2.051962375640869,0.101951364493359,14.555006980895996,8.300332069396973,2.605767967853034,21.21324981259988,0.9941686304483621,False,0.0,False
corner_recovery,planner,0,159,16.797454831912283,7.290248351200283,1.441056489944458,0.14927410398121774,12.588776588439941,8.06056022644043,4.278592401972105,21.064004268046958,0.9079363208159322,False,0.0,False
corner_recovery,planner,0,160,16.688472811677762,7.333131557803814,1.9283814430236816,0.11711554185076632,12.588776588439941,8.06056022644043,4.163731690537335,20.951245330958574,0.9812688879092141,False,0.0,False
corner_recovery,planner,0,161,16.634745328827204,7.281159476687517,2.0769362449645996,0.07475118480008164,12.588776588439941,8.06056022644043,4.120355394490419,20.940001347000774,0.5862296102943326,False,0.0,False
corner_recovery,planner,0,162,16.60229992461645,7.175974933616571,2.0077426433563232,0.11007493972491168,12.588776588439941,8.06056022644043,4.109849232066023,20.97836937633976,0.10868131580014093,False,0.0,False
corner_recovery,planner,0,163,16.507769690766864,7.067420871538484,1.9640341997146606,0.14394425832700106,12.588776588439941,8.06056022644043,4.042874313448422,20.970409225318413,0.4790046419993136,False,0.0,False
corner_recovery,planner,0,164,16.348668523377253,6.947738213170547,1.65843665599823,0.1990907335331141,12.588776588439941,8.06056022644043,3.9211172126862865,20.919858991857343,0.6269792072225596,False,0.0,False
corner_recovery,planner,0,165,16.188817624949007,6.868320730010672,1.4266144037246704,0.17849214649324624,12.588776588439941,8.06056022644043,3.792325207757946,20.845114932370294,0.7324659379021543,False,0.0,False
corner_recovery,planner,0,166,16.04589600327361,6.78885963585854,2.1734554767608643,0.16352570264695032,12.588776588439941,8.06056022644043,3.6835983820859495,20.78473017070272,0.6769201441647655,False,0.0,False
corner_recovery,planner,0,167,15.952210789514401,6.837643377471008,2.229332447052002,0.10562562531327799,12.443892478942871,7.433599472045898,3.558575703136359,20.681408581905938,0.9544556004174454,False,0.0,False
corner_recovery,planner,0,168,15.933299803834855,6.9777637461909805,1.7702256441116333,0.14139074619504996,15.475152969360352,7.2040581703186035,0.5109869747168319,20.577868686744548,0.7097329805514346,False,0.0,False
corner_recovery,planner,0,169,15.927265508878724,7.114713014788737,1.6290611028671265,0.13708214648552214,15.475152969360352,7.2040581703186035,0.4608560569271148,20.486786162831216,0.48189582434649086,False,0.0,False
corner_recovery,planner,0,170,15.91588197373844,7.243016094922452,2.00921893119812,0.12880708537999175,12.443892478942871,7.433599472045898,3.477216282546509,20.39744928554499,0.17881600133646924,False,0.0,False
corner_recovery,planner,0,171,15.846289842776052,7.335541584566922,1.9242784976959229,0.11577577866650285,12.443892478942871,7.433599472045898,3.4038100961592757,20.28530031174055,0.6439928155114875,False,0.0,False
corner_recovery,planner,0,172,15.686501443966314,7.294751874140855,2.102708578109741,0.1649125006505641,12.443892478942871,7.433599472045898,3.245580311052926,20.18637306430268,0.9614007296377535,False,0.0,False
corner_recovery,planner,0,173,15.513035145756742,7.228726989735605,1.2221121788024902,0.1856066862353261,12.443892478942871,7.433599472045898,3.0759729262893947,20.09377201364123,0.9185170738019176,False,0.0,False
corner_recovery,planner,0,174,15.3316930471795,7.204479734855678,1.8997013568878174,0.18295596761409577,12.588776588439941,8.06056022644043,2.8734064292571553,19.969630706366388,0.9170965690848254,False,0.0,False
corner_recovery,planner,0,175,15.146971641808886,7.210299913302799,1.793847680091858,0.1848130733450732,12.588776588439941,8.06056022644043,2.695793859177337,19.824408647559327,0.9634960894105022,False,0.0,False
corner_recovery,planner,0,176,14.97184211542967,7.269447396451535,1.6320496797561646,0.18484798016921505,12.588776588439941,8.06056022644043,2.5109481905646462,19.652557745012942,0.9999883522864784,False,0.0,False
corner_recovery,planner,0,177,14.781117301585613,7.328058561607897,1.7998360395431519,0.19952750010170597,11.856768608093262,8.013473510742188,3.0035993297420993,19.469451160761377,0.9979722975943448,False,0.0,False
corner_recovery,planner,0,178,14.670223975120837,7.295231316227123,2.080449104309082,0.11565015302070687,9.548201560974121,7.356630325317383,5.122390403838683,19.40687040170017,0.9573047357783383,False,0.0,False
corner_recovery,planner,0,179,14.569756864254995,7.222164376503609,2.0721888542175293,0.12422728382400211,9.548201560974121,7.356630325317383,5.0233553283934285,19.379135643898024,0.8016281197888694,False,0.0,False
corner_recovery,planner,0,180,14.4437753266398,7.139438198283688,1.4325530529022217,0.15071485786996164,9.548201560974121,7.356630325317383,4.900389261591314,19.33951125396434,0.8209009328544588,False,0.0,False
corner_recovery,planner,0,181,14.241111794154843,7.0581580789187734,2.5045247077941895,0.21835513550923402,9.548201560974121,7.356630325317383,4.702392171922986,19.243194574806743,0.9107270615300622,False,0.0,False
corner_recovery,planner,0,182,14.023207977826154,6.988728120458116,1.828891634941101,0.22869760012395388,9.548201560974121,7.356630325317383,4.490104059284949,19.12965127525132,0.9316125106728425,False,0.0,False
corner_recovery,planner,0,183,13.831037952004026,6.948368264997652,2.233024835586548,0.1963625136253525,9.552191734313965,7.666614055633545,4.33870971262272,19.016905683520022,0.9367799333050153,False,0.0,False
corner_recovery,planner,0,184,13.723601088861168,7.026434918118869,2.4070639610290527,0.1328046757140943,9.552191734313965,7.666614055633545,4.220247069937132,18.885195730518568,0.8951336728345807,False,0.0,False
corner_recovery,planner,0,185,13.674365837727494,7.177765348424975,1.6358015537261963,0.15913833319105455,9.552191734313965,7.666614055633545,4.151059189820428,18.74561235393659,0.4500559609426256,False,0.0,False
corner_recovery,planner,0,186,13.629484014855345,7.316454321507469,1.7396239042282104,0.14577039918654158,9.548201560974121,7.356630325317383,4.081480194689284,18.618140763502783,0.34880947433539805,False,0.0,False
corner_recovery,planner,0,187,13.574076757957945,7.426726285981658,1.855043888092041,0.12340936052784396,9.552191734313965,7.666614055633545,4.029032797761802,18.50250717385508,0.5237814100016998,False,0.0,False
corner_recovery,planner,0,188,13.52478003264854,7.440190432129631,1.8467901945114136,0.05110235178272076,9.552191734313965,7.666614055633545,3.979035743160073,18.45720702903602,0.9786422799619707,False,0.0,False
corner_recovery,planner,0,189,13.368796490458658,7.439207610864452,1.568962574005127,0.15598663843977728,9.552191734313965,7.666614055633545,3.823373583074091,18.343887947931464,0.9980012945498216,False,0.0,False
corner_recovery,planner,0,190,13.207184536705043,7.450489830031485,1.4429535865783691,0.16200528406627257,15.842519760131836,9.316243171691895,3.228935934909662,18.21866978933215,-0.7525962844651336,False,0.0,False
corner_recovery,planner,0,191,13.070615406052433,7.485437837822922,2.0247039794921875,0.14096982193292332,15.842519760131836,9.316243171691895,3.3219424917790845,18.095724721710635,-0.6474349579042881,False,0.0,False
corner_recovery,planner,0,192,12.938906059262802,7.546491363123675,2.051530361175537,0.1451719152708292,15.842519760131836,9.316243171691895,3.4004402638195033,17.95842886722502,-0.5252610586287784,False,0.0,False
corner_recovery,planner,0,193,12.860074444185889,7.6846145637049235,2.143409013748169,0.1590359772958385,15.842519760131836,9.316243171691895,3.3995870303625733,17.805904446405183,0.028748976766015375,False,0.0,False
corner_recovery,planner,0,194,12.762457191170085,7.8320289330232615,1.7838268280029297,0.17680532901435625,9.552191734313965,7.666614055633545,3.2145242859784853,17.633486139820228,0.5475719269497673,False,0.0,False
corner_recovery,planner,0,195,12.702643700968785,7.872858330482411,1.5949430465698242,0.07242025481133187,9.552191734313965,7.666614055633545,3.1571956377625954,17.562024999023084,0.7958163377232867,False,0.0,False
corner_recovery,planner,0,196,12.644516571094353,7.900069435548645,1.6528956890106201,0.06418105223790518,9.552191734313965,7.666614055633545,3.101124684784564,17.501203358090088,0.8760436405357459,False,0.0,False
corner_recovery,planner,0,197,12.580352315644573,7.90503658687,1.6187690496444702,0.06435622945507215,9.552191734313965,7.666614055633545,3.037532190730779,17.45145851643057,0.9883775044069087,False,0.0,False
corner_recovery,planner,0,198,12.494414838559928,7.8805703132401295,1.5761065483093262,0.08935238392458018,9.552191734313965,7.666614055633545,2.9499922161469794,17.40663603601635,0.9803067815778386,False,0.0,False
corner_recovery,planner,0,199,12.391198580790157,7.827775293140837,1.311519742012024,0.11593493871685372,9.552191734313965,7.666614055633545,2.8435774684037662,17.36965332362303,0.9209780198971068,False,0.0,False
corner_recovery,planner,0,200,12.271620446461435,7.751425366648963,1.2777611017227173,0.1418740338640311,9.552191734313965,7.666614055633545,2.720750903505906,17.338403874947108,0.8719925632957694,False,0.0,False
corner_recovery,planner,0,201,12.150212290152147,7.6736790429747295,1.2470872402191162,0.14416806603155627,9.552191734313965,7.666614055633545,2.5980301619888615,17.30797062140344,0.8585303927169847,False,0.0,False
corner_recovery,planner,0,202,11.943779847641714,7.635531615225938,2.419759511947632,0.20992755789717685,9.552191734313965,7.666614055633545,2.3917900873430087,17.19110105511016,0.9838413689356814,False,0.0,False
corner_recovery,planner,0,203,11.751927507006384,7.618962544357457,1.853641152381897,0.19256649427327605,6.294539928436279,8.001818656921387,5.470800488562787,17.070380447077238,0.9886365507611073,False,0.0,False
corner_recovery,planner,0,204,11.646622681868182,7.59546645516349,1.731277585029602,0.10789426493006037,6.294539928436279,8.001818656921387,5.367486554380617,17.01517770576554,0.9583674295375042,False,0.0,False
corner_recovery,planner,0,205,11.561525692422268,7.587071324482978,2.3354854583740234,0.08551009198861162,6.294539928436279,8.001818656921387,5.2832901101298475,16.96318586351081,0.9848803740539318,False,0.0,False
corner_recovery,planner,0,206,11.472004762305657,7.5834505369897265,1.941597580909729,0.08959412386431678,6.294539928436279,8.001818656921387,5.1943405731362295,16.904957670273664,0.9929270442126636,False,0.0,False
corner_recovery,planner,0,207,11.322203502494188,7.5223667710716215,1.8052791357040405,0.1617765245634882,6.294539928436279,8.001818656921387,5.050472762499927,16.848846344707084,0.8925565775595034,False,0.0,False
corner_recovery,planner,0,208,11.13841656593155,7.4470968765931715,1.85580575466156,0.19860310940636433,6.294539928436279,8.001818656921387,4.875536599477333,16.782124431127762,0.8852398232975595,False,0.0,False
corner_recovery,planner,0,209,10.900746679863653,7.446254962775686,2.1797637939453125,0.23767137724682602,6.294539928436279,8.001818656921387,4.639589599862033,16.6259674196178,0.9930970944783564,False,0.0,False
corner_recovery,planner,0,210,10.656612315838318,7.45520417878058,1.744564175605774,0.24429833434789736,6.294539928436279,8.001818656921387,4.396187314099397,16.46011203625787,0.996524931154493,False,0.0,False
corner_recovery,planner,0,211,10.445781952541854,7.46703159914899,2.293346643447876,0.2111618572571531,6.294539928436279,8.001818656921387,4.185547459993853,16.315319719109983,0.9976465409203092,False,0.0,False
corner_recovery,planner,0,212,10.245358737984775,7.464702879460505,2.259536027908325,0.20043674281124277,6.294539928436279,8.001818656921387,3.9871622269829454,16.18953518697207,0.9902524347281446,False,0.0,False
corner_recovery,planner,0,213,10.118480744720022,7.46596798666367,2.429839611053467,0.12688430033351683,11.438925743103027,7.832202434539795,1.370292911959273,16.108557076678526,-0.9527416200954999,False,0.0,False
corner_recovery,planner,0,214,9.982086680242286,7.514314080907894,1.7910155057907104,0.14470896880783957,11.438925743103027,7.832202434539795,1.4911180571811753,15.98544360854854,-0.8189613497603482,False,0.0,False
corner_recovery,planner,0,215,9.825787488221104,7.564428040474331,1.8869975805282593,0.16413666979045452,7.114391803741455,8.568133354187012,2.8912092478044435,15.848960525038338,0.9991228133989747,False,0.0,False
corner_recovery,planner,0,216,9.587695627009897,7.545768074863573,1.7400155067443848,0.23882196023735291,7.114391803741455,8.568133354187012,2.67627774465962,15.717245314662238,0.9078152459914615,False,0.0,False
corner_recovery,planner,0,217,9.267994496466391,7.534412651439224,2.0817856788635254,0.31990273289226767,7.114391803741455,8.568133354187012,2.3888455474143733,15.533402393910027,0.9100157030510797,False,0.0,False
corner_recovery,planner,0,218,8.993346439419058,7.531593008289194,2.3106706142425537,0.27466253043938965,6.294539928436279,8.001818656921387,2.7394650471131414,15.373400830341813,0.9862233408733914,False,0.0,False
corner_recovery,planner,0,219,8.80545308784845,7.519328841330408,2.313466787338257,0.18829317925944397,12.142217636108398,8.66442584991455,3.5277818540256662,15.274264520858175,-0.9610106068186343,False,0.0,False
corner_recovery,planner,0,220,8.662694996677395,7.4983303441940565,2.1647377014160156,0.14429417686375529,12.142217636108398,8.66442584991455,3.669721587092736,15.209668924350677,-0.9830210740695486,False,0.0,False
corner_recovery,planner,0,221,8.492376737344555,7.473046754495882,2.001833438873291,0.17218469551674462,12.142217636108398,8.66442584991455,3.8393648869689194,15.134233388713056,-0.9845528729518008,False,0.0,False
corner_recovery,planner,0,222,8.304196211056055,7.369665395041468,1.6397346258163452,0.21470821120036246,12.142217636108398,8.66442584991455,4.050532445822891,15.115721185075184,-0.9825948756636046,False,0.0,False
corner_recovery,planner,0,223,8.086197889129583,7.239318114885272,1.8562887907028198,0.2539954365867151,12.142217636108398,8.66442584991455,4.299096212498899,15.107004947217662,-0.9772884501530291,False,0.0,False
corner_recovery,planner,0,224,7.832656848990041,7.213300173992886,2.201099157333374,0.2548725020148709,5.006420135498047,7.069530963897705,2.829891083851359,14.995006027155874,0.9988869289914659,False,0.0,False
corner_recovery,planner,0,225,7.585734515825043,7.1989901958408336,1.5119699239730835,0.24733664122074323,5.006420135498047,7.069530963897705,2.5825612026236553,14.879825944908042,0.9999750576066995,False,0.0,False
corner_recovery,planner,0,226,7.367369719133099,7.18834780926076,2.2907378673553467,0.2186239804468706,5.006420135498047,7.069530963897705,2.3639374736250014,14.778923114857621,0.9999989472236921,False,0.0,False
corner_recovery,planner,0,227,7.18895842019099,7.1650636584701894,2.2827320098876953,0.17992427092598873,5.463626861572266,7.866170406341553,1.8623425192688041,14.711108525816726,0.8907394590595726,False,0.0,False
corner_recovery,planner,0,228,7.077187092717653,7.1463301228935245,2.003389358520508,0.1133303798650397,5.463626861572266,7.866170406341553,1.766846527915906,14.67322072535419,0.8514564724741066,False,0.0,False
corner_recovery,planner,0,229,6.916937830176776,7.174891472095751,1.9198888540267944,0.16277461968361728,5.463626861572266,7.866170406341553,1.6093412740615933,14.571459696923053,0.970561924866823,False,0.0,False
corner_recovery,planner,0,230,6.741071712367727,7.158564453670197,1.7790765762329102,0.17662237379192539,4.186641216278076,8.661983489990234,2.964014837702789,14.503258762148146,0.8302116732034718,False,0.0,False
corner_recovery,planner,0,231,6.541080230377804,7.137746292017303,2.132992744445801,0.20107209832080597,4.186641216278076,8.661983489990234,2.804760614883073,14.429944595484557,0.8046668856999781,False,0.0,False
corner_recovery,planner,0,232,6.295755542761263,7.123921420752686,1.8691892623901367,0.24571391783868593,4.186641216278076,8.661983489990234,2.6103636089640685,14.332827265866309,0.8075375695908754,False,0.0,False
corner_recovery,planner,0,233,6.095213743739548,7.1074871350131374,2.2884480953216553,0.20121406238788336,3.601452589035034,8.656187057495117,2.9355265535519997,14.260733450833559,0.8259799839881025,False,0.0,False
corner_recovery,planner,0,234,5.939861740300876,7.140525567115792,2.505631685256958,0.15882626661925578,3.601452589035034,8.656187057495117,2.7866444179591183,14.165028774552235,0.9406713492961725,False,0.0,False
corner_recovery,planner,0,235,5.826262357814738,7.236415771776656,1.7071974277496338,0.1486598501651821,3.601452589035034,8.656187057495117,2.6392288667351775,14.03048165292413,0.9920745460068656,False,0.0,False
corner_recovery,planner,0,236,5.72162507613259,7.287836886153482,1.6453361511230469,0.11658941513526698,2.6412978172302246,8.586332321166992,3.3428291037215603,13.94044778853496,0.9984394501326146,False,0.0,False
corner_recovery,planner,0,237,5.620195150437454,7.298703849478833,1.6482075452804565,0.1020103951489031,2.6412978172302246,8.586332321166992,3.245276013360209,13.889187068804441,0.9576096484276163,False,0.0,False
corner_recovery,planner,0,238,5.508109669788708,7.262117481776046,1.7408901453018188,0.11790554386433229,2.6412978172302246,8.586332321166992,3.157871931987267,13.877785240538035,0.7494889808440631,False,0.0,False
corner_recovery,planner,0,239,5.3284536795042765,7.294660794107388,1.8570458889007568,0.18257968677422778,2.6412978172302246,8.586332321166992,2.981479827530331,13.777447621073163,0.9680364501370935,False,0.0,False
corner_recovery,planner,0,240,5.061692844670882,7.338391173968365,1.9198702573776245,0.27032145516735195,2.6412978172302246,8.586332321166992,2.723172634213793,13.635874468373292,0.9594957314839191,False,0.0,False
corner_recovery,planner,0,241,4.829539444038147,7.378558138051776,1.919959306716919,0.23560260276368203,0.14680659770965576,8.147615432739258,4.745464785729188,13.513890850382777,0.9999668752372504,False,0.0,False
corner_recovery,planner,0,242,4.65495317650388,7.4185887877248495,2.1174468994140625,0.17911677119911212,0.14680659770965576,8.147615432739258,4.566712759199448,13.414935600583643,0.9980404321817493,False,0.0,False
corner_recovery,planner,0,243,4.576827931280953,7.434624348729754,1.8165816068649292,0.07975395386991414,2.4169821739196777,8.799521446228027,2.554971190121469,13.372958504762089,0.9392297146399221,False,0.0,False
corner_recovery,planner,0,244,4.489164799046728,7.428652913304235,1.7996262311935425,0.08786627791227089,2.4169821739196777,8.799521446228027,2.4845968217075107,13.348833962828902,0.8070905663817771,False,0.0,False
corner_recovery,planner,0,245,4.353724826640219,7.359930047427156,1.9870442152023315,0.15187764292296274,2.4169821739196777,8.799521446228027,2.4131712534274166,13.368855159363433,0.4940877610651252,False,0.0,False
corner_recovery,planner,0,246,4.177994896630262,7.297422677101584,2.1200835704803467,0.18651589649765185,2.4169821739196777,8.799521446228027,2.314620167923826,13.372027221049231,0.5562352159472149,False,0.0,False
corner_recovery,planner,0,247,3.893190634736305,7.272544978491481,2.176321268081665,0.28588873269350185,2.4169821739196777,8.799521446228027,2.1238758327189884,13.309584690850459,0.7014635859335544,False,0.0,False
corner_recovery,planner,0,248,3.6516230390585487,7.25128930306396,2.003434181213379,0.2425009423062353,0.14680659770965576,8.147615432739258,3.6176150732614185,13.26137154496301,0.9501037818843039,False,0.0,False
corner_recovery,planner,0,249,3.428645157251208,7.219956076219544,2.2482731342315674,0.22516861877218144,0.07672680914402008,10.944151878356934,5.0104880984825595,13.231973787311547,0.5887896292882873,False,0.0,False
corner_recovery,planner,0,250,3.273772186671044,7.23206467753997,2.2237257957458496,0.15534559936561235,0.07672680914402008,10.944151878356934,4.8990499622310475,13.180961904532742,0.7248809393289968,False,0.0,False
corner_recovery,planner,0,251,3.1169548207768787,7.259989328715183,1.8620561361312866,0.1592842502862159,0.14680659770965576,8.147615432739258,3.099945252344683,13.115764532013193,0.9941080585916471,False,0.0,False
corner_recovery,planner,0,252,2.9753904316827158,7.237903798189515,1.31722092628479,0.14327681919348917,0.14680659770965576,8.147615432739258,2.971272751507155,13.104352242106998,0.9025402649204931,False,0.0,False
corner_recovery,planner,0,253,2.806445530187874,7.169222734115366,1.8068130016326904,0.18237178593044218,0.14680659770965576,8.147615432739258,2.8338898221127824,13.134115187581289,0.7665861012990255,False,0.0,False
corner_recovery,planner,0,254,2.6106174575844743,7.109828829057717,2.1871352195739746,0.2046369223223402,0.14680659770965576,8.147615432739258,2.673455626715723,13.151875772148868,0.797907653887225,False,0.0,False
corner_recovery,planner,0,255,2.3355805348509717,7.102869431209913,2.311854600906372,0.2751249572196581,0.14680659770965576,8.147615432739258,2.425329989016062,13.106903270536272,0.9114687487186202,False,0.0,False
corner_recovery,planner,0,256,2.1021467503611877,7.096031758356112,1.3505792617797852,0.23353390655594006,0.07672680914402008,10.944151878356934,4.348603729501607,13.074074244144713,0.48144329114197665,False,0.0,False
corner_recovery,planner,0,257,1.8813220644087976,7.083127497054626,1.8724746704101562,0.22120140570464003,0.07672680914402008,10.944151878356934,4.261933048316809,13.053159309813761,0.4133469606261513,False,0.0,False
corner_recovery,planner,0,258,1.7059529395398034,7.031931609966369,2.0304479598999023,0.1826892137266741,0.07672680914402008,10.944151878356934,4.2379057578443575,13.079796374581447,0.15258196635972582,False,0.0,False
corner_recovery,planner,0,259,1.598248577115012,6.911241144373528,1.8152401447296143,0.16176037268239607,0.07672680914402008,10.944151878356934,4.310382521156115,13.185977661705278,-0.43279651525023294,False,0.0,False
corner_recovery,planner,0,260,1.4458654388425394,6.908009545953924,1.779556155204773,0.15241740077206758,0.07672680914402008,10.944151878356934,4.26204006489244,13.171588397610705,0.33307317304522893,False,0.0,False
corner_recovery,planner,0,261,1.2926904738115417,6.899297868788737,2.292184352874756,0.15342249910387265,0.07672680914402008,10.944151878356934,4.22367276105898,13.164324707018073,0.2669492347677936,False,0.0,False
corner_recovery,planner,0,262,1.0717791736957722,6.917220494848053,2.3912951946258545,0.22163714274394897,0.14680659770965576,8.147615432739258,1.5393004805802843,13.126607717822294,0.7335925166584295,False,0.0,False
corner_recovery,planner,0,263,0.8438169923651928,6.95587401059891,1.5968011617660522,0.23121602538945638,0.14680659770965576,8.147615432739258,1.3806053409656818,13.071390513023976,0.7260744975428229,False,0.0,False
corner_recovery,planner,0,264,0.6458932164475361,6.993825913630881,1.1980422735214233,0.20152957107395175,0.14680659770965576,8.147615432739258,1.257106879866445,13.022201903364595,0.6583831331759054,False,0.0,False
corner_recovery,planner,0,265,0.46945070788416166,7.0335313121483,2.1666128635406494,0.180854852021071,0.14680659770965576,8.147615432739258,1.159863202961119,12.974964130978224,0.5888255278864575,False,0.0,False
corner_recovery,planner,0,266,0.3330796415957725,7.0729011871076555,2.1650586128234863,0.1419403211738916,0.14680659770965576,8.147615432739258,1.0907375287584558,12.931389166130923,0.5336812879089933,False,0.0,False
corner_recovery,planner,0,267,0.2829802048378265,7.131010084315732,1.9430513381958008,0.07672416502121246,0.07672680914402008,10.944151878356934,3.818715858073101,12.872100809359496,0.7988646922973891,False,0.0,False
corner_recovery,planner,0,268,0.22863678370968607,7.240087335638503,1.8038102388381958,0.12186490132946934,0.07672680914402008,10.944151878356934,3.7071782769373853,12.761960898741151,0.9178457972285944,False,0.0,False
corner_recovery,planner,0,269,0.1538620597581541,7.370564524803823,1.8124196529388428,0.15038469414973948,0.07672680914402008,10.944151878356934,3.5744197319791677,12.63037267682853,0.8872688946861557,False,0.0,False
corner_recovery,planner,0,270,0.04499607284417405,7.499334719739703,2.346492290496826,0.16862255546213034,0.07672680914402008,10.944151878356934,3.444963293843611,12.500746261550814,0.7774138732007692,False,0.0,False
corner_recovery,planner,0,271,-0.15066446065554645,7.660116848060722,1.8638420104980469,0.25324679100993924,0.07672680914402008,10.944151878356934,3.291898064915392,12.340802890542394,0.6277399399510962,False,0.0,False
corner_recovery,planner,0,272,-0.3312527386057269,7.808731317490855,1.3251463174819946,0.23387686216684977,0.07672680914402008,10.944151878356934,3.161852211107256,12.19576813759437,0.5805840086929164,False,0.0,False
corner_recovery,planner,0,273,-0.4708642628211388,7.946172726343182,1.6107302904129028,0.19591201739827768,0.07672680914402008,10.944151878356934,3.0475785433693168,12.063020562742777,0.6037308656310266,False,0.0,False
corner_recovery,planner,0,274,-0.5100043022402705,8.044637969813973,1.59762704372406,0.10595917542852697,0.07672680914402008,10.944151878356934,2.958282323055107,11.966235233402248,0.847779436011652,False,0.0,False
corner_recovery,planner,0,275,-0.5042214353207184,8.149078430366387,1.3529016971588135,0.10460043666357065,0.07672680914402008,10.944151878356934,2.8548093530756873,11.861643280146478,0.9896002728567068,False,0.0,False
corner_recovery,planner,0,276,-0.4649558068629397,8.249673877474946,2.0897905826568604,0.10798719163472624,0.07672680914402008,10.944151878356934,2.748387118606318,11.759521584147471,0.9860521477499659,False,0.0,False
corner_recovery,planner,0,277,-0.40916306641748273,8.360739519700749,1.5830059051513672,0.12429161986813206,0.07672680914402008,10.944151878356934,2.6287085015327745,11.646450057557287,0.964532941958563,False,0.0,False
corner_recovery,planner,0,278,-0.33781203597215936,8.462342777651816,0.9638517498970032,0.12415390276540092,0.07672680914402008,10.944151878356934,2.5161913413834407,11.542601576423353,0.9104909654363004,False,0.0,False
corner_recovery,planner,0,279,-0.24878231013733298,8.55520323264247,2.0968899726867676,0.12864430101366892,0.07672680914402008,10.944151878356934,2.411022981764441,11.447500412053046,0.8259914282301757,False,0.0,False
corner_recovery,planner,0,280,-0.18334794409549554,8.700175934400857,2.1144025325775146,0.15905577799760542,0.07672680914402008,10.944151878356934,2.2589968823188227,11.301311445230487,0.9586549006514692,False,0.0,False
corner_recovery,planner,0,281,-0.24273247585961716,8.865771613503462,2.471938371658325,0.17592171995037137,-0.3827303647994995,11.798273086547852,2.9358413271692902,11.13687392482748,0.961039367396328,False,0.0,False
corner_recovery,planner,0,282,-0.37136658055725924,8.982777816043996,1.5738855600357056,0.1738884249290916,-0.3827303647994995,11.798273086547852,2.8155182034257717,11.023479386645901,0.7073910327765379,False,0.0,False
corner_recovery,planner,0,283,-0.4469103216863678,9.117220338922209,2.097635507583618,0.1542129980956234,-0.3827303647994995,11.798273086547852,2.6818208184770675,10.891952166035171,0.8737676686612051,False,0.0,False
corner_recovery,planner,0,284,-0.38803894790068705,9.287854732255173,2.31673526763916,0.1805046670851534,0.07672680914402008,10.944151878356934,1.7202695850087497,10.719171164896835,0.9985911179172865,False,0.0,False
corner_recovery,planner,0,285,-0.30039569901539226,9.484774131238652,1.6872590780258179,0.2155425451533505,0.07672680914402008,10.944151878356934,1.5073170850701845,10.51951579907815,0.9894801593317638,False,0.0,False
corner_recovery,planner,0,286,-0.24526416243622468,9.717564308368903,1.7633918523788452,0.23922949837742402,0.07672680914402008,10.944151878356934,1.2681463845425462,10.285360385611416,0.9997932233892213,False,0.0,False
corner_recovery,planner,0,287,-0.21329717878948656,9.925327486130081,2.136150360107422,0.21020805426266076,0.07672680914402008,10.944151878356934,1.0593002670505043,10.076930184744041,0.9945914853275801,False,0.0,False
corner_recovery,planner,0,288,-0.28710723974364427,10.023388172120304,2.2946271896362305,0.12273476783263011,0.07672680914402008,10.944151878356934,0.9900409172618094,9.980742163351493,0.6037853697522778,False,0.0,False
corner_recovery,planner,0,289,-0.435526133643551,10.090864551241975,1.7365957498550415,0.16303751042580086,1.7288634777069092,14.63546371459961,5.0336829404833106,9.918701949091899,0.014620361882923526,False,0.0,False
corner_recovery,planner,0,290,-0.5895017954768063,10.190381800235853,1.5082240104675293,0.18333626832762412,1.7288634777069092,14.63546371459961,5.01333928288401,9.827315075442241,0.12895034578528386,False,0.0,False
corner_recovery,planner,0,291,-0.7092269759498374,10.306899960230743,1.9340786933898926,0.16706465948217336,1.7288634777069092,14.63546371459961,4.967972346526102,9.719011847116441,0.28698649942273463,False,0.0,False
corner_recovery,planner,0,292,-0.7968373053295862,10.438131450775604,2.087156057357788,0.1577887002438834,1.7288634777069092,14.63546371459961,4.898649056461293,9.595013280022679,0.4521578425368427,False,0.0,False
corner_recovery,planner,0,293,-0.7885846905227544,10.653650903567012,2.097526788711548,0.21567739840478892,0.8290758728981018,13.743060111999512,3.487301959336846,9.379557945155018,0.9135259849797862,False,0.0,False
corner_recovery,planner,0,294,-0.8093308545929561,10.901154314169347,2.1257424354553223,0.24837137834987238,0.8290758728981018,13.743060111999512,3.2803666210392803,9.134769249781588,0.8440598572675899,False,0.0,False
corner_recovery,planner,0,295,-0.8542232604275123,11.125982554064004,2.288275957107544,0.2292663637687486,0.8290758728981018,13.743060111999512,3.1116861854153037,8.915036904546824,0.7517689175156004,False,0.0,False
corner_recovery,planner,0,296,-0.8987864776632277,11.288608367643866,2.2302513122558594,0.16862098200671657,0.8290758728981018,13.743060111999512,3.001639829802669,8.757634458272094,0.668180093916001,False,0.0,False
corner_recovery,planner,0,297,-0.8070348480555704,11.286207643669199,1.3704767227172852,0.09178303226230483,0.8290758728981018,13.743060111999512,2.9517761335101778,8.751084645643942,0.554054242897303,False,0.0,False
corner_recovery,planner,0,298,-0.7182032731374669,11.331243093681582,1.8630728721618652,0.09959538372961119,0.8290758728981018,13.743060111999512,2.865472750804751,8.698457463389047,0.8707425520278069,False,0.0,False
corner_recovery,planner,0,299,-0.6591146500355871,11.465205286642266,2.230294942855835,0.14641493954822915,0.8290758728981018,13.743060111999512,2.720906767596592,8.560207527919557,0.9880129847737732,False,0.0,False
corner_recovery,planner,0,300,-0.5815678865191851,11.617723246385488,2.3685829639434814,0.17110005428433875,0.8290758728981018,13.743060111999512,2.550876831272137,8.402427314819013,0.9941377244375766,False,0.0,False
corner_recovery,planner,0,301,-0.5094893542539153,11.83053943699152,1.7769734859466553,0.22469100070447562,0.8290758728981018,13.743060111999512,2.334414744571657,8.185332326341362,0.9665435971546102,False,0.0,False
corner_recovery,planner,0,302,-0.43506252521605526,12.019045075872127,1.6261682510375977,0.20266654576031143,2.6017773151397705,15.874265670776367,4.9076595288738405,7.9928043202500785,0.9611195322115899,False,0.0,False
corner_recovery,planner,0,303,-0.34645523564962794,12.186046082357652,2.0973238945007324,0.18905181282253644,2.6017773151397705,15.874265670776367,4.721762266985673,7.821630715991853,0.9839512470458375,False,0.0,False
corner_recovery,planner,0,304,-0.2517824594803851,12.288202100213688,2.252424955368042,0.13927952660672796,2.6017773151397705,15.874265670776367,4.582865404901936,7.715907027307325,0.9973334743123042,False,0.0,False
corner_recovery,planner,0,305,-0.14519290725369327,12.357862148632526,1.593767523765564,0.12733363652076174,2.6017773151397705,15.874265670776367,4.462167537560867,7.643516986284537,0.9492969768343825,False,0.0,False
corner_recovery,planner,0,306,-0.04394602746467416,12.476565379127086,2.0595333576202393,0.15601726698303878,2.6017773151397705,15.874265670776367,4.306299952102227,7.523562968958198,0.9990741377258805,False,0.0,False
corner_recovery,planner,0,307,0.0010777441751372392,12.618024640363812,1.9238296747207642,0.14845154967973262,2.6017773151397705,15.874265670776367,4.1673425473025185,7.381975438309744,0.9381797082978653,False,0.0,False
corner_recovery,planner,0,308,-0.051474279953119456,12.802719944083075,1.7168012857437134,0.19202622335485214,2.6017773151397705,15.874265670776367,4.058834460535536,7.197464123203132,0.5807519628489717,False,0.0,False
corner_recovery,planner,0,309,-0.06190390590553235,13.023129125955673,1.6141787767410278,0.22065580561420903,2.6017773151397705,15.874265670776367,3.901817172108591,6.977145497024869,0.7250117829748417,False,0.0,False
corner_recovery,planner,0,310,-0.07065144217557111,13.214066676538897,1.8207659721374512,0.19113782360777426,2.3030714988708496,15.39245319366455,3.2217896298245337,6.786301105664362,0.6746829851103917,False,0.0,False
corner_recovery,planner,0,311,-0.08308166753951525,13.395119892369534,1.798201560974121,0.18147941333719855,2.6017773151397705,15.874265670776367,3.6543989310782794,6.605402622070344,0.6552830390869631,False,0.0,False
corner_recovery,planner,0,312,-0.11368543803098416,13.552870322647848,1.3934032917022705,0.16069159598836472,-0.7686764597892761,16.152414321899414,2.6807913463432387,6.448131935329422,0.9986439042777219,False,0.0,False
corner_recovery,planner,0,313,-0.1417025292486291,13.680788258579224,1.8418686389923096,0.13095020325773166,-0.7686764597892761,16.152414321899414,2.549908176084239,6.3208003163923525,0.9995131016629424,False,0.0,False
corner_recovery,planner,0,314,-0.1438155990800723,13.760123459231329,1.549177646636963,0.07936333616111617,2.6017773151397705,15.874265670776367,3.465238482594056,6.241533639304843,0.6034511756486363,False,0.0,False
corner_recovery,planner,0,315,-0.13678410439004982,13.796958627542123,1.1809362173080444,0.03750028722637175,2.6017773151397705,15.874265670776367,3.43728427692674,6.2045493115646915,0.747843954334255,False,0.0,False
corner_recovery,planner,0,316,-0.1643476377805658,13.81617563468023,1.342492699623108,0.0336012162922136,2.6017773151397705,15.874265670776367,3.4477792637938314,6.186007915220164,-0.3079285665676645,False,0.0,False
corner_recovery,planner,0,317,-0.19572998133460484,13.830242687912872,1.2962619066238403,0.03439089230586673,2.6017773151397705,15.874265670776367,3.464690033509715,6.1728612098155775,-0.48794084007404376,False,0.0,False
corner_recovery,planner,0,318,-0.1734854303467568,13.838981262421093,2.147066116333008,0.02389942955567581,2.6017773151397705,15.874265670776367,3.44157898781642,6.163460803748246,0.9672362352060618,False,0.0,False
corner_recovery,planner,0,319,-0.15994003624967168,13.849126173082281,1.8806979656219482,0.016923265452294636,2.6017773151397705,15.874265670776367,3.4246565833797367,6.1529529211474525,0.9999493725456231,False,0.0,False
corner_recovery,planner,0,320,-0.1544353938403107,13.845442616503906,1.4089432954788208,0.006623418839317478,2.6017773151397705,15.874265670776367,3.422401420448916,6.156494690781183,0.3413381275082574,False,0.0,False
corner_recovery,planner,0,321,-0.15231633943462267,13.852188872880204,1.125559687614441,0.007071235158655291,2.6017773151397705,15.874265670776367,3.4166981772987994,6.149697709806292,0.8069023459314375,False,0.0,False
corner_recovery,planner,0,322,-0.16222852053646702,13.85412148977184,1.4109710454940796,0.010098828756128065,2.6017773151397705,15.874265670776367,3.423552361465901,6.14801925463476,-0.6779137140272347,False,0.0,False
corner_recovery,planner,0,323,-0.22067494069725874,13.819818906495062,1.4496841430664062,0.06776910246618371,2.6017773151397705,15.874265670776367,3.4909867149196456,6.184119644538552,-0.9949629111241726,False,0.0,False
corner_recovery,planner,0,324,-0.31844075236230474,13.74217977692069,2.133317470550537,0.1248438559625238,2.6017773151397705,15.874265670776367,3.615724522214589,6.26591720797087,-0.9991201846195468,False,0.0,False
corner_recovery,planner,0,325,-0.4440422923074618,13.628096417297217,1.998362421989441,0.16967840104024315,2.6017773151397705,15.874265670776367,3.784480597966529,6.387356951401592,-0.9943098800711484,False,0.0,False
corner_recovery,planner,0,326,-0.5312583534204264,13.54822436064777,2.0398223400115967,0.11826320961935999,2.6017773151397705,15.874265670776367,3.9020995216543617,6.473611383039443,-0.9943823212809282,False,0.0,False
corner_recovery,planner,0,327,-0.5645675671938215,13.501275621898959,1.709448218345642,0.05756464012139681,2.6017773151397705,15.874265670776367,3.9568701881602504,6.523201290812044,-0.9507650762333972,False,0.0,False
corner_recovery,planner,0,328,-0.5349401652962122,13.47949259619648,1.800100326538086,0.03677340277914647,2.6017773151397705,15.874265670776367,3.9463824739633977,6.542413758201453,0.28946717971031327,False,0.0,False
corner_recovery,planner,0,329,-0.47285827777984774,13.462376021623312,1.76149582862854,0.06439827546381452,2.6017773151397705,15.874265670776367,3.9077609585208535,6.554702299381014,0.604953542811543,False,0.0,False
corner_recovery,planner,0,330,-0.40422548286456944,13.416367547206903,1.2976861000061035,0.08262711574300534,2.6017773151397705,15.874265670776367,3.882951970789262,6.596030208729152,0.30987145842702785,False,0.0,False
corner_recovery,planner,0,331,-0.2976037070332817,13.394762692429108,1.2307729721069336,0.10878866131811252,2.6017773151397705,15.874265670776367,3.815015770789183,6.611938282815888,0.6330242376439621,False,0.0,False
corner_recovery,planner,0,332,-0.18112970367811443,13.361516748351693,2.045156478881836,0.12112591075066509,2.6017773151397705,15.874265670776367,3.749463777999756,6.640953836006511,0.5524142204963509,False,0.0,False
corner_recovery,planner,0,333,-0.005652237301292107,13.209940675278915,1.946528673171997,0.23187851805243426,2.6017773151397705,15.874265670776367,3.7279104807620445,6.790061677261722,0.12360521456745979,False,0.0,False
corner_recovery,planner,0,334,0.1739014336745396,13.055285568896684,1.4916174411773682,0.23697620701453642,2.6017773151397705,15.874265670776367,3.720380371762296,6.946891408263751,0.06352776223947262,False,0.0,False
corner_recovery,planner,0,335,0.3549992572142887,12.942665958617251,1.5555092096328735,0.21325946241685367,-0.7686764597892761,16.152414321899414,3.400754573999129,7.066257017989259,-0.7524537121398565,False,0.0,False
corner_recovery,planner,0,336,0.4410919925647206,12.914104870265172,1.3011976480484009,0.09070664169714797,2.3030714988708496,15.39245319366455,3.0998674316816404,7.0996106890099595,0.3442920031562359,False,0.0,False
corner_recovery,planner,0,337,0.4455904591025674,12.902130955652325,1.8280305862426758,0.012791045006092306,2.3030714988708496,15.39245319366455,3.1067572583381664,7.111841943403426,-0.537179989068622,False,0.0,False
corner_recovery,planner,0,338,0.43369306876524466,12.883614613582637,1.4589482545852661,0.022009153106839936,2.3030714988708496,15.39245319366455,3.128713271594495,7.129588392460649,-0.997568472825083,False,0.0,False
corner_recovery,planner,0,339,0.39009153996757,12.850458188779797,0.8402829170227051,0.0547762888410746,2.3030714988708496,15.39245319366455,3.181388207689315,7.160175941968196,-0.9609787960622546,False,0.0,False
corner_recovery,planner,0,340,0.34155764860645904,12.833671800251977,1.9415379762649536,0.05135485809988214,2.3030714988708496,15.39245319366455,3.2241120954540996,7.174463150217256,-0.8294497060463765,False,0.0,False
corner_recovery,planner,0,341,0.3479780907206845,12.805895824973362,2.035447359085083,0.028508365081504904,2.3030714988708496,15.39245319366455,3.2423246685245624,7.202515090769149,-0.6362334118789609,False,0.0,False
corner_recovery,planner,0,342,0.36650260880087726,12.796707489128783,2.314563751220703,0.020678087089867885,2.3030714988708496,15.39245319366455,3.238548259421609,7.212610287505572,0.18571097107922835,False,0.0,False
corner_recovery,planner,0,343,0.3558780588452354,12.766870850090363,1.860994577407837,0.03167185013334229,2.3030714988708496,15.39245319366455,3.2688292913162824,7.241878657644021,-0.9556665843033806,False,0.0,False
corner_recovery,planner,0,344,0.34458500609427656,12.656706092095982,1.7534031867980957,0.11074207395744633,2.3030714988708496,15.39245319366455,3.364518025829124,7.351374309901874,-0.8597763447753115,False,0.0,False
corner_recovery,planner,0,345,0.30711795808161974,12.500916920690752,2.048752546310425,0.16023122546467294,2.3030714988708496,15.39245319366455,3.5135185434137486,7.505369309405,-0.9266883644171683,False,0.0,False
corner_recovery,planner,0,346,0.24078466680282168,12.354511485198387,1.9998198747634888,0.1607316305945629,2.6017773151397705,15.874265670776367,4.238272739264763,7.64927917425758,-0.9852575435478134,False,0.0,False
corner_recovery,planner,0,347,0.11688271070109332,12.215204754837409,2.2528116703033447,0.18643513577032877,2.6017773151397705,15.874265670776367,4.4230564072505905,7.785672647701477,-0.9907539339759526,False,0.0,False
corner_recovery,planner,0,348,0.024338265597022325,12.08923905513385,2.305016279220581,0.156306851485875,2.6017773151397705,15.874265670776367,4.579259605572725,7.910798384359941,-0.9993134340680695,False,0.0,False
corner_recovery,planner,0,349,0.002810509813491425,11.963540933032125,2.1166646480560303,0.12752827987931048,2.6017773151397705,15.874265670776367,4.6955720023861485,8.036459558413492,-0.9097102229718581,False,0.0,False
corner_recovery,planner,0,350,0.004125132972833323,11.840626959052765,1.7563925981521606,0.12292100403694169,2.6017773151397705,15.874265670776367,4.797711758352298,8.159374083718589,-0.826886582486012,False,0.0,False
corner_recovery,planner,0,351,-0.013103966410641016,11.7025655983408,2.2631754875183105,0.1391322435210639,2.6017773151397705,15.874265670776367,4.923483077147887,8.29744474906421,-0.9013184636873119,False,0.0,False
corner_recovery,planner,0,352,-0.08587075085177462,11.517571656657893,2.1436007022857666,0.1987907527459001,2.6017773151397705,15.874265670776367,5.119007214224633,8.482862982848738,-0.98290954197963,False,0.0,False
corner_recovery,planner,0,353,-0.11833138960505381,11.265675676835237,2.0223395824432373,0.253978892270769,2.6017773151397705,15.874265670776367,5.351457100443101,8.73512585484568,-0.911205641994386,False,0.0,False
corner_recovery,planner,0,354,-0.13765393847916557,11.035458332023698,1.2902933359146118,0.23102680958509442,2.6017773151397705,15.874265670776367,5.560444231792179,8.965598469910537,-0.9006792123358451,False,0.0,False
corner_recovery,planner,0,355,-0.1345828674299927,10.814443668824739,2.267115831375122,0.22103599893759027,0.8290758728981018,13.743060111999512,3.083088133518792,9.186542203756515,-0.9370089469131355,False,0.0,False
corner_recovery,planner,0,356,-0.09814678114650706,10.61487210175023,2.2373087406158447,0.20287039894531878,0.8290758728981018,13.743060111999512,3.26271391293213,9.385641078645378,-0.8783138665640275,False,0.0,False
corner_recovery,planner,0,357,0.02061699522554293,10.426963142104295,1.8516998291015625,0.22229397583688074,0.8290758728981018,13.743060111999512,3.413224995606913,9.573059058792117,-0.6586325355809434,False,0.0,False
corner_recovery,planner,0,358,0.1218000818875203,10.205651781523773,1.6710156202316284,0.24334488971097587,0.8290758728981018,13.743060111999512,3.6074224511510704,9.79510552698215,-0.7850887830046808,False,0.0,False
corner_recovery,planner,0,359,0.13246615076105564,10.08171213048118,2.2095844745635986,0.1243977577200449,0.8290758728981018,13.743060111999512,3.727027521597368,9.919172422321413,-0.9601699105763746,False,0.0,False
corner_recovery,planner,0,360,0.0652047457411804,9.966243863093013,1.8625993728637695,0.13363015145869153,0.8290758728981018,13.743060111999512,3.853289513767184,10.033968002429836,-0.9429391008037804,False,0.0,False
corner_recovery,planner,0,361,0.006245472260265905,9.840413154780503,1.4268981218338013,0.13895885392383298,1.7288634777069092,14.63546371459961,5.095088091869512,10.15958876488024,-0.9954049455400455,False,0.0,False
corner_recovery,planner,0,362,-0.0026205181187945793,9.715023735581353,1.8588545322418213,0.12570247504525048,1.7288634777069092,14.63546371459961,5.216202298120897,10.284976598260696,-0.9626148853352433,False,0.0,False
corner_recovery,planner,0,363,0.06807314270646908,9.608412568123065,1.9210577011108398,0.12792003247223074,1.7288634777069092,14.63546371459961,5.2942863320868865,10.391810396033051,-0.6027198642571651,False,0.0,False
corner_recovery,planner,0,364,0.2678643423463611,9.496936763480551,1.8635667562484741,0.22878675327527798,1.7288634777069092,14.63546371459961,5.342188474857583,10.506478413637323,-0.18871488459276847,False,0.0,False
corner_recovery,planner,0,365,0.4278525288867981,9.362462913525203,1.3056285381317139,0.20899625870888522,0.8290758728981018,13.743060111999512,4.398933050986407,10.6461379407089,-0.5375745833841314,False,0.0,False
corner_recovery,planner,0,366,0.5702802463375226,9.222742958380667,1.7223376035690308,0.1995177199243576,0.8290758728981018,13.743060111999512,4.527719331587113,10.79233472889422,-0.6322588465533377,False,0.0,False
corner_recovery,planner,0,367,0.6887718932199006,9.07564808404504,1.8057615756988525,0.18888401847883288,0.8290758728981018,13.743060111999512,4.669520344254601,10.946043646200144,-0.7416278215272907,False,0.0,False
corner_recovery,planner,0,368,0.7464229410550368,8.895815813134966,1.9567583799362183,0.18884726362106352,-0.3827303647994995,11.798273086547852,3.1143611563384215,11.129243175650208,-0.9979072454204405,False,0.0,False
corner_recovery,planner,0,369,0.7543112839241098,8.690946004384282,1.4793130159378052,0.20502161956916187,0.4849357008934021,12.264786720275879,3.583978329635616,11.33418227261266,-0.999240536108773,False,0.0,False
corner_recovery,planner,0,370,0.8303396864141143,8.571517901026432,1.9620128870010376,0.14157467943398386,0.4849357008934021,12.264786720275879,3.709385189550122,11.458606681503365,-0.8815465108500361,False,0.0,False
corner_recovery,planner,0,371,0.9220286205856164,8.477109958853603,2.3169779777526855,0.131604407961186,0.4849357008934021,12.264786720275879,3.8128133273822105,11.559720224881303,-0.7791189730963852,False,0.0,False
corner_recovery,planner,0,372,1.0329346304005913,8.375109374686454,1.5032070875167847,0.1506793356221048,0.14680659770965576,8.147615432739258,0.9148641341441811,11.670691324903746,-0.41259726675124964,False,0.0,False
corner_recovery,planner,0,373,1.1479134305923129,8.244423018538496,1.9039970636367798,0.17406621779299616,0.14680659770965576,8.147615432739258,1.005776615115216,11.811489974224326,-0.4531049944581721,False,0.0,False
corner_recovery,planner,0,374,1.1987719005236268,8.10666131204102,2.1013810634613037,0.14684982717337905,0.14680659770965576,8.147615432739258,1.0527621945751355,11.953600261677938,-0.25442695547580585,False,0.0,False
corner_recovery,planner,0,375,1.1228423714614741,7.967086741121558,1.9193159341812134,0.15889101368847797,0.14680659770965576,8.147615432739258,0.9925907717385395,12.085188309945435,0.44333773151032974,False,0.0,False
corner_recovery,planner,0,376,0.9836057386050701,7.818449159726756,1.9382909536361694,0.203666321546017,0.07672680914402008,10.944151878356934,3.2546039510134728,12.22119720498686,-0.46189362007071466,False,0.0,False
corner_recovery,planner,0,377,0.8810087618658712,7.660633350231222,1.176116943359375,0.18823381567283384,0.14680659770965576,8.147615432739258,0.8810246117649234,12.370777896151495,0.2003129919411337,False,0.0,False
corner_recovery,planner,0,378,0.8094335140858872,7.5173887633737015,2.5774495601654053,0.16013128288609854,0.14680659770965576,8.147615432739258,0.9144725720795979,12.508827518935359,-0.12196550906603985,False,0.0,False
corner_recovery,planner,0,379,0.822360820316046,7.3668653838998335,2.2827446460723877,0.1510774735511631,0.07672680914402008,10.944151878356934,3.654168680020348,12.659872335347588,-0.9922008079963954,False,0.0,False
corner_recovery,planner,0,380,0.8861113235367348,7.194465714968434,1.2198001146316528,0.18380906536008296,0.14680659770965576,8.147615432739258,1.2062611085983226,12.836156029077355,-0.9362137016604802,False,0.0,False
corner_recovery,planner,0,381,0.9254343066603111,7.016705976879844,1.5215480327606201,0.18205719290119046,0.14680659770965576,8.147615432739258,1.3730321578528242,13.016234184537838,-0.9038962571999763,False,0.0,False
corner_recovery,planner,0,382,0.9454710366021386,6.839390000193824,1.9452807903289795,0.17844446232617772,0.14680659770965576,8.147615432739258,1.5327487296716742,13.194528072199166,-0.882125141526122,False,0.0,False
corner_recovery,planner,0,383,0.950271897891485,6.642586964477715,2.062497615814209,0.19686158369828205,0.14680659770965576,8.147615432739258,1.7060677533069906,13.391172453577877,-0.8659693220381638,False,0.0,False
corner_recovery,planner,0,384,0.8790943518852622,6.391825637115488,2.212203025817871,0.26066738644474474,0.14680659770965576,8.147615432739258,1.9023782908065663,13.636539750617963,-0.7200417523728553,False,0.0,False
corner_recovery,planner,0,385,0.8238041035216543,6.130142800264245,1.6268059015274048,0.2674601253768937,1.0215481519699097,9.362276077270508,3.238176682799743,13.894300700000732,-0.9871787244600727,False,0.0,False
corner_recovery,planner,0,386,0.8021170212197212,5.9321651052325475,2.1466989517211914,0.1991619875097524,1.0215481519699097,9.362276077270508,3.437122532240814,14.09068381385968,-0.9988480518191574,False,0.0,False
corner_recovery,planner,0,387,0.790064272320518,5.766939440991707,1.8425614833831787,0.1656646880896898,1.0215481519699097,9.362276077270508,3.602780914058763,14.254971568922713,-0.9999600988004318,False,0.0,False
corner_recovery,planner,0,388,0.8215143275258663,5.592766134113497,1.7385362386703491,0.1769899624309538,1.0215481519699097,9.362276077270508,3.774813736130735,14.430636626867063,-0.9706353168201327,False,0.0,False
corner_recovery,planner,0,389,0.9200863866881464,5.435053139511346,1.9647473096847534,0.18598343881612184,1.0215481519699097,9.362276077270508,3.928533376805623,14.593979443860649,-0.8187175137989121,False,0.0,False
corner_recovery,planner,0,390,0.9725607975852529,5.279419780675842,2.0380094051361084,0.16424160916594563,0.14680659770965576,8.147615432739258,2.9846970193183213,14.752672859470495,-0.9988725826675338,False,0.0,False
corner_recovery,planner,0,391,0.8850045919545866,5.140570676166447,1.944319725036621,0.16414981866423284,0.14680659770965576,8.147615432739258,3.096329189013868,14.88576074501351,-0.6652818171587276,False,0.0,False
corner_recovery,planner,0,392,0.755958884417698,5.034077100065623,1.7626630067825317,0.16731310882425818,0.14680659770965576,8.147615432739258,3.1725679594659204,14.985003239295954,-0.43425704225855155,False,0.0,False
corner_recovery,planner,0,393,0.659752469229221,4.916807926137756,2.0461597442626953,0.15168300325725997,0.14680659770965576,8.147615432739258,3.2712735458566558,15.097614263772764,-0.6369534879233109,False,0.0,False
corner_recovery,planner,0,394,0.6132817509341294,4.791916004378163,2.161236047744751,0.1332573441866003,0.14680659770965576,8.147615432739258,3.387966605809268,15.220444583648597,-0.8709481750697556,False,0.0,False
corner_recovery,planner,0,395,0.6666544295036265,4.642642158002122,2.082263469696045,0.1585286221146857,0.14680659770965576,8.147615432739258,3.543314751026566,15.371820582336712,-0.9790081826393241,False,0.0,False
corner_recovery,planner,0,396,0.7340467759153697,4.446941304280084,1.4082393646240234,0.2069795944106932,0.14680659770965576,8.147615432739258,3.746977452820626,15.570371205007948,-0.9830461862536203,False,0.0,False
corner_recovery,planner,0,397,0.7745656674174974,4.270010925265824,1.6720960140228271,0.18151071479857803,0.14680659770965576,8.147615432739258,3.928090906022765,15.74904785262901,-0.9977054542204938,False,0.0,False
corner_recovery,planner,0,398,0.7978757998449452,4.103237619942318,2.11676287651062,0.16839447034363253,0.14680659770965576,8.147615432739258,4.096447607209598,15.916772912873872,-0.9997660961663554,False,0.0,False
corner_recovery,planner,0,399,0.8015790595610391,3.9467762389206817,1.9775840044021606,0.15650520082004454,0.14680659770965576,8.147615432739258,4.251561702377283,16.07322376227023,-0.9907733623083042,False,0.0,False
corner_recovery,planner,0,400,0.7688467014474445,3.774066474435717,1.9075287580490112,0.17578415746627638,0.14680659770965576,8.147615432739258,4.417563172308474,16.24413875914502,-0.9421113610126121,False,0.0,False
corner_recovery,planner,0,401,0.7328683774371857,3.621685830690443,2.2747273445129395,0.15657043267108658,0.14680659770965576,8.147615432739258,4.563716377291554,16.394702531221895,-0.9311864973383378,False,0.0,False
corner_recovery,planner,0,402,0.7948636055926681,3.52501332303596,2.073516607284546,0.11484329344918817,0.14680659770965576,8.147615432739258,4.6678076385065035,16.494150301171576,-0.904130795931747,False,0.0,False
corner_recovery,planner,0,403,0.8848940963257694,3.4104924466756628,1.8570680618286133,0.14567264802966123,0.14680659770965576,8.147615432739258,4.794278604827368,16.61309117604299,-0.8643435645021459,False,0.0,False
corner_recovery,planner,0,404,0.9510769128782549,3.25075136019914,1.4951685667037964,0.17290858832203757,0.14680659770965576,8.147615432739258,4.962472013502503,16.77622953145554,-0.9717601257549484,False,0.0,False
corner_recovery,planner,0,405,1.0479965631964432,3.124930989550095,2.0593161582946777,0.1588212337443042,0.14680659770965576,8.147615432739258,5.10289156946809,16.907579687936366,-0.8806425637960774,False,0.0,False
corner_recovery,planner,0,406,1.0544377096993316,3.0291770984820277,2.1351120471954346,0.09597028718799905,0.14680659770965576,8.147615432739258,5.19828868158027,17.00354871308701,-0.9939155896151286,False,0.0,False
corner_recovery,planner,0,407,0.8720737328084591,2.949155665321804,1.8433336019515991,0.1991483111464187,0.14680659770965576,8.147615432739258,5.248809043079425,17.07313108720489,-0.23575964262445767,False,0.0,False
corner_recovery,planner,0,408,0.7360930107834364,2.8595105637498457,1.9805264472961426,0.16287111775355764,0.14680659770965576,8.147615432739258,5.320837488785285,17.156287798784657,-0.4297613289253781,False,0.0,False
corner_recovery,planner,0,409,0.6280774931598821,2.7690258669286383,2.3691554069519043,0.1409071765607067,0.14680659770965576,8.147615432739258,5.40007846167575,17.24241720038082,-0.5533093764757185,False,0.0,False
corner_recovery,planner,0,410,0.5699347067952432,2.6719656706234627,1.8704204559326172,0.11314267679811747,0.14680659770965576,8.147615432739258,5.491973936032209,17.33740462958806,-0.8086436026695984,False,0.0,False
corner_recovery,planner,0,411,0.6249415462368831,2.5116122810696373,1.915452241897583,0.16952569695110897,0.14680659770965576,8.147615432739258,5.656248275547409,17.499550192614873,-0.9680818586038346,False,0.0,False
corner_recovery,planner,0,412,0.6490409790938976,2.3467296577426358,1.6972806453704834,0.1666345166501335,0.14680659770965576,8.147615432739258,5.822586637260332,17.665197648748983,-0.9981704151688289,False,0.0,False
corner_recovery,planner,0,413,0.6484613167412919,2.19901540952412,2.233412742614746,0.14771538557375896,0.14680659770965576,8.147615432739258,5.969715210403411,17.81279187745901,-0.9959268296729457,False,0.0,False
corner_recovery,planner,0,414,0.6190096886380191,2.056708493662116,1.5067943334579468,0.14532259528404037,0.14680659770965576,8.147615432739258,6.1091835051486525,17.95396566433291,-0.9587542254577823,False,0.0,False
corner_recovery,planner,0,415,0.44691807323978894,1.9352947363069168,2.1197056770324707,0.2106105993664126,-0.23127655684947968,3.4774630069732666,1.6847049983103748,18.07023276076678,-0.07505166799435423,False,0.0,False
corner_recovery,planner,0,416,0.27854549423203223,1.7881929382019945,1.8917803764343262,0.22358055453778755,-0.23127655684947968,3.4774630069732666,1.764525967226172,18.213937082589055,-0.2991137093978594,False,0.0,False
corner_recovery,planner,0,417,0.13944057587086983,1.6480534823907331,2.3860695362091064,0.1974569456548494,-0.23127655684947968,3.4774630069732666,1.866593260762957,18.352476254156826,-0.4759073214838398,False,0.0,False
corner_recovery,planner,0,418,0.05665662377195178,1.502436394416266,1.9364193677902222,0.1675037881221785,-0.23127655684947968,3.4774630069732666,1.9959047163657775,18.49765037283474,-0.7538628900682088,False,0.0,False
corner_recovery,planner,0,419,0.08607035548107043,1.2915259953263207,1.367244005203247,0.212951553310456,-0.23127655684947968,3.4774630069732666,2.20885257128078,18.70867199160976,-0.999980779714983,False,0.0,False
corner_recovery,planner,0,420,0.08801720933485148,1.0934183277240854,1.2225326299667358,0.19811723348241497,-0.23127655684947968,3.4774630069732666,2.4053310669802825,18.906786547681197,-0.9909896168574311,False,0.0,False
corner_recovery,planner,0,421,0.06370448511953028,0.9068372355608952,1.6633886098861694,0.1881584771185692,-0.23127655684947968,3.4774630069732666,2.5874950573422497,19.093269039396795,-0.9656888194700389,False,0.0,False
corner_recovery,planner,0,422,0.0065945856208993615,0.7275455718004559,1.3127652406692505,0.1881675883746459,-0.23127655684947968,3.4774630069732666,2.7601863307913783,19.272455556456414,-0.9120172669070555,False,0.0,False
corner_recovery,planner,0,423,-0.1330381810673874,0.5596873224843666,1.6510015726089478,0.21834308186083642,-0.23127655684947968,3.4774630069732666,2.9194290064104953,19.44076789011167,-0.7108092882697141,False,0.0,False
corner_recovery,planner,0,424,-0.24750566182763833,0.38326249594455625,1.3737112283706665,0.21030578587190746,-0.23127655684947968,3.4774630069732666,3.0942430716249043,19.618298839492994,-0.8201062982023393,False,0.0,False
corner_recovery,planner,0,425,-0.3330501490992272,0.20190478999677808,1.6713318824768066,0.20052051468415846,-0.23127655684947968,3.4774630069732666,3.277138919374888,19.800896352088902,-0.9066597849565208,False,0.0,False
corner_recovery,planner,0,426,-0.39650455933557527,0.013445255524716801,2.1372323036193848,0.1988553703370085,-0.23127655684947968,3.4774630069732666,3.467956065920705,19.990487398247232,-0.9571742942268372,False,0.0,False
corner_recovery,planner,0,427,-0.3797060748297014,-0.1640946996220784,2.2607171535491943,0.1783329042976089,-0.23127655684947968,3.4774630069732666,3.644581437184768,20.167669467704737,-0.9899350081399697,False,0.0,False
corner_recovery,planner,0,428,-0.25736277250771317,-0.33641533836158644,1.4321818351745605,0.21133453612375205,-0.23127655684947968,3.4774630069732666,3.8139675567132825,20.338043770506083,-0.7911395487273197,False,0.0,False
corner_recovery,planner,0,429,-0.17299822592701222,-0.4925183379869874,2.024540901184082,0.1774416050756282,-0.23127655684947968,3.4774630069732666,3.9704090775621013,20.493248552118494,-0.8764704532162185,False,0.0,False
corner_recovery,planner,0,430,-0.1805158538070212,-0.6124369214663665,1.8573530912399292,0.12015399033175346,-0.23127655684947968,3.4774630069732666,4.090214917779246,20.61322735077905,-0.9970149081409886,False,0.0,False
corner_recovery,planner,0,431,-0.284146403781532,-0.7068400846044564,1.957086443901062,0.14018290943797815,-0.23127655684947968,3.4774630069732666,4.184637090943671,20.708789570328918,-0.664202288105504,False,0.0,False
corner_recovery,planner,0,432,-0.33711708799114604,-0.7684795512083122,2.0996809005737305,0.08127310273911363,-0.23127655684947968,3.4774630069732666,4.2472615207224855,20.771215438677956,-0.7665979369752924,False,0.0,False
corner_recovery,planner,0,433,-0.29368245904124574,-0.7381304435622855,1.5927103757858276,0.05298712416168323,-0.23127655684947968,3.4774630069732666,4.216055340816414,20.74020982731258,0.5930131483680876,False,0.0,False
corner_recovery,planner,0,434,-0.19805422261196215,-0.6639057614461237,1.4294569492340088,0.12105396746005576,-0.23127655684947968,3.4774630069732666,4.1415020221571455,20.664854869875587,0.6247794912378862,False,0.0,False
corner_recovery,planner,0,435,-0.08281067212346713,-0.571671912266439,1.1634470224380493,0.1476081260083439,-0.23127655684947968,3.4774630069732666,4.051855835679968,20.571838587577666,0.6185731257761101,False,0.0,False
corner_recovery,planner,0,436,0.023491399231806313,-0.49331609388026565,2.2275569438934326,0.13205970108018808,-0.23127655684947968,3.4774630069732666,3.9789437517035875,20.4933295579203,0.5634431826194639,False,0.0,False
corner_recovery,planner,0,437,0.0983828713335827,-0.4039330221510419,2.3212642669677734,0.11661074609710166,-0.23127655684947968,3.4774630069732666,3.895370389769365,20.404170210077094,0.723813494654568,False,0.0,False
corner_recovery,planner,0,438,0.049861294412569895,-0.3082109629167625,2.150716781616211,0.10731754773080056,-0.23127655684947968,3.4774630069732666,3.7960987734403298,20.30827217325524,0.9270149621836523,False,0.0,False
corner_recovery,planner,0,439,-0.05214099121243077,-0.20158324710839157,1.5754400491714478,0.1475599405368372,-0.23127655684947968,3.4774630069732666,3.683404795912117,20.20165053585511,0.7718161985752228,False,0.0,False
corner_recovery,planner,0,440,-0.120074473011286,-0.06458607095787006,1.2501897811889648,0.15291561144151508,-0.23127655684947968,3.4774630069732666,3.5437942341398396,20.06494535447195,0.9164459155579282,False,0.0,False
corner_recovery,planner,0,441,-0.1688570270017179,0.07360670743476493,1.7100753784179688,0.14655026978380262,-0.23127655684947968,3.4774630069732666,3.404428572552868,19.92710873020862,0.9529528095443333,False,0.0,False
corner_recovery,planner,0,442,-0.18270759197648376,0.22171928626003257,1.6442288160324097,0.14875877841791835,-0.23127655684947968,3.4774630069732666,3.2561059748282895,19.779124602865117,0.9971957995798855,False,0.0,False
corner_recovery,planner,0,443,-0.10327358699318567,0.36548766980596453,1.7684950828552246,0.16425318643818398,-0.23127655684947968,3.4774630069732666,3.1146067583933568,19.634783927466888,0.8679742084488896,False,0.0,False
corner_recovery,planner,0,444,-0.04744282988843281,0.5160214381660935,1.4692937135696411,0.16055369461831412,-0.23127655684947968,3.4774630069732666,2.967141891556162,19.484036322592686,0.9225080494423864,False,0.0,False
corner_recovery,planner,0,445,-0.02435724052955131,0.6263021123945444,2.014392375946045,0.11267107678694038,-0.23127655684947968,3.4774630069732666,2.858659484835724,19.373713198955286,0.9642093548743595,False,0.0,False
corner_recovery,planner,0,446,-0.08995755324014892,0.6235001928365947,2.016953468322754,0.06566012321750102,-0.23127655684947968,3.4774630069732666,2.8574595019450486,19.376708625006167,0.029756261836171426,False,0.0,False
corner_recovery,planner,0,447,-0.1812816694876588,0.5875358571298446,1.9067317247390747,0.09815053566444008,-0.23127655684947968,3.4774630069732666,2.8903595658956425,19.413310566256126,-0.31995530856325094,False,0.0,False
corner_recovery,planner,0,448,-0.25505949109478976,0.566566939418451,1.7098733186721802,0.07669982054138609,-0.23127655684947968,3.4774630069732666,2.91099322295113,19.435106788080727,-0.2567103401697057,False,0.0,False
corner_recovery,planner,0,449,-0.2912579198857216,0.5485019296283499,2.592329740524292,0.040455788530797586,-0.23127655684947968,3.4774630069732666,2.9295751836252952,19.45367853023094,-0.45383244726180777,False,0.0,False
corner_recovery,planner,0,450,-0.2626469659830562,0.521497126145133,2.253584861755371,0.03934267523170743,-0.23127655684947968,3.4774630069732666,2.9561323365487633,19.48027355135221,-0.6713663906388506,False,0.0,False
corner_recovery,planner,0,451,-0.17567215803934383,0.469183195163094,1.4907218217849731,0.10149563828874221,-0.23127655684947968,3.4774630069732666,3.008793657815651,19.531606840483192,-0.5063075757668166,False,0.0,False
corner_recovery,planner,0,452,-0.10523577361867045,0.38660669338441706,1.1924550533294678,0.10853645883416647,-0.23127655684947968,3.4774630069732666,3.0934251292522803,19.613675626155388,-0.7726814457099642,False,0.0,False
corner_recovery,planner,0,453,-0.08278113720112623,0.2933593890198805,2.1504461765289307,0.09591282744188402,-0.23127655684947968,3.4774630069732666,3.18756438986264,19.70681447842363,-0.9809405209522022,False,0.0,False
corner_recovery,planner,0,454,-0.13287741731500038,0.17635319389482929,1.9195371866226196,0.12727956229846685,-0.23127655684947968,3.4774630069732666,3.302576023146762,19.824092138134244,-0.899951100205649,False,0.0,False
corner_recovery,planner,0,455,-0.2665857408309644,-0.013399843410910647,1.6325135231018066,0.23212955637790555,-0.23127655684947968,3.4774630069732666,3.4910414174950404,20.015175274012822,-0.7999196789091034,False,0.0,False
corner_recovery,planner,0,456,-0.3782852432356771,-0.19250035864080717,1.4216054677963257,0.21107764778174595,-0.23127655684947968,3.4774630069732666,3.6729065682130244,20.196043435756394,-0.8538142725857639,False,0.0,False
corner_recovery,planner,0,457,-0.479628015794955,-0.37770182638547445,1.6586105823516846,0.2111159425642236,-0.23127655684947968,3.4774630069732666,3.86315600766087,20.38334552419228,-0.8957604972612313,False,0.0,False
corner_recovery,planner,0,458,-0.513637193855614,-0.5347697857719299,2.0282042026519775,0.16070771001475578,-0.23127655684947968,3.4774630069732666,4.022156077592021,20.541192597353337,-0.9889345652395735,False,0.0,False
corner_recovery,planner,0,459,-0.3705485849395843,-0.5894677051060041,2.3058009147644043,0.15318685446539262,-0.23127655684947968,3.4774630069732666,4.069314698405854,20.59280181600852,-0.290612161316499,False,0.0,False
corner_recovery,planner,0,460,-0.21509430047269784,-0.6332762875355147,1.8387181758880615,0.16150921476372448,-0.23127655684947968,3.4774630069732666,4.110771145763286,20.634397396480257,-0.2381443361785141,False,0.0,False
corner_recovery,planner,0,461,-0.08018048393651053,-0.6780839463121561,1.9250829219818115,0.1421599949964966,-0.23127655684947968,3.4774630069732666,4.1582929796022645,20.67823939799365,-0.31892521232097676,False,0.0,False
corner_recovery,planner,0,462,0.04025034015824627,-0.7136083511310143,1.4062728881835938,0.125561007999603,-0.23127655684947968,3.4774630069732666,4.199857852894632,20.713647457990767,-0.31759007297209063,False,0.0,False
corner_recovery,planner,0,463,0.14464603103064363,-0.7290671417583448,1.2898274660110474,0.10553404417715068,-0.23127655684947968,3.4774630069732666,4.22329417448826,20.729571800734778,-0.2101291794648804,False,0.0,False
corner_recovery,planner,0,464,0.20976254891190405,-0.7048694948587919,2.057626724243164,0.06946716502388697,-0.23127655684947968,3.4774630069732666,4.2055226368064655,20.70593202746643,0.2635124727689276,False,0.0,False
corner_recovery,planner,0,465,0.09248286361922202,-0.6426254344448977,1.8360482454299927,0.13277367073015284,-0.23127655684947968,3.4774630069732666,4.132789485014908,20.642832603759945,0.5588466419742059,False,0.0,False
corner_recovery,planner,0,466,-0.0390135572182263,-0.5837547215929724,1.0822694301605225,0.14407313949780218,-0.23127655684947968,3.4774630069732666,4.065766163941051,20.583791693863105,0.4788617348951358,False,0.0,False
corner_recovery,planner,0,467,-0.09242894886734589,-0.5234889097138828,1.3704373836517334,0.08053056653516504,-0.23127655684947968,3.4774630069732666,4.00336045065704,20.523697038733967,0.7788882545986516,False,0.0,False
corner_recovery,planner,0,468,-0.08047841689856888,-0.4109641064458901,2.1493911743164062,0.11315761823596868,-0.23127655684947968,3.4774630069732666,3.891350086459183,20.41112276505653,0.9901465712089477,False,0.0,False
corner_recovery,planner,0,469,-0.044795045324257425,-0.27345426477739093,1.6493233442306519,0.14206427968566232,-0.23127655684947968,3.4774630069732666,3.7555499908346484,20.2735037529803,0.9574802687007732,False,0.0,False
corner_recovery,planner,0,470,-0.05637129907315781,-0.1193283050842518,1.5009899139404297,0.1545600889692746,-0.23127655684947968,3.4774630069732666,3.6010414593128814,20.119407276834067,0.9996801506191331,False,0.0,False
corner_recovery,planner,0,471,-0.06616578308403881,-0.03086512168965421,1.2680480480194092,0.08900374561413472,-0.23127655684947968,3.4774630069732666,3.5122112444983853,20.03097440051717,0.9980984398706183,False,0.0,False
corner_recovery,planner,0,472,-0.12436761182084251,-0.010066250471975218,2.412529230117798,0.061806519981615404,-0.23127655684947968,3.4774630069732666,3.489167500144368,20.010452734787076,0.38041249413877515,False,0.0,False
corner_recovery,planner,0,473,-0.24815956189471355,0.023086127060990162,2.0600125789642334,0.12815430948345063,-0.23127655684947968,3.4774630069732666,3.4544181368693385,19.97845517188411,0.2881668786770175,False,0.0,False
corner_recovery,planner,0,474,-0.4060852673118582,0.06987966685185272,1.8791966438293457,0.16471236686315263,-0.23127655684947968,3.4774630069732666,3.4120642293377967,19.93425698986779,0.27940306553655764,False,0.0,False
corner_recovery,planner,0,475,-0.5234409457390364,0.15468237920515363,1.189136028289795,0.14478900262651154,-0.23127655684947968,3.4774630069732666,3.335600565176571,19.85221957096754,0.5434039506193674,False,0.0,False
corner_recovery,planner,0,476,-0.6191708592877772,0.24976413968461644,2.0778589248657227,0.13492500703695853,-0.23127655684947968,3.4774630069732666,3.250923248518877,19.75993899512544,0.639847052472503,False,0.0,False
corner_recovery,planner,0,477,-0.6639420433229857,0.4140670958652829,2.093003511428833,0.17029362973881468,-0.23127655684947968,3.4774630069732666,3.0937992713455844,19.597183133352583,0.9265594371351173,False,0.0,False
corner_recovery,planner,0,478,-0.6740324990351237,0.6538564982159955,1.6055091619491577,0.24000161411163579,-0.23127655684947968,3.4774630069732666,2.8581089098628,19.35788181081223,0.9834175660553078,False,0.0,False
corner_recovery,planner,0,479,-0.7151416338066297,0.8698763845596126,2.324958086013794,0.21989668541742757,-0.23127655684947968,3.4774630069732666,2.6520998107328837,19.143486022624867,0.9415505261267415,False,0.0,False
corner_recovery,planner,0,480,-0.7888290020621216,1.0452944998652867,2.6116347312927246,0.19026650629528902,-0.23127655684947968,3.4774630069732666,2.495257176350858,18.971112560715344,0.8358271261699872,False,0.0,False
corner_recovery,planner,0,481,-0.8401122920735852,1.1144802270170064,1.9878387451171875,0.08611992031993583,-0.23127655684947968,3.4774630069732666,2.4401574889452715,18.904196511860135,0.649994629807244,False,0.0,False
corner_recovery,planner,0,482,-0.7622021310162822,1.0948698967798502,1.7286189794540405,0.08034026542142621,-0.23127655684947968,3.4774630069732666,2.4410309080479675,18.92048879675698,0.005588662110388907,False,0.0,False
corner_recovery,planner,0,483,-0.6673725623992445,1.1299553186764657,1.9601877927780151,0.10111198699341721,-0.23127655684947968,3.4774630069732666,2.3876708468021826,18.881842399834554,0.5426751974821322,False,0.0,False
corner_recovery,planner,0,484,-0.5752108138710801,1.2129034272659946,1.989502191543579,0.12399264740438803,-0.23127655684947968,3.4774630069732666,2.2905285117625094,18.79590022088934,0.7934801998450104,False,0.0,False
corner_recovery,planner,0,485,-0.5372207197186597,1.4029754203728182,2.2873764038085938,0.19383139533447655,-0.23127655684947968,3.4774630069732666,2.0969264597865793,18.604782431325354,0.9989168570098926,False,0.0,False
corner_recovery,planner,0,486,-0.4842479783881304,1.6395925330632666,2.4710590839385986,0.24247426531909633,-0.23127655684947968,3.4774630069732666,1.8551987545773778,18.36679227455135,0.9972765526676132,False,0.0,False
corner_recovery,planner,0,487,-0.40249827376822545,1.858898780927164,1.9879179000854492,0.23404752627956338,-0.23127655684947968,3.4774630069732666,1.6275954749816743,18.145565802725258,0.9758918706211182,False,0.0,False
corner_recovery,planner,0,488,-0.3952044887046044,1.9384697878747355,1.8632738590240479,0.07990459590789986,-0.23127655684947968,3.4774630069732666,1.5476990971353437,18.06585343102855,0.9999022005227226,False,0.0,False
corner_recovery,planner,0,489,-0.44489001464401357,1.9812792362219929,1.7366747856140137,0.0655842996125765,-0.23127655684947968,3.4774630069732666,1.5113558764270039,18.02421219049905,0.5688265700232584,False,0.0,False
corner_recovery,planner,0,490,-0.5481319693581135,2.0272397759724647,1.9932103157043457,0.11301005454092553,0.14680659770965576,8.147615432739258,6.159702735679844,17.981116726338737,0.3175736389739663,False,0.0,False
corner_recovery,planner,0,491,-0.5955027830381375,2.1166296925538073,1.934126853942871,0.10116595857859961,0.14680659770965576,8.147615432739258,6.076496705756238,17.893282457890567,0.8251275334892498,False,0.0,False
corner_recovery,planner,0,492,-0.606842747440037,2.268503878970026,1.3689712285995483,0.15229695759346182,0.14680659770965576,8.147615432739258,5.9272202588656535,17.741877375582934,0.9806591178607786,False,0.0,False
corner_recovery,planner,0,493,-0.598082100104592,2.453066518643975,1.355272650718689,0.184770443808397,0.14680659770965576,8.147615432739258,5.743060726403227,17.557123249484768,0.9967965722603972,False,0.0,False
corner_recovery,planner,0,494,-0.5706659590380773,2.612458699845097,2.28222393989563,0.16173284211634437,0.14680659770965576,8.147615432739258,5.581462794589755,17.396903520494597,0.9991893259416675,False,0.0,False
corner_recovery,planner,0,495,-0.4876608756155806,2.7268641294111444,2.371208429336548,0.1413451314625567,0.14680659770965576,8.147615432739258,5.457755368944375,17.280018400841755,0.8781782161858077,False,0.0,False
corner_recovery,planner,0,496,-0.40970603484776785,2.7680795985116053,1.906734824180603,0.08817977144621143,0.14680659770965576,8.147615432739258,5.408244826367922,17.236790297448728,0.5670044581963805,False,0.0,False
corner_recovery,planner,0,497,-0.4346112190156424,2.848635936304323,1.8910152912139893,0.08431839512828868,0.14680659770965576,8.147615432739258,5.330781404376234,17.156869649126723,0.9199173139097289,False,0.0,False
corner_recovery,planner,0,498,-0.48815895508279616,2.958237853637547,2.4078118801116943,0.12198336083678114,0.14680659770965576,8.147615432739258,5.228080040676171,17.0487523361277,0.8452605104129096,False,0.0,False
corner_recovery,planner,0,499,-0.5352076516543792,3.073954695196834,1.784798264503479,0.12491584074704873,0.14680659770965576,8.147615432739258,5.119294552574126,16.9345049201516,0.873756365244816,False,0.0,False
corner_recovery,planner,0,500,-0.5788132670510564,3.2073586428659193,1.8889566659927368,0.14034978784386884,0.14680659770965576,8.147615432739258,4.993261593189864,16.80261374154165,0.9006458062206627,False,0.0,True
