scenario_name,mode,seed,step,x,y,action_norm,speed,subgoal_x,subgoal_y,dist_to_subgoal,dist_to_goal,alignment_cos,reached_goal,reward,done
corner_recovery,planner,3,0,20.0,0.0,0.0,0.0,20.003755569458008,-0.07193956524133682,0.07203752736641145,28.284271247461902,1.0,False,0.0,False
corner_recovery,planner,3,1,19.997062306589648,0.01673733439058645,1.1675175428390503,0.016993187019377385,19.32671356201172,5.427053928375244,5.451687177975544,28.270360585892206,0.9987343574485334,False,0.0,False
corner_recovery,planner,3,2,19.995533007494323,0.03835744689541521,1.4491955041885376,0.02167413251884403,19.32671356201172,5.427053928375244,5.430043206105155,28.253999958797174,0.9986139780706981,False,0.0,False
corner_recovery,planner,3,3,20.014507505842037,0.037739650038735785,1.556207299232483,0.018984553207897735,19.32671356201172,5.427053928375244,5.433025759174295,28.267867782714756,-0.1553992442055381,False,0.0,False
corner_recovery,planner,3,4,20.014280717337385,0.022894439957889326,1.4065386056900024,0.014846942290259882,19.32671356201172,5.427053928375244,5.447723228040679,28.27819264361583,-0.9899050030694801,False,0.0,False
corner_recovery,planner,3,5,20.006974376321235,0.027763940912779277,1.4977927207946777,0.008780356404722618,19.32671356201172,5.427053928375244,5.441974562986993,28.269581477175752,0.6551793040334664,False,0.0,False
corner_recovery,planner,3,6,19.94794509892844,0.032206837325422726,2.0394961833953857,0.059196240742542865,19.32671356201172,5.427053928375244,5.430497560838107,28.22469269021749,0.19911500304377536,False,0.0,False
corner_recovery,planner,3,7,19.81591186696727,-0.015682716398722166,1.9394176006317139,0.14044993306516707,19.32671356201172,5.427053928375244,5.4646772243140544,28.165544868206556,-0.23119260797773242,False,0.0,False
corner_recovery,planner,3,8,19.67010419740476,-0.08402329677975573,0.7940742373466492,0.1610289148881842,19.32671356201172,5.427053928375244,5.521765053866179,28.111936804893972,-0.3416372828815445,False,0.0,False
corner_recovery,planner,3,9,19.589879980079434,-0.134873910615684,1.8475449085235596,0.09498268248976748,20.073532104492188,2.9242091178894043,3.097080617732905,28.092286219357604,-0.6428820588561228,False,0.0,False
corner_recovery,planner,3,10,19.588244522033694,-0.18061412675353034,2.0037992000579834,0.04576944499724981,20.073532104492188,2.9242091178894043,3.142519915316924,28.12394904681608,-0.9926805138471629,False,0.0,False
corner_recovery,planner,3,11,19.63409944650282,-0.2226664937677597,1.7670820951461792,0.062217969024781376,20.073532104492188,2.9242091178894043,3.177408877709989,28.186062179618485,-0.553967229225235,False,0.0,False
corner_recovery,planner,3,12,19.654990205071872,-0.2582765897024448,1.6069022417068481,0.04128562372143504,20.073532104492188,2.9242091178894043,3.209889811285857,28.226165349660185,-0.7842615914632961,False,0.0,False
corner_recovery,planner,3,13,19.656795455892915,-0.2338787013949967,1.5997719764709473,0.02446458428810085,20.073532104492188,2.9242091178894043,3.1854651322213927,28.209917669103156,0.998381279302673,False,0.0,False
corner_recovery,planner,3,14,19.61799920201218,-0.29523046448649687,1.8312376737594604,0.07258917377690784,20.073532104492188,2.9242091178894043,3.251507565700959,28.22697773933248,-0.90784855113495,False,0.0,False
corner_recovery,planner,3,15,19.53181424744612,-0.386376012803017,1.5975608825683594,0.12544065278637748,20.073532104492188,2.9242091178894043,3.3546135610833536,28.232890300713624,-0.8156929019515027,False,0.0,False
corner_recovery,planner,3,16,19.379949152246773,-0.4347864971397692,1.8226438760757446,0.15939442315722946,20.073532104492188,2.9242091178894043,3.429855514949672,28.16314840935502,-0.45358523935043826,False,0.0,False
corner_recovery,planner,3,17,19.244471496944094,-0.4828395907807427,1.4680441617965698,0.143747330044004,20.073532104492188,2.9242091178894043,3.5064686501149462,28.105095639373808,-0.5179680554424021,False,0.0,False
corner_recovery,planner,3,18,19.127926225299234,-0.5243572260513819,1.4764189720153809,0.12371949879158094,20.073532104492188,2.9242091178894043,3.575860778515489,28.055780174913295,-0.5487909696091318,False,0.0,False
corner_recovery,planner,3,19,19.131755212732497,-0.5303244487024514,1.9232338666915894,0.007090055777743963,20.073532104492188,2.9242091178894043,3.580606914555463,28.06275609217503,-0.6688602982971849,False,0.0,False
corner_recovery,planner,3,20,19.14680795418872,-0.5107968492203606,1.5427055358886719,0.024655874895871357,20.073532104492188,2.9242091178894043,3.5578200692046495,28.058742705698204,0.9246975694012637,False,0.0,False
corner_recovery,planner,3,21,19.093200566111477,-0.4534371364967214,1.618019461631775,0.07851043688709498,20.073532104492188,2.9242091178894043,3.5170362729025864,27.98023228199478,0.5275258661631509,False,0.0,False
corner_recovery,planner,3,22,19.001490192620626,-0.41133358972567813,2.003931760787964,0.10091333537512727,20.073532104492188,2.9242091178894043,3.5035865930690777,27.886899584774955,0.14737102867197494,False,0.0,False
corner_recovery,planner,3,23,18.84340532347346,-0.41918614782632735,1.570960521697998,0.1582797792581259,20.073532104492188,2.9242091178894043,3.5625136912284097,27.785195466728148,-0.35283966754591756,False,0.0,False
corner_recovery,planner,3,24,18.858566519801546,-0.43681881566425024,1.3115817308425903,0.02325452319832256,20.073532104492188,2.9242091178894043,3.573884461214523,27.808435671322258,-0.4864868116926934,False,0.0,False
corner_recovery,planner,3,25,18.922584531062277,-0.43841044733657397,1.0030380487442017,0.06403779397480466,20.073532104492188,2.9242091178894043,3.5541371185176223,27.853057766589902,0.3164773151373867,False,0.0,False
corner_recovery,planner,3,26,18.986204173207792,-0.4106033701040743,0.9159408807754517,0.06943120631918723,20.073532104492188,2.9242091178894043,3.507599800465905,27.875951622113938,0.6756446382074327,False,0.0,False
corner_recovery,planner,3,27,18.994016874411837,-0.33600259439652147,2.1091365814208984,0.07500875973026279,20.073532104492188,2.9242091178894043,3.4342879234132013,27.826708007681106,0.9778558409557452,False,0.0,False
corner_recovery,planner,3,28,18.998554488617685,-0.22178312901458633,1.8032687902450562,0.11430956309432817,20.073532104492188,2.9242091178894043,3.3245817920772005,27.746451765475783,0.9610418178569324,False,0.0,False
corner_recovery,planner,3,29,18.999850356646274,-0.09176795882482981,1.747596263885498,0.13002162802172132,20.073532104492188,2.9242091178894043,3.201391919606719,27.6527295811139,0.9494577114829758,False,0.0,False
corner_recovery,planner,3,30,18.992702253308153,0.03604873504786488,1.5837584733963013,0.12801641540786324,20.073532104492188,2.9242091178894043,3.0837742401521373,27.555073743182046,0.9218865599557069,False,0.0,False
corner_recovery,planner,3,31,19.012602325614605,0.15387687598932676,1.670029640197754,0.11949679357841796,20.073532104492188,2.9242091178894043,2.96653210436367,27.48358874392784,0.9818563028338663,False,0.0,False
corner_recovery,planner,3,32,19.055778079257287,0.27288950847369864,1.6385047435760498,0.12660233960505532,20.073532104492188,2.9242091178894043,2.8399505149129083,27.427751758953733,0.9998430939345457,False,0.0,False
corner_recovery,planner,3,33,19.141517290238188,0.3795802616706037,1.8109270334243774,0.13687267483815127,19.11412811279297,3.6756176948547363,3.2961512295391078,27.41092035814765,0.7901146922466161,False,0.0,False
corner_recovery,planner,3,34,19.312928963537033,0.4384515792401348,1.8170511722564697,0.181239603220385,19.11412811279297,3.6756176948547363,3.243264749961047,27.48896872871662,0.3169558348095136,False,0.0,False
corner_recovery,planner,3,35,19.46841259543906,0.48809417686536505,1.6187500953674316,0.1632162592648945,19.11412811279297,3.6756176948547363,3.2071519565463595,27.563264644035286,0.24518785035879456,False,0.0,False
corner_recovery,planner,3,36,19.5507944167511,0.575867173821096,1.8741352558135986,0.12037800246423641,19.11412811279297,3.6756176948547363,3.13035633014211,27.55958088170259,0.6490831626780813,False,0.0,False
corner_recovery,planner,3,37,19.575345282306643,0.6907217000368642,1.7988238334655762,0.11744916854441731,19.11412811279297,3.6756176948547363,3.0203187542598844,27.496224675161354,0.9391882625302393,False,0.0,False
corner_recovery,planner,3,38,19.579476161846856,0.815635527568804,1.3363455533981323,0.12498211261798607,19.11412811279297,3.6756176948547363,2.897593277869031,27.411598402563275,0.9826847329482773,False,0.0,False
corner_recovery,planner,3,39,19.59348441147677,0.9627514153879719,2.3744373321533203,0.14778130973338946,19.11412811279297,3.6756176948547363,2.7548912703327653,27.31888476960756,0.9673524172878858,False,0.0,False
corner_recovery,planner,3,40,19.607578211163805,1.1611692923210604,1.7038930654525757,0.19891779477023294,19.11412811279297,3.6756176948547363,2.5624097581351704,27.191150504152866,0.9699420188070629,False,0.0,False
corner_recovery,planner,3,41,19.63413141572075,1.34676711401081,2.1282851696014404,0.18748766382944498,19.11412811279297,3.6756176948547363,2.3861995857331157,27.082138275046546,0.9441181836531891,False,0.0,False
corner_recovery,planner,3,42,19.662592051228305,1.5126187148305723,1.3963963985443115,0.1682758487364476,19.11412811279297,3.6756176948547363,2.231451832182262,26.988901292128574,0.925049046033708,False,0.0,False
corner_recovery,planner,3,43,19.64293712857197,1.635451438837299,1.7524102926254272,0.12439531370409111,19.11412811279297,3.6756176948547363,2.1075856631134506,26.890548951115413,0.9959828913808948,False,0.0,False
corner_recovery,planner,3,44,19.521654376511698,1.669663371614718,1.8811668157577515,0.12601572239875378,20.02374839782715,5.514272212982178,3.877256188254983,26.778652514753265,0.1761528075859342,False,0.0,False
corner_recovery,planner,3,45,19.39006638466952,1.7629582313212355,1.6074892282485962,0.16130508499336232,20.02374839782715,5.514272212982178,3.804459157725889,26.618872381722422,0.46786505965349834,False,0.0,False
corner_recovery,planner,3,46,19.243497570839917,1.9343759022204496,1.5205832719802856,0.2255358842488887,19.32671356201172,5.427053928375244,3.4936692309907156,26.394676978534804,0.7711671913286912,False,0.0,False
corner_recovery,planner,3,47,19.118190492770108,2.1230325573522135,1.899975061416626,0.2264800153212169,19.32671356201172,5.427053928375244,3.3105949753152903,26.174246362853204,0.8195797353603715,False,0.0,False
corner_recovery,planner,3,48,19.057115019738585,2.2677695269738223,1.8002614974975586,0.15709552438332128,19.32671356201172,5.427053928375244,3.1707666743130343,26.030859194887597,0.8950136626805726,False,0.0,False
corner_recovery,planner,3,49,19.019895042856994,2.3771945720141794,1.5443600416183472,0.11558186346114323,19.32671356201172,5.427053928375244,3.0652536105972414,25.929127995247786,0.9159231826532142,False,0.0,False
corner_recovery,planner,3,50,18.975468909216758,2.4814646018454765,1.0821236371994019,0.11333984502918519,19.32671356201172,5.427053928375244,2.966457363031389,25.825713984729344,0.876121762357397,False,0.0,False
corner_recovery,planner,3,51,18.938292402423585,2.5853504292492673,1.4683246612548828,0.11033747229619263,19.32671356201172,5.427053928375244,2.8681265268744003,25.727979687331526,0.8950098554249177,False,0.0,False
corner_recovery,planner,3,52,19.03085603615234,2.6630237894613606,0.9226237535476685,0.12083533082550284,19.32671356201172,5.427053928375244,2.779819110019919,25.743819172639064,0.7406226150635752,False,0.0,False
corner_recovery,planner,3,53,19.129865763596335,2.7158569310308,1.3745545148849487,0.11222418178196122,18.175277709960938,6.504610061645508,3.907158639841255,25.781647848068424,0.26773242208147313,False,0.0,False
corner_recovery,planner,3,54,19.165606705449544,2.6934856362423685,1.429630994796753,0.042165030001950606,18.175277709960938,6.504610061645508,3.9376923324721402,25.823166339760153,-0.721580967190168,False,0.0,False
corner_recovery,planner,3,55,19.128213898981873,2.7859722473931736,1.715427041053772,0.09975968733756635,18.175277709960938,6.504610061645508,3.838795979722434,25.73346689493511,0.99156415728308,False,0.0,False
corner_recovery,planner,3,56,19.07609157467525,2.9062244423343997,1.7806494235992432,0.13106230228142426,17.627185821533203,7.313706874847412,4.639528992731798,25.61434036982491,0.9960525284871513,False,0.0,False
corner_recovery,planner,3,57,19.04921878880957,2.991049114435529,1.694589614868164,0.08897961349234347,18.175277709960938,6.504610061645508,3.620619220390097,25.53775923395551,0.9981092276918374,False,0.0,False
corner_recovery,planner,3,58,19.067990579991456,2.9843325743784046,1.7412405014038086,0.01993720277559853,18.175277709960938,6.504610061645508,3.631706190715008,25.55623608237337,-0.5541927192196475,False,0.0,False
corner_recovery,planner,3,59,19.045591145802668,2.916464592529107,1.1353093385696411,0.07146885763935527,18.175277709960938,6.504610061645508,3.6921854482334977,25.584794783452704,-0.8434389603029181,False,0.0,False
corner_recovery,planner,3,60,18.924530989366758,2.7933575536318345,2.12333607673645,0.1726583461705268,18.175277709960938,6.504610061645508,3.7861293764130877,25.577459167099875,-0.5276435074898995,False,0.0,False
corner_recovery,planner,3,61,18.786955455215345,2.682768346987928,1.56479012966156,0.17651345620993097,18.175277709960938,6.504610061645508,3.8704810755171386,25.55065962749942,-0.45988967683020515,False,0.0,False
corner_recovery,planner,3,62,18.74871186094998,2.660213458423553,2.1407575607299805,0.04439927364817046,18.175277709960938,6.504610061645508,3.8869283461861026,25.537861965175594,-0.365491533294576,False,0.0,False
corner_recovery,planner,3,63,18.712250425690257,2.655142696187976,2.1199636459350586,0.03681234698913974,18.175277709960938,6.504610061645508,3.8867388251798283,25.514552531513196,0.009883577841080597,False,0.0,False
corner_recovery,planner,3,64,18.73659350284734,2.6803205965871615,1.719923496246338,0.03502159439527378,18.175277709960938,6.504610061645508,3.8652639407807516,25.515313651373056,0.6160010771628229,False,0.0,False
corner_recovery,planner,3,65,18.838882285571138,2.6641848860669737,2.2248640060424805,0.10355363936196241,18.175277709960938,6.504610061645508,3.8973371116684543,25.60144471380619,-0.29761479440030253,False,0.0,False
corner_recovery,planner,3,66,18.904309280469448,2.608466131398606,1.3344202041625977,0.08593760110229516,18.175277709960938,6.504610061645508,3.9637639379758576,25.687319044118883,-0.7685279029605441,False,0.0,False
corner_recovery,planner,3,67,19.0142940664212,2.555688132075379,1.3947967290878296,0.1219925012179657,18.175277709960938,6.504610061645508,4.037069834948081,25.80401897747241,-0.5910730473807231,False,0.0,False
corner_recovery,planner,3,68,19.05333876226047,2.4891628570001947,1.3166184425354004,0.07713689452531781,18.175277709960938,6.504610061645508,4.110329362090004,25.877772999972752,-0.9487976427830086,False,0.0,False
corner_recovery,planner,3,69,19.129404480593248,2.4511401737933696,1.671941876411438,0.085039508134326,19.32671356201172,5.427053928375244,2.982447576793227,25.95951842738979,-0.36232052571130163,False,0.0,False
corner_recovery,planner,3,70,19.13559351840523,2.444725197831044,1.8890472650527954,0.008913815436464754,19.32671356201172,5.427053928375244,2.9884463401736907,25.96841567522556,-0.6721561183777198,False,0.0,False
corner_recovery,planner,3,71,19.064392880203073,2.449188724914853,2.0061137676239014,0.07134040898692943,19.32671356201172,5.427053928375244,2.989396813754365,25.912970734834584,-0.0013891566880760173,False,0.0,False
corner_recovery,planner,3,72,19.049095203982915,2.397249287329774,2.0525667667388916,0.054145397536550316,19.32671356201172,5.427053928375244,3.0424970198202788,25.93694008056496,-0.980350319424662,False,0.0,False
corner_recovery,planner,3,73,19.05224680726761,2.368125167945593,2.3771328926086426,0.029294145032209784,19.32671356201172,5.427053928375244,3.071217537206286,25.959027687844404,-0.9802316591734461,False,0.0,False
corner_recovery,planner,3,74,19.057692195471844,2.343586179390295,1.7060012817382812,0.02513591478366879,19.32671356201172,5.427053928375244,3.095181069773672,25.97969554906227,-0.9529854535553127,False,0.0,False
corner_recovery,planner,3,75,19.015652002567297,2.3031304606482235,1.7319352626800537,0.058344177073544785,19.32671356201172,5.427053928375244,3.1393720910366154,25.97641646908939,-0.7534015402463218,False,0.0,False
corner_recovery,planner,3,76,19.10236910056343,2.2674478794848025,1.8017958402633667,0.09377153983674859,19.32671356201172,5.427053928375244,3.1675607052695285,26.064226632703846,-0.28702431941078743,False,0.0,False
corner_recovery,planner,3,77,19.188387879640896,2.2730821795092466,1.3051427602767944,0.08620310719889088,19.32671356201172,5.427053928375244,3.1570036089697764,26.12351134196899,0.13587079055921036,False,0.0,False
corner_recovery,planner,3,78,19.153171757702886,2.3177851893069654,1.629129409790039,0.05690812182217697,19.32671356201172,5.427053928375244,3.1141080343478786,26.067311119322596,0.7576610428435383,False,0.0,False
corner_recovery,planner,3,79,19.151166012896475,2.346960370337397,1.899214267730713,0.02924404555438411,19.32671356201172,5.427053928375244,3.0850921004512353,26.04605474577598,0.9922726882904829,False,0.0,False
corner_recovery,planner,3,80,19.170187296355923,2.3718580774214826,1.7495899200439453,0.03133217264234339,19.32671356201172,5.427053928375244,3.0592028634147863,26.04318468659193,0.8278938821867057,False,0.0,False
corner_recovery,planner,3,81,19.206734015805445,2.396477028237879,1.9837641716003418,0.04406535421192254,19.32671356201172,5.427053928375244,3.032950945721685,26.05345759340312,0.6003955587199903,False,0.0,False
corner_recovery,planner,3,82,19.218009465714083,2.436492545707374,1.958042860031128,0.04157375865848117,19.32671356201172,5.427053928375244,2.9925363763964925,26.03475911010641,0.9724941534809636,False,0.0,False
corner_recovery,planner,3,83,19.17037831212346,2.4617197687970034,1.8785794973373413,0.05389934672319655,19.32671356201172,5.427053928375244,2.9694523717883095,25.98258413049286,0.4356336429171131,False,0.0,False
corner_recovery,planner,3,84,19.06994235153068,2.447233140201654,1.727587342262268,0.10147533980358957,19.32671356201172,5.427053928375244,2.990863317532811,25.91837814611745,-0.19467068537313037,False,0.0,False
corner_recovery,planner,3,85,19.099005174990097,2.4259118098038854,2.0423665046691895,0.036045066754883226,19.32671356201172,5.427053928375244,3.0097682843340237,25.954201478587027,-0.5201131280239769,False,0.0,False
corner_recovery,planner,3,86,19.230979593275595,2.374175164833547,1.9226492643356323,0.14175305116498377,19.32671356201172,5.427053928375244,3.054379435769867,26.086400235313285,-0.29349384976793585,False,0.0,False
corner_recovery,planner,3,87,19.374188462465014,2.3455673911563855,1.6336078643798828,0.14603829952884181,19.32671356201172,5.427053928375244,3.081852226378501,26.211412959230433,-0.1650601018294451,False,0.0,False
corner_recovery,planner,3,88,19.462063619580114,2.3649226660118257,1.321627140045166,0.08998149755773761,19.32671356201172,5.427053928375244,3.065121124201644,26.26343223777744,0.2000332438401094,False,0.0,False
corner_recovery,planner,3,89,19.579726507662585,2.4202966359232883,1.907374382019043,0.13004165400233736,19.32671356201172,5.427053928375244,3.017383795008508,26.31371620436374,0.3854471191177065,False,0.0,False
corner_recovery,planner,3,90,19.741959617883637,2.5193576180685104,1.6307657957077026,0.19008592855751358,19.32671356201172,5.427053928375244,2.937197153731526,26.36887990869403,0.4477374086798455,False,0.0,False
corner_recovery,planner,3,91,19.886870028362768,2.592508676845825,1.661934494972229,0.1623271525822849,19.32671356201172,5.427053928375244,2.889363606360901,26.429308611665974,0.3199072858730677,False,0.0,False
corner_recovery,planner,3,92,19.940240180082995,2.648255726367508,1.8229507207870483,0.07717581632229746,19.32671356201172,5.427053928375244,2.8457221154855237,26.432862269851412,0.5745660180577319,False,0.0,False
corner_recovery,planner,3,93,19.89193125333338,2.6973817271825826,2.0499680042266846,0.06889932045951162,17.627185821533203,7.313706874847412,5.141938325167122,26.364171295191063,0.9502547130126626,False,0.0,False
corner_recovery,planner,3,94,19.779250661981507,2.7571634834596646,1.858449101448059,0.12755694434635811,17.627185821533203,7.313706874847412,5.039193462757026,26.239934601397785,0.8098384292369627,False,0.0,False
corner_recovery,planner,3,95,19.683667265980677,2.853476052442776,1.7253901958465576,0.1356919177223834,17.627185821533203,7.313706874847412,4.911494163743362,26.104598072408482,0.9426366902448768,False,0.0,False
corner_recovery,planner,3,96,19.667071457537624,2.983779014897069,2.4125852584838867,0.13135555900776882,17.627185821533203,7.313706874847412,4.786377406802698,26.0066429269475,0.9537445484291079,False,0.0,False
corner_recovery,planner,3,97,19.647886700364058,3.145400929315392,1.3129342794418335,0.16275656093704005,17.627185821533203,7.313706874847412,4.632278758587978,25.88661742336888,0.9485652777752013,False,0.0,False
corner_recovery,planner,3,98,19.62290187130302,3.300376281324739,1.2823621034622192,0.15697643585465365,17.627185821533203,7.313706874847412,4.48215405850958,25.7669499591265,0.9577986676101178,False,0.0,False
corner_recovery,planner,3,99,19.586874695604177,3.458698531553103,2.2869861125946045,0.16236961632709515,17.627185821533203,7.313706874847412,4.324519604537167,25.637088653186474,0.9718781836162468,False,0.0,False
corner_recovery,planner,3,100,19.53097264114038,3.6166821364530084,2.3320603370666504,0.1675823949895774,17.627185821533203,7.313706874847412,4.158412698471643,25.49258708972065,0.9915351313409202,False,0.0,False
corner_recovery,planner,3,101,19.367231457569577,3.7693011918212016,2.2776248455047607,0.22383867239296923,17.627185821533203,7.313706874847412,3.9484896430607144,25.269056930025886,0.9410742938788809,False,0.0,False
corner_recovery,planner,3,102,19.22016348510408,3.904907292043698,1.4940153360366821,0.20004500229364816,17.627185821533203,7.313706874847412,3.762644340401908,25.069237995436485,0.9324860745142783,False,0.0,False
corner_recovery,planner,3,103,19.10221207777979,4.07369838562467,2.0905280113220215,0.2059198090569275,17.627185821533203,7.313706874847412,3.5599659361926843,24.87049636369428,0.9851135870290384,False,0.0,False
corner_recovery,planner,3,104,19.025292492027322,4.252970536187853,2.2555904388427734,0.19507723250005243,17.627185821533203,7.313706874847412,3.364938215906984,24.696774917817894,0.9997600980262624,False,0.0,False
corner_recovery,planner,3,105,19.050786268405307,4.446515410507862,2.0502681732177734,0.19521667707846826,17.627185821533203,7.313706874847412,3.20115996562434,24.593562985464906,0.8475468765052449,False,0.0,False
corner_recovery,planner,3,106,19.089168346826774,4.664333488174339,1.651077389717102,0.2211739109892283,17.627185821533203,7.313706874847412,3.025982856242797,24.48630261054993,0.8049080077511953,False,0.0,False
corner_recovery,planner,3,107,19.13039424744421,4.843777000389136,2.013625383377075,0.1841183015283944,19.178232192993164,7.855777263641357,3.0123801312028657,24.406619587246816,0.9804768030001402,False,0.0,False
corner_recovery,planner,3,108,19.143431424829213,5.0057043749842025,2.2233340740203857,0.16245135468015948,19.178232192993164,7.855777263641357,2.8502853478420964,24.316658240957093,0.9979232966161605,False,0.0,False
corner_recovery,planner,3,109,19.17289556445843,5.0805001098860885,2.1913297176361084,0.08038990909065091,14.555006980895996,8.300332069396973,5.629583716198201,24.293855216839066,0.24494560323025152,False,0.0,False
corner_recovery,planner,3,110,19.174505761561708,5.129250873365748,1.8952569961547852,0.04877734796563948,14.555006980895996,8.300332069396973,5.603170971547702,24.2652189519785,0.5445580644608666,False,0.0,False
corner_recovery,planner,3,111,19.176800363531036,5.1930211625473826,1.8943005800247192,0.06381155836137366,14.555006980895996,8.300332069396973,5.569232904412911,24.228006407368596,0.5359318232076277,False,0.0,False
corner_recovery,planner,3,112,19.152810134175866,5.285323615211035,1.61561119556427,0.09536914528420343,14.555006980895996,8.300332069396973,5.498187866481373,24.152677639236106,0.7487584365179718,False,0.0,False
corner_recovery,planner,3,113,19.227620382833507,5.451237557151626,1.5508172512054443,0.18200002591891012,14.555006980895996,8.300332069396973,5.472719209284594,24.11157137568578,0.15616445806433907,False,0.0,False
corner_recovery,planner,3,114,19.30268696910242,5.620913950660398,1.4229326248168945,0.18553994418510533,14.555006980895996,8.300332069396973,5.451582038769077,24.069728703113153,0.1306538282076178,False,0.0,False
corner_recovery,planner,3,115,19.376056667842246,5.751434363171363,2.470686912536621,0.14972872394836276,14.555006980895996,8.300332069396973,5.453384233740247,24.051053920825336,0.0016942032835427366,False,0.0,False
corner_recovery,planner,3,116,19.5081125461213,5.812231123317666,2.350757122039795,0.1453788190636431,14.555006980895996,8.300332069396973,5.5429144913255355,24.12175865915027,-0.6075671577117371,False,0.0,False
corner_recovery,planner,3,117,19.645119114475467,5.850259191685493,2.117460250854492,0.14218626430134904,14.555006980895996,8.300332069396973,5.649079450539739,24.21044960269037,-0.7409857020380919,False,0.0,False
corner_recovery,planner,3,118,19.748682518395267,5.902451724943943,1.3783096075057983,0.11597171706666301,14.555006980895996,8.300332069396973,5.720497857278903,24.264198494487857,-0.6094541998361551,False,0.0,False
corner_recovery,planner,3,119,19.80690874044664,5.970832912668516,1.8073705434799194,0.08981247000834085,17.627185821533203,7.313706874847412,2.5601762598568416,24.272024287575327,-0.1180868736070853,False,0.0,False
corner_recovery,planner,3,120,19.834798090635854,6.052462331832395,1.8612349033355713,0.08626226247327864,17.627185821533203,7.313706874847412,2.542496750829333,24.24774262279369,0.22108996251018123,False,0.0,False
corner_recovery,planner,3,121,19.843054882128015,6.159486600080695,1.7686132192611694,0.10734229641585426,17.627185821533203,7.313706874847412,2.49845955268119,24.193111379657026,0.42780695933196095,False,0.0,False
corner_recovery,planner,3,122,19.836030286734537,6.284127981362883,1.3834575414657593,0.12483917201092756,17.627185821533203,7.313706874847412,2.437011811493616,24.116244375272913,0.5111456215375472,False,0.0,False
corner_recovery,planner,3,123,19.83722334774316,6.4254562796535994,1.8768497705459595,0.14133333397440237,17.627185821533203,7.313706874847412,2.381859564944664,24.03713101357652,0.4148097732269134,False,0.0,False
corner_recovery,planner,3,124,19.874557284279835,6.581932657142519,2.1620078086853027,0.1608685162776715,17.627185821533203,7.313706874847412,2.363508408545555,23.980045005453576,0.14740557126064838,False,0.0,False
corner_recovery,planner,3,125,19.856120923303497,6.630864141023242,2.020719051361084,0.05228947810811714,17.627185821533203,7.313706874847412,2.331185511073757,23.93740444861617,0.6249879568776658,False,0.0,False
corner_recovery,planner,3,126,19.803441669314868,6.656058016629906,1.1063923835754395,0.058393793924376325,17.627185821533203,7.313706874847412,2.2734536581418765,23.87963755180349,0.9889465302933695,False,0.0,False
corner_recovery,planner,3,127,19.746941762931854,6.671105634943238,0.9459933042526245,0.058469395739934156,17.627185821533203,7.313706874847412,2.2150172921720643,23.824381082904633,0.9994496173657934,False,0.0,False
corner_recovery,planner,3,128,19.710738675322272,6.689261076789219,2.1376492977142334,0.04050041507305651,17.627185821533203,7.313706874847412,2.17511495081182,23.784217241875414,0.9855009141511802,False,0.0,False
corner_recovery,planner,3,129,19.73164930228592,6.767301078227728,1.7519700527191162,0.08079292137641385,17.627185821533203,7.313706874847412,2.174241439307381,23.757994547997384,0.029381665987606723,False,0.0,False
corner_recovery,planner,3,130,19.71979958182795,6.900101935366075,2.132131576538086,0.1333284798218729,14.555006980895996,8.300332069396973,5.3512360290768,23.67441287236626,0.3680481029607866,False,0.0,False
corner_recovery,planner,3,131,19.71108294527396,7.061014874535964,2.0212576389312744,0.16114885586037142,14.555006980895996,8.300332069396973,5.302926216714157,23.578467442826934,0.3134877452784872,False,0.0,False
corner_recovery,planner,3,132,19.649700105394317,7.179839581433223,1.8156991004943848,0.13374290261882926,14.555006980895996,8.300332069396973,5.2164548736084795,23.462038005887717,0.6538878906049049,False,0.0,False
corner_recovery,planner,3,133,19.56580991317575,7.279663152876692,2.277860164642334,0.13039290535223594,14.555006980895996,8.300332069396973,5.113698374297616,23.337263915523806,0.7927893277168899,False,0.0,False
corner_recovery,planner,3,134,19.397503391012858,7.344929524441716,2.1303024291992188,0.18051810064321094,14.555006980895996,8.300332069396973,4.9358449636208865,23.160611963972418,0.9857558976004692,False,0.0,False
corner_recovery,planner,3,135,19.156242746455185,7.390444245038625,1.7375682592391968,0.24551637094784284,14.555006980895996,8.300332069396973,4.690337559619416,22.933873037465702,0.9999652938618689,False,0.0,False
corner_recovery,planner,3,136,18.94871522180315,7.445000418663375,1.59909188747406,0.2145787724095172,14.555006980895996,8.300332069396973,4.4761885951065645,22.730636221724133,0.9980885142732098,False,0.0,False
corner_recovery,planner,3,137,18.764121252363015,7.498574974434479,1.8124361038208008,0.19221125508079884,16.130706787109375,8.917095184326172,2.9911655473541225,22.54723650568329,0.9802788613170093,False,0.0,False
corner_recovery,planner,3,138,18.72433595103071,7.4813520360867605,1.4821569919586182,0.04335319835296633,16.130706787109375,8.917095184326172,2.964501750321578,22.523705371262746,0.6195420459490045,False,0.0,False
corner_recovery,planner,3,139,18.694835128471524,7.455030557815214,1.2991411685943604,0.03953629661549043,15.475152969360352,7.2040581703186035,3.2294489228016183,22.51384282582791,0.8000795322139975,False,0.0,False
corner_recovery,planner,3,140,18.641552425152558,7.425700621366034,1.135069489479065,0.0608218023827804,15.475152969360352,7.2040581703186035,3.1741472697005553,22.48600635246788,0.9108723645314861,False,0.0,False
corner_recovery,planner,3,141,18.585192925466103,7.375881071937738,1.6209588050842285,0.07522220888903684,15.475152969360352,7.2040581703186035,3.1147827593742528,22.467260064072235,0.7936579050137331,False,0.0,False
corner_recovery,planner,3,142,18.456819210768877,7.260996098015207,1.9932315349578857,0.17227410675532565,15.475152969360352,7.2040581703186035,2.9822098354685957,22.426243461484827,0.7808237957710599,False,0.0,False
corner_recovery,planner,3,143,18.246456374329945,7.20478293011006,2.0517337322235107,0.21774398545210208,12.588776588439941,8.06056022644043,5.72203594366401,22.285662433186246,0.922401952381201,False,0.0,False
corner_recovery,planner,3,144,18.03518469776947,7.138136583711032,1.721358060836792,0.22153432421413455,12.588776588439941,8.06056022644043,5.52396838061521,22.151645934826842,0.8979555777101392,False,0.0,False
corner_recovery,planner,3,145,17.845774737650625,7.072962444547142,1.8903404474258423,0.2003092644087545,12.588776588439941,8.06056022644043,5.348960545714008,22.035879286905207,0.8779791977066981,False,0.0,False
corner_recovery,planner,3,146,17.702360033358975,7.107640406817129,2.132188081741333,0.14754774981090119,12.588776588439941,8.06056022644043,5.201614348524976,21.8994631585023,0.9986716387357539,False,0.0,False
corner_recovery,planner,3,147,17.56250218767197,7.2128416603228604,1.7018184661865234,0.17500720196433908,12.588776588439941,8.06056022644043,5.045450733462417,21.724477013174734,0.8957544030637226,False,0.0,False
corner_recovery,planner,3,148,17.404483374875902,7.290208006116828,1.8981549739837646,0.17594174223017908,14.555006980895996,8.300332069396973,3.023221186593253,21.551214677463275,0.9941381163396404,False,0.0,False
corner_recovery,planner,3,149,17.30568423495072,7.2645171942130835,2.162128448486328,0.10208470926749483,14.555006980895996,8.300332069396973,2.939241026460106,21.48672215895938,0.8281091765676094,False,0.0,False
corner_recovery,planner,3,150,17.197421936364517,7.190372034619955,1.9448046684265137,0.13121825325105882,14.555006980895996,8.300332069396973,2.866071889483218,21.443831044587114,0.5729952160568621,False,0.0,False
corner_recovery,planner,3,151,17.055974015279123,7.116246763047307,1.8004755973815918,0.1596936763466187,14.555006980895996,8.300332069396973,2.7671093436625003,21.3751572410723,0.6368628284427524,False,0.0,False
corner_recovery,planner,3,152,16.840791354117524,7.104301078719774,2.4088125228881836,0.2155139833946756,14.555006980895996,8.300332069396973,2.579786877151679,21.21111275018893,0.8787111047890891,False,0.0,False
corner_recovery,planner,3,153,16.59631606353506,7.127678136751537,1.6064797639846802,0.24559042030910072,12.588776588439941,8.06056022644043,4.114686092244216,21.00319920944941,0.9920871290799651,False,0.0,False
corner_recovery,planner,3,154,16.373106153541904,7.1637173572965835,1.883610486984253,0.22610061772725656,12.588776588439941,8.06056022644043,3.889148671526839,20.805017596688565,0.9976457911853911,False,0.0,False
corner_recovery,planner,3,155,16.253360027725186,7.291864783773477,2.20377779006958,0.17538784895415077,12.588776588439941,8.06056022644043,3.744337653986432,20.631733152228186,0.8328383884037114,False,0.0,False
corner_recovery,planner,3,156,16.174946853762226,7.441797329908807,1.4749821424484253,0.16919927376194185,12.588776588439941,8.06056022644043,3.63915988849156,20.477728390256523,0.6354840808050272,False,0.0,False
corner_recovery,planner,3,157,16.069380477187597,7.5738556078901444,2.088822841644287,0.16906699455095456,12.588776588439941,8.06056022644043,3.5144679278780564,20.31339590945298,0.7481233916248401,False,0.0,False
corner_recovery,planner,3,158,15.905230406245142,7.628260396632741,1.8185460567474365,0.172930988629972,12.588776588439941,8.06056022644043,3.344510288291314,20.15034230699992,0.9836449103193288,False,0.0,False
corner_recovery,planner,3,159,15.697611054696146,7.639248585800605,1.7828460931777954,0.20790992145353268,12.588776588439941,8.06056022644043,3.1372528168958786,19.980069277861652,0.9970566366401629,False,0.0,False
corner_recovery,planner,3,160,15.470826991907224,7.665353523517594,2.1441595554351807,0.22828157811846753,12.588776588439941,8.06056022644043,2.909020946325595,19.786106021987372,0.9997980959195928,False,0.0,False
corner_recovery,planner,3,161,15.250949341283963,7.70868166676956,1.8257068395614624,0.22410602232262178,12.588776588439941,8.06056022644043,2.685327221539521,19.587443993007778,0.9983018570864057,False,0.0,False
corner_recovery,planner,3,162,15.10626875836692,7.762007524670588,2.121922254562378,0.15419506540125152,12.443892478942871,7.433599472045898,2.6825546224203114,19.441394384823113,0.9000936239573653,False,0.0,False
corner_recovery,planner,3,163,15.07387828757592,7.849305321523649,1.6957522630691528,0.09311309217001036,12.443892478942871,7.433599472045898,2.662637171471405,19.36133228365771,0.2304672166221096,False,0.0,False
corner_recovery,planner,3,164,15.046906718561104,7.900553822099912,1.4322500228881836,0.05791264409812598,12.443892478942871,7.433599472045898,2.6445660318263284,19.30818478285777,0.32185750176893174,False,0.0,False
corner_recovery,planner,3,165,14.984582253230867,7.933669147291967,2.156003475189209,0.07057594307747825,12.443892478942871,7.433599472045898,2.5894351139335963,19.238868094325486,0.7863586026513865,False,0.0,False
corner_recovery,planner,3,166,14.863303995758983,7.952258534393331,2.054039478302002,0.12269466593222765,11.438925743103027,7.832202434539795,3.4264821441786473,19.132848196033002,0.9837173341376519,False,0.0,False
corner_recovery,planner,3,167,14.71571986275868,7.976598669166617,2.0046677589416504,0.14957780074005875,11.438925743103027,7.832202434539795,3.2799740814805642,19.003015303932067,0.9803640085025112,False,0.0,False
corner_recovery,planner,3,168,14.52006593914655,8.019282601240196,1.970650315284729,0.20025577615160917,11.438925743103027,7.832202434539795,3.086814522521197,18.824715250598338,0.9666893975021653,False,0.0,False
corner_recovery,planner,3,169,14.336884624774358,8.059199854115137,1.8304014205932617,0.18748008164123922,11.438925743103027,7.832202434539795,2.9068356521055008,18.658214514472046,0.9623707567138331,False,0.0,False
corner_recovery,planner,3,170,14.208641089913204,8.062127929423966,2.239223003387451,0.12827695762956873,9.552191734313965,7.666614055633545,4.673216432567753,18.557970557025065,0.9945244661299207,False,0.0,False
corner_recovery,planner,3,171,14.142625923518418,7.970382890436966,2.141451835632324,0.11302722845782522,9.552191734313965,7.666614055633545,4.600474057139652,18.56678636208396,0.6506669035213718,False,0.0,False
corner_recovery,planner,3,172,14.049102968196777,7.875512696431142,2.0763559341430664,0.13321747964436303,9.552191734313965,7.666614055633545,4.501760687503116,18.55749138718372,0.7475229569469456,False,0.0,False
corner_recovery,planner,3,173,13.936031277469299,7.788146136147651,1.586133599281311,0.14289199802556965,9.552191734313965,7.666614055633545,4.385523821247179,18.52949925277767,0.8188283796537306,False,0.0,False
corner_recovery,planner,3,174,13.79134413056928,7.74091971084419,1.3828682899475098,0.15219955888573053,9.552191734313965,7.666614055633545,4.239803576708886,18.452268761964103,0.958874807326573,False,0.0,False
corner_recovery,planner,3,175,13.617612567625649,7.754316228010446,2.1055822372436523,0.17424730309253786,9.552191734313965,7.666614055633545,4.066366710340362,18.313823824792145,0.9955396332302199,False,0.0,False
corner_recovery,planner,3,176,13.417487182546099,7.747529175160308,2.168429374694824,0.20024044007050346,9.552191734313965,7.666614055633545,3.866142283813683,18.17008540451411,0.9999239663124155,False,0.0,False
corner_recovery,planner,3,177,13.22756570080734,7.666494933952423,1.5993750095367432,0.20648660361869348,15.842519760131836,9.316243171691895,3.091869010857697,18.08545939652615,-0.9854329383602186,False,0.0,False
corner_recovery,planner,3,178,13.06650827460195,7.596419083830882,1.821036696434021,0.17564202033158513,15.842519760131836,9.316243171691895,3.2655833569181487,18.01617212490478,-0.9884049379373502,False,0.0,False
corner_recovery,planner,3,179,12.924516765097826,7.560826367061742,1.7587684392929077,0.14638452875310365,15.842519760131836,9.316243171691895,3.4053237198547492,17.938120700945266,-0.9526231278509099,False,0.0,False
corner_recovery,planner,3,180,12.800296423458471,7.5526036085050015,2.107835054397583,0.1244921966842917,15.842519760131836,9.316243171691895,3.5164680204770917,17.854558674338787,-0.8890716823772966,False,0.0,False
corner_recovery,planner,3,181,12.693585961353442,7.614551790563077,2.0216615200042725,0.12338841105618216,9.552191734313965,7.666614055633545,3.1418256108704092,17.73489362547499,0.8819131873850876,False,0.0,False
corner_recovery,planner,3,182,12.537336440763408,7.712720162302546,1.4858181476593018,0.18452897304920443,9.552191734313965,7.666614055633545,2.9855007438477226,17.554545019418203,0.855447160877199,False,0.0,False
corner_recovery,planner,3,183,12.396882918439076,7.792513026604785,1.5405404567718506,0.16153666186617574,9.552191734313965,7.666614055633545,2.847475809191492,17.39843223681664,0.8617517684897612,False,0.0,False
corner_recovery,planner,3,184,12.262154069393896,7.852658174842729,1.6502469778060913,0.1475442361517492,9.552191734313965,7.666614055633545,2.7163409712044975,17.260311000638673,0.8942255257050471,False,0.0,False
corner_recovery,planner,3,185,12.137005511119979,7.898156875704907,1.6532073020935059,0.13316265774677982,9.552191734313965,7.666614055633545,2.595163643836891,17.13947227256444,0.914208551259313,False,0.0,False
corner_recovery,planner,3,186,12.023022302972436,7.933425484727454,1.7212985754013062,0.11931490486100806,9.552191734313965,7.666614055633545,2.485194567375415,17.03394510471363,0.9251311129360291,False,0.0,False
corner_recovery,planner,3,187,11.908097898611569,7.951138190603022,1.6807843446731567,0.11628137712950591,6.294539928436279,8.001818656921387,5.613786742848784,16.94042108286752,0.9900783487380587,False,0.0,False
corner_recovery,planner,3,188,11.806572532689223,7.971300953814581,2.1984140872955322,0.10350814917672695,6.294539928436279,8.001818656921387,5.512117085163414,16.85481402191533,0.9825627830046384,False,0.0,False
corner_recovery,planner,3,189,11.702019465950482,8.018034783244898,2.176647901535034,0.11452246320132026,6.294539928436279,8.001818656921387,5.4075038521842735,16.748276031789455,0.9151934223616752,False,0.0,False
corner_recovery,planner,3,190,11.56831088335253,8.117364025319539,1.972059965133667,0.16656615319888968,6.294539928436279,8.001818656921387,5.27503657021224,16.583813023567977,0.8009436994378383,False,0.0,False
corner_recovery,planner,3,191,11.386429475364436,8.211245871215635,1.4283723831176758,0.20468182029821239,6.294539928436279,8.001818656921387,5.096194552428632,16.38979865972668,0.8783455442513913,False,0.0,False
corner_recovery,planner,3,192,11.233607214975933,8.29230041016668,1.9516595602035522,0.17298694041695103,6.294539928436279,8.001818656921387,4.947601975698393,16.225417120867576,0.863430740025554,False,0.0,False
corner_recovery,planner,3,193,11.09789478698532,8.362880927848215,1.8688788414001465,0.15296886149573338,6.294539928436279,8.001818656921387,4.8169060464818605,16.0806035024322,0.8585696708723787,False,0.0,False
corner_recovery,planner,3,194,10.995651809056113,8.438648526911528,2.1233584880828857,0.12725704539887459,6.294539928436279,8.001818656921387,4.721363494735452,15.955225056083789,0.7565475636655019,False,0.0,False
corner_recovery,planner,3,195,10.920488506265901,8.502620106363437,1.869957447052002,0.09870098816073251,6.294539928436279,8.001818656921387,4.652977792391359,15.857074561030604,0.698292134890018,False,0.0,False
corner_recovery,planner,3,196,10.83821046043188,8.55198822593299,1.7417699098587036,0.09595253022249556,6.294539928436279,8.001818656921387,4.57685792416496,15.76463699435518,0.7971294266165468,False,0.0,False
corner_recovery,planner,3,197,10.693764766811537,8.543829217025309,1.947075605392456,0.14467594074972354,6.294539928436279,8.001818656921387,4.432488536459172,15.671644900794005,0.9979480135462195,False,0.0,False
corner_recovery,planner,3,198,10.51046750939951,8.536802240211827,2.4083378314971924,0.18343190283565233,6.294539928436279,8.001818656921387,4.249735615578545,15.552325554275004,0.9964513517146615,False,0.0,False
corner_recovery,planner,3,199,10.282962217756278,8.547482944875012,1.9418537616729736,0.22775586749362545,6.294539928436279,8.001818656921387,4.025575967870004,15.391538547842831,0.9850497403368278,False,0.0,False
corner_recovery,planner,3,200,10.130700968244232,8.554968770637505,2.246206521987915,0.15244515633602757,6.294539928436279,8.001818656921387,3.8758362415928502,15.284627635276806,0.9829191895627746,False,0.0,False
corner_recovery,planner,3,201,10.04171181361667,8.520360563112806,2.15604305267334,0.09548192325985445,6.294539928436279,8.001818656921387,3.7828802314589605,15.251822768071504,0.9741887281255805,False,0.0,False
corner_recovery,planner,3,202,9.97404700980018,8.462755386420843,1.9495494365692139,0.08886440264378245,6.593494415283203,8.797990798950195,3.3971338840424283,15.250889384795405,0.7069588340085635,False,0.0,False
corner_recovery,planner,3,203,9.916196625784817,8.395571211330717,2.2716002464294434,0.08865878587746295,6.593494415283203,8.797990798950195,3.3469824475446748,15.264131912182973,0.5745415981647356,False,0.0,False
corner_recovery,planner,3,204,9.838287960227127,8.34698300260079,2.2458672523498535,0.09181815831611324,6.676222801208496,9.014836311340332,3.231823651109985,15.250728347525731,0.7340787575030603,False,0.0,False
corner_recovery,planner,3,205,9.728723638844766,8.33149144357741,2.356154203414917,0.11065409581643275,6.676222801208496,9.014836311340332,3.128053959264139,15.192174155542194,0.9398483894036279,False,0.0,False
corner_recovery,planner,3,206,9.52781266352698,8.487171388824118,1.8165055513381958,0.25416818320781653,6.676222801208496,9.014836311340332,2.8999991402294576,14.9440435218041,0.9051787813904733,False,0.0,False
corner_recovery,planner,3,207,9.333722666694507,8.630988237837123,1.6049269437789917,0.24156616677518947,6.676222801208496,9.014836311340332,2.6850781885431743,14.709616149545326,0.8983793476334027,False,0.0,False
corner_recovery,planner,3,208,9.151031198975636,8.756118735635487,2.1131021976470947,0.22143580075620592,4.883642196655273,8.273859977722168,4.294552643373797,14.497111363708038,0.7771832222425653,False,0.0,False
corner_recovery,planner,3,209,9.01992962508194,8.803759599109137,2.256331443786621,0.13948933489668375,4.883642196655273,8.273859977722168,4.170092001300035,14.377584273999982,0.8955701577121354,False,0.0,False
corner_recovery,planner,3,210,8.910847636916095,8.832797683893807,1.9927021265029907,0.11288086866327265,5.006420135498047,7.069530963897705,4.28411760338992,14.286693570493513,0.7850386870972857,False,0.0,False
corner_recovery,planner,3,211,8.777166781396787,8.886515630104476,1.7309519052505493,0.1440700832146171,5.006420135498047,7.069530963897705,4.18568555254538,14.161503858996308,0.69218894863003,False,0.0,False
corner_recovery,planner,3,212,8.61703044172486,8.912239803176039,1.5031722784042358,0.16218933492599966,5.006420135498047,7.069530963897705,4.053650533751743,14.042494073913176,0.8206139903049289,False,0.0,False
corner_recovery,planner,3,213,8.38849317401631,8.894108632183324,2.4163570404052734,0.2292553643718228,5.006420135498047,7.069530963897705,3.842850726411154,13.917889236671744,0.9238673859276013,False,0.0,False
corner_recovery,planner,3,214,8.1010621832404,8.892850669288691,2.1225452423095703,0.287433743546344,5.006420135498047,7.069530963897705,3.59183854755779,13.7475806872136,0.8821643648378528,False,0.0,False
corner_recovery,planner,3,215,7.930472762949507,8.883323207925345,2.224881649017334,0.17085526867853035,5.006420135498047,7.069530963897705,3.44091936444326,13.655508088069636,0.8885425089831871,False,0.0,False
corner_recovery,planner,3,216,7.812344087718169,8.846153525453897,2.248792886734009,0.12383848031585029,5.006420135498047,7.069530963897705,3.3210837014253456,13.617672757216983,0.9688216104454178,False,0.0,False
corner_recovery,planner,3,217,7.722543886254104,8.769952735125788,2.1531949043273926,0.11777366696174113,5.006420135498047,7.069530963897705,3.2044909782191,13.629073543217434,0.9903265761643925,False,0.0,False
corner_recovery,planner,3,218,7.593896813970132,8.701042911052419,1.9775869846343994,0.1459405120624843,5.006420135498047,7.069530963897705,3.0588996053067024,13.613732042283795,0.9977164839459436,False,0.0,False
corner_recovery,planner,3,219,7.42158836904669,8.63326201092369,2.2169792652130127,0.18516060761996736,5.006420135498047,7.069530963897705,2.8772021798572753,13.575076663941152,0.9824179121355572,False,0.0,False
corner_recovery,planner,3,220,7.181705626271889,8.624863416738435,2.3015007972717285,0.24002972037947742,5.006420135498047,7.069530963897705,2.6741215389788766,13.452532400640441,0.8579181609840744,False,0.0,False
corner_recovery,planner,3,221,6.885421339012232,8.7045988132292,2.144134998321533,0.30682586646256277,4.186641216278076,8.661983489990234,2.699116562255092,13.228571917853726,0.9687895041243756,False,0.0,False
corner_recovery,planner,3,222,6.619635357538988,8.767879111793123,2.1061623096466064,0.2732152706823585,4.186641216278076,8.661983489990234,2.435297594571748,13.037642114817908,0.9690298151642414,False,0.0,False
corner_recovery,planner,3,223,6.377118540107423,8.811092757626215,2.1565325260162354,0.24633681398305662,4.186641216278076,8.661983489990234,2.195546510531152,12.878636812684267,0.9759334765255038,False,0.0,False
corner_recovery,planner,3,224,6.232790520832544,8.782589765933922,1.7630928754806519,0.14711559293025606,3.601452589035034,8.656187057495117,2.634372212884326,12.832691457208437,0.9903234336192273,False,0.0,False
corner_recovery,planner,3,225,6.092233472877538,8.76541915289661,1.7695928812026978,0.14160195507796788,3.601452589035034,8.656187057495117,2.493174895987252,12.780106239705201,0.9972958051938074,False,0.0,False
corner_recovery,planner,3,226,5.940440068645658,8.792117143751,2.0727643966674805,0.1541233930458453,3.601452589035034,8.656187057495117,2.3429339337942907,12.684851844959447,0.9763472040270569,False,0.0,False
corner_recovery,planner,3,227,5.799879599596056,8.891306630567648,1.8933446407318115,0.17203429819194213,3.601452589035034,8.656187057495117,2.2109641639805204,12.531626859505545,0.7822220873544875,False,0.0,False
corner_recovery,planner,3,228,5.582813551353781,9.009113160450202,1.8742893934249878,0.2469737795444826,3.601452589035034,8.656187057495117,2.012547663323215,12.327505857592133,0.823194025501994,False,0.0,False
corner_recovery,planner,3,229,5.3831856850438164,9.105789541786008,1.901338815689087,0.2218053374372567,5.463626861572266,7.866170406341553,1.2422263818810722,12.15164637518389,-0.34016291817205263,False,0.0,False
corner_recovery,planner,3,230,5.220846091680823,9.142641343663671,2.1592633724212646,0.16646981370474553,5.463626861572266,7.866170406341553,1.2993538994658418,12.047384400995112,-0.2840566724119689,False,0.0,False
corner_recovery,planner,3,231,5.097349071463237,9.015797842207286,1.637887716293335,0.1770332959201145,5.463626861572266,7.866170406341553,1.2065664759234673,12.109321393026335,0.573533758609324,False,0.0,False
corner_recovery,planner,3,232,5.004402362432746,8.873744569133414,1.9352619647979736,0.16975930934885036,5.463626861572266,7.866170406341553,1.1072907631402258,12.199901758539314,0.6310922113705157,False,0.0,False
corner_recovery,planner,3,233,4.897412305562842,8.755131493767642,1.7999045848846436,0.15973707746403665,5.463626861572266,7.866170406341553,1.0539690405295237,12.265060742333675,0.39790167906865026,False,0.0,False
corner_recovery,planner,3,234,4.781615559621147,8.649662339301784,2.0087249279022217,0.15662895298899376,0.07672680914402008,10.944151878356934,5.234564012331852,12.31641231738672,0.39474489588142403,False,0.0,False
corner_recovery,planner,3,235,4.669308249542807,8.608284504235115,2.2408642768859863,0.11968733070729301,0.07672680914402008,10.944151878356934,5.152482962240842,12.311523929461304,0.691851211215004,False,0.0,False
corner_recovery,planner,3,236,4.513132222283165,8.69367696173489,1.8214551210403442,0.17799669459980264,0.07672680914402008,10.944151878356934,4.974568357161784,12.173795755696533,0.9995547427107608,False,0.0,False
corner_recovery,planner,3,237,4.343752721509643,8.752903621991443,1.5174988508224487,0.1794358174039744,0.07672680914402008,10.944151878356934,4.796777987130995,12.056755975047171,0.9911591386507945,False,0.0,False
corner_recovery,planner,3,238,4.180655860484246,8.795426529302324,1.900369644165039,0.1685490543506769,0.07672680914402008,10.944151878356934,4.632413440540918,11.959111592591794,0.9760348828367923,False,0.0,False
corner_recovery,planner,3,239,4.025700748063415,8.815527703351815,1.8493925333023071,0.15625346096493462,0.07672680914402008,10.944151878356934,4.4861382110542225,11.886912427853124,0.9382259593042375,False,0.0,False
corner_recovery,planner,3,240,3.8764277626653123,8.836969072382255,1.933057188987732,0.15080502801817233,0.07672680914402008,10.944151878356934,4.344875914682253,11.816934953282628,0.9387812537064324,False,0.0,False
corner_recovery,planner,3,241,3.71032735937,8.830814309735256,1.5438926219940186,0.16621439491844955,1.0215481519699097,9.362276077270508,2.7408001088183633,11.769334649728687,0.9761140363358686,False,0.0,False
corner_recovery,planner,3,242,3.55130182574161,8.845048068694028,2.220423460006714,0.15966126718741355,1.0215481519699097,9.362276077270508,2.582088004467974,11.706609126782295,0.9944004258293787,False,0.0,False
corner_recovery,planner,3,243,3.430753914214003,8.946303114177871,2.388202428817749,0.1574305663129075,0.07672680914402008,10.944151878356934,3.9039592090691646,11.573862244883015,0.9879834260296686,False,0.0,False
corner_recovery,planner,3,244,3.2574470558512716,9.069313678864722,1.896445393562317,0.2125249777794077,0.07672680914402008,10.944151878356934,3.6921537836456157,11.405738238830839,0.9967982707082055,False,0.0,False
corner_recovery,planner,3,245,3.079159144387467,9.166798127614117,1.5737907886505127,0.20319891023846254,0.07672680914402008,10.944151878356934,3.489066677923335,11.262303665073588,0.9994800512946926,False,0.0,False
corner_recovery,planner,3,246,2.937619172198473,9.206924597219478,2.0975427627563477,0.1471179706570588,0.14680659770965576,8.147615432739258,2.9850914109749946,11.18570887565799,0.8192156475482361,False,0.0,False
corner_recovery,planner,3,247,2.820520507325106,9.158535479029604,1.881843090057373,0.12670281794150717,0.14680659770965576,8.147615432739258,2.8584445788685167,11.202351935718736,0.9995768836822485,False,0.0,False
corner_recovery,planner,3,248,2.7597525376979632,9.017257193685145,1.9263836145401,0.15379304289360987,0.14680659770965576,8.147615432739258,2.7538633367838794,11.324172094197042,0.6944746194760999,False,0.0,False
corner_recovery,planner,3,249,2.695184940576388,8.957177857091677,1.435896873474121,0.08819581216568749,0.14680659770965576,8.147615432739258,2.6738779884870514,11.366967174396876,0.9097490788422992,False,0.0,False
corner_recovery,planner,3,250,2.6332430570020544,8.903622090903589,1.7018764019012451,0.08188416838882531,0.14680659770965576,8.147615432739258,2.598829031176795,11.404541713665322,0.9189754525690831,False,0.0,False
corner_recovery,planner,3,251,2.540658272042785,8.924316055609538,2.0427441596984863,0.09486929208761513,0.14680659770965576,8.147615432739258,2.516702146912623,11.363349827024075,0.8702584414945982,False,0.0,False
corner_recovery,planner,3,252,2.387376508644251,9.067126292159777,1.4091706275939941,0.20949955287326885,0.14680659770965576,8.147615432739258,2.42191117640134,11.190500172271587,0.485564703252741,False,0.0,False
corner_recovery,planner,3,253,2.2274950935273194,9.218852516393014,2.1856207847595215,0.22041532165406946,0.07672680914402008,10.944151878356934,2.7572562632991136,11.008854411562247,0.9970358412305501,False,0.0,False
corner_recovery,planner,3,254,2.063767892917855,9.270490492496755,1.8156684637069702,0.17167724600395456,-0.33303871750831604,6.804147720336914,3.43911741549597,10.926184704069446,0.48746566770990035,False,0.0,False
corner_recovery,planner,3,255,1.9024339210556171,9.273112339468751,2.193228006362915,0.1613552743432639,1.9905846118927002,6.576737880706787,2.6978149985050734,10.894281697553108,0.010911260478909087,False,0.0,False
corner_recovery,planner,3,256,1.8217722556422637,9.258536898160143,1.6461492776870728,0.08196796786914051,1.9905846118927002,6.576737880706787,2.6871069166738804,10.894855837486562,0.14556968174289736,False,0.0,False
corner_recovery,planner,3,257,1.7496099218744112,9.265215957152456,1.2930305004119873,0.07247076820239835,1.9905846118927002,6.576737880706787,2.699256039866988,10.876429714078771,-0.1545357760179322,False,0.0,False
corner_recovery,planner,3,258,1.6290040403767427,9.231156619647688,1.482948899269104,0.12532285155985465,1.9905846118927002,6.576737880706787,2.67893250219904,10.891356293599138,0.18477326795000273,False,0.0,False
corner_recovery,planner,3,259,1.5154582467895277,9.220806165027604,1.6356487274169922,0.11401657402409913,1.9905846118927002,6.576737880706787,2.686418090128076,10.885202498330901,-0.0444650075911231,False,0.0,False
corner_recovery,planner,3,260,1.4420836643189925,9.275281935194196,1.8721933364868164,0.09138620731800129,1.9905846118927002,6.576737880706787,2.753723534325586,10.821237584697402,-0.7287116808438765,False,0.0,False
corner_recovery,planner,3,261,1.3537570299571215,9.466835163176174,1.7864325046539307,0.2109365627102415,4.0127997398376465,8.758634567260742,2.7517369454625817,10.619803179713841,-0.5894553855413961,False,0.0,False
corner_recovery,planner,3,262,1.2472216973719645,9.634916981590235,1.5031754970550537,0.1990006903767104,4.0127997398376465,8.758634567260742,2.901084758953354,10.439851911829109,-0.73469584010344,False,0.0,False
corner_recovery,planner,3,263,1.1328519126961947,9.789126122362573,1.7048863172531128,0.19199194447821138,4.0127997398376465,8.758634567260742,3.0587599337301645,10.273524166570974,-0.8104875378001124,False,0.0,False
corner_recovery,planner,3,264,1.0056113923645609,9.876755615451797,1.703259825706482,0.15449620731053343,0.07672680914402008,10.944151878356934,1.4149775090115917,10.173068914626505,0.9743458603355535,False,0.0,False
corner_recovery,planner,3,265,0.9141926934657816,9.865294747284574,1.271652102470398,0.092134304184121,0.07672680914402008,10.944151878356934,1.3657532048904413,10.175853715546616,0.5575306048043956,False,0.0,False
corner_recovery,planner,3,266,0.8292318068218882,9.831076810161138,1.7257574796676636,0.09159268246044523,0.07672680914402008,10.944151878356934,1.343577269444986,10.202677306976227,0.27368101088940133,False,0.0,False
corner_recovery,planner,3,267,0.7727451144173032,9.791670692627736,1.5278843641281128,0.06887371427378111,0.07672680914402008,10.944151878356934,1.3463485301864706,10.23753496988466,-0.01464761473769975,False,0.0,False
corner_recovery,planner,3,268,0.7416138194371598,9.749072507921294,1.3845566511154175,0.05276137666347286,0.07672680914402008,10.944151878356934,1.3675852580725611,10.277718886262418,-0.3860854126615204,False,0.0,False
corner_recovery,planner,3,269,0.6889076727065191,9.761979212668331,1.6426807641983032,0.054263440092008605,0.07672680914402008,10.944151878356934,1.331276688451136,10.261172614440772,0.6800734405740868,False,0.0,False
corner_recovery,planner,3,270,0.604696141623204,9.80428967400587,1.8850234746932983,0.09424307457840901,0.07672680914402008,10.944151878356934,1.2561996103114266,10.213626509486105,0.8095651011153704,False,0.0,False
corner_recovery,planner,3,271,0.4999888302156239,9.787894336394935,1.904429316520691,0.10598315034749868,0.07672680914402008,10.944151878356934,1.2312929147142944,10.224338165132012,0.2748604869644351,False,0.0,False
corner_recovery,planner,3,272,0.3872288665763068,9.738052317368998,1.3025027513504028,0.12328437151773097,1.7288634777069092,14.63546371459961,5.077856026268158,10.26925101631885,-0.6166420245855743,False,0.0,False
corner_recovery,planner,3,273,0.3039233210493759,9.686071683615046,1.4804365634918213,0.0981926687742121,1.7288634777069092,14.63546371459961,5.150430654462664,10.318405240181502,-0.7347174108648271,False,0.0,False
corner_recovery,planner,3,274,0.2331558612272137,9.628540639607532,2.1830854415893555,0.09120227187014456,1.7288634777069092,14.63546371459961,5.225554511521575,10.374079762557118,-0.820859396286299,False,0.0,False
corner_recovery,planner,3,275,0.20592841120365718,9.558160048534361,1.9884721040725708,0.07546364445608349,1.7288634777069092,14.63546371459961,5.300787086294343,10.443870359333497,-0.9968938484766592,False,0.0,False
corner_recovery,planner,3,276,0.25235371996138317,9.507944541445317,1.3039127588272095,0.06838791154480475,0.8290758728981018,13.743060111999512,4.274203123114125,10.495089811210072,-0.6262858491147757,False,0.0,False
corner_recovery,planner,3,277,0.2322999561232545,9.470329096127896,1.8424853086471558,0.04262716470167021,0.8290758728981018,13.743060111999512,4.314205816698335,10.532233030723619,-0.9378368331640781,False,0.0,False
corner_recovery,planner,3,278,0.13218451614280682,9.461798397870306,2.100839376449585,0.10047822717007243,0.8290758728981018,13.743060111999512,4.337609875033575,10.539030588884197,-0.22191342130347053,False,0.0,False
corner_recovery,planner,3,279,-0.004775366717458252,9.460671961438356,2.1298704147338867,0.1369645150107602,0.8290758728981018,13.743060111999512,4.362815164761739,10.53932912042028,-0.1687745472123814,False,0.0,False
corner_recovery,planner,3,280,-0.1329595201020202,9.42054130758454,1.7311128377914429,0.1343191965344186,0.8290758728981018,13.743060111999512,4.428281936813186,10.580294157466078,-0.47566019992829095,False,0.0,False
corner_recovery,planner,3,281,-0.22204865098207824,9.378251306473732,2.217507839202881,0.09861702406236038,0.8290758728981018,13.743060111999512,4.48959003401176,10.624069413921857,-0.6148471973945759,False,0.0,False
corner_recovery,planner,3,282,-0.22862022757637565,9.30186257328962,2.201559066772461,0.0766708821940129,0.07672680914402008,10.944151878356934,1.6704343669753703,10.70057996602233,-0.9947291260340065,False,0.0,False
corner_recovery,planner,3,283,-0.165099380361622,9.178345035307112,1.8174656629562378,0.13889377315106816,0.07672680914402008,10.944151878356934,1.7822888971466988,10.822914301622184,-0.7907129466639682,False,0.0,False
corner_recovery,planner,3,284,-0.12598418167364694,9.057785915104311,1.4889100790023804,0.12674580952628417,0.07672680914402008,10.944151878356934,1.89722647386027,10.942939326055024,-0.900518623480458,False,0.0,False
corner_recovery,planner,3,285,-0.1031768947036002,8.94696662546285,2.136141777038574,0.1131418901007595,0.07672680914402008,10.944151878356934,2.0052716217599302,11.053514927399013,-0.9523267416738291,False,0.0,False
corner_recovery,planner,3,286,-0.11483700706166663,8.833788019431914,1.9440748691558838,0.11377765634476911,0.07672680914402008,10.944151878356934,2.1190404226291166,11.166802475783888,-0.9999177526626344,False,0.0,False
corner_recovery,planner,3,287,-0.17478165532004025,8.687830109542201,1.9306740760803223,0.15778806138042803,0.07672680914402008,10.944151878356934,2.270296111110688,11.313520064843498,-0.9555814430384584,False,0.0,False
corner_recovery,planner,3,288,-0.21272583335191006,8.511938600546513,1.727256178855896,0.17993772140186318,-0.3827303647994995,11.798273086547852,3.290728778643782,11.490030765745951,-0.9612694345957458,False,0.0,False
corner_recovery,planner,3,289,-0.1721343041385791,8.381884377175545,1.7553508281707764,0.136241598862103,-0.3827303647994995,11.798273086547852,3.422873429487639,11.619390726022555,-0.9687025246723456,False,0.0,False
corner_recovery,planner,3,290,-0.03687845887556246,8.31669382493536,1.9480235576629639,0.15014643445381395,-0.3827303647994995,11.798273086547852,3.4987151492685715,11.683364378509838,-0.4887815839773478,False,0.0,False
corner_recovery,planner,3,291,0.11615670217044537,8.266902099081596,1.8112963438034058,0.1609315894405878,-0.6528457999229431,11.654009819030762,3.4733072934546296,11.733672857719997,-0.47685598408033897,False,0.0,False
corner_recovery,planner,3,292,0.22580813783994885,8.194519274151112,1.8169020414352417,0.13138763522227032,-0.6528457999229431,11.654009819030762,3.56932872855078,11.80764008951426,-0.7220136286371517,False,0.0,False
corner_recovery,planner,3,293,0.2737719408116568,8.177897215310054,1.8268016576766968,0.05076238012174389,-0.6528457999229431,11.654009819030762,3.5974962503371772,11.825272315145625,-0.5499682528768629,False,0.0,False
corner_recovery,planner,3,294,0.2237378949812774,8.232917833116952,2.1333813667297363,0.07436850224395565,0.07672680914402008,10.944151878356934,2.715216806707598,11.76920903747689,0.7857703641701648,False,0.0,False
corner_recovery,planner,3,295,0.08836314307269197,8.303493438995174,2.0382044315338135,0.15266708747922453,0.07672680914402008,10.944151878356934,2.640684077590461,11.696840333042195,0.509616937719458,False,0.0,False
corner_recovery,planner,3,296,-0.008600498889277133,8.386440025179803,1.2591034173965454,0.12760126967320154,0.07672680914402008,10.944151878356934,2.559134750922467,11.613563159398016,0.653387362223663,False,0.0,False
corner_recovery,planner,3,297,-0.07055161685781043,8.4810754591415,1.5756503343582153,0.11310970948008775,-0.6528457999229431,11.654009819030762,3.2259229637109077,11.5191405976589,0.9268149598265846,False,0.0,False
corner_recovery,planner,3,298,-0.11628385552437953,8.57769446846216,1.934102177619934,0.10689560615648273,-0.6528457999229431,11.654009819030762,3.1227575724543173,11.422897425384487,0.9662402819575978,False,0.0,False
corner_recovery,planner,3,299,-0.13714099365055513,8.651383016813089,1.829867959022522,0.07658343403688175,-0.6528457999229431,11.654009819030762,3.0465914003371655,11.34944558483884,0.9946847938222488,False,0.0,False
corner_recovery,planner,3,300,-0.10555407348960974,8.623891077353939,1.296898603439331,0.04187529415394601,-0.3827303647994995,11.798273086547852,3.1864600792663773,11.376598607771022,-0.7132184150225558,False,0.0,False
corner_recovery,planner,3,301,-0.07921296894758331,8.617047739404263,2.1274349689483643,0.027215529809052612,-0.3827303647994995,11.798273086547852,3.195671685091191,11.383227875319507,-0.33468746719014164,False,0.0,False
corner_recovery,planner,3,302,-0.06642664431694129,8.57653245729717,2.2104475498199463,0.04248503479788608,-0.3827303647994995,11.798273086547852,3.237230409741588,11.423660674156086,-0.9779100857112281,False,0.0,False
corner_recovery,planner,3,303,-0.08363044393393523,8.515783616624471,1.7035248279571533,0.0631378837492873,-0.3827303647994995,11.798273086547852,3.296088269876834,11.48452088645162,-0.9309341686275849,False,0.0,False
corner_recovery,planner,3,304,-0.09119715484909281,8.468040301997872,1.4178186655044556,0.04833920981571787,-0.3827303647994995,11.798273086547852,3.3429690414054836,11.532320295473843,-0.9693932824538594,False,0.0,False
corner_recovery,planner,3,305,-0.06993339353037459,8.422807267664766,2.121932029724121,0.04998174607193533,-0.3827303647994995,11.798273086547852,3.3899279401903515,11.5774039508504,-0.9386440781612377,False,0.0,False
corner_recovery,planner,3,306,0.023274519378377566,8.39959140022029,2.2296276092529297,0.09605566891134015,-0.6528457999229431,11.654009819030762,3.3239100365179817,11.6004319482119,-0.4101243102094303,False,0.0,False
corner_recovery,planner,3,307,0.2516348388352197,8.39964954111632,1.251033067703247,0.22836032685822374,-0.6528457999229431,11.654009819030762,3.3777131382572643,11.603079369763806,-0.20316185154053384,False,0.0,False
corner_recovery,planner,3,308,0.4672830261904831,8.406727053101587,1.2550626993179321,0.21576429705934297,-0.6528457999229431,11.654009819030762,3.435044970446657,11.602686372036967,-0.23603076298389214,False,0.0,False
corner_recovery,planner,3,309,0.6610034683933563,8.4111140505142,1.5542192459106445,0.19377010985591925,-0.3827303647994995,11.798273086547852,3.544323158225822,11.607721703048252,-0.22108479271390666,False,0.0,False
corner_recovery,planner,3,310,0.8415335157609874,8.41070369879798,2.2500998973846436,0.18053051373961726,0.07672680914402008,10.944151878356934,2.646372796300036,11.619809267591439,-0.22697499273182314,False,0.0,False
corner_recovery,planner,3,311,0.9377478434583361,8.46343249565063,2.0277934074401855,0.10971564551959295,0.07672680914402008,10.944151878356934,2.625895252531303,11.574617090872621,0.20664928999891258,False,0.0,False
corner_recovery,planner,3,312,1.023961560808743,8.460172507441822,1.6951245069503784,0.08627533009208029,0.14680659770965576,8.147615432739258,0.9311781538652983,11.585167924377075,-0.9140278826278988,False,0.0,False
corner_recovery,planner,3,313,1.1473906377014766,8.454563877114431,1.441372036933899,0.12355643955999099,0.14680659770965576,8.147615432739258,1.0466067879536674,11.602310138205922,-0.9257764444511107,False,0.0,False
corner_recovery,planner,3,314,1.2903710866509683,8.468333922546499,1.7265002727508545,0.14364199571503947,0.14680659770965576,8.147615432739258,1.18768686532766,11.603636501681557,-0.9797385553581555,False,0.0,False
corner_recovery,planner,3,315,1.4555054610816727,8.519007549556408,1.9080418348312378,0.17273441490611938,0.14680659770965576,8.147615432739258,1.3603767196718461,11.572885715947486,-0.9997045145259377,False,0.0,False
corner_recovery,planner,3,316,1.7043677104877093,8.656490812879463,2.0842387676239014,0.2843133251773279,0.14680659770965576,8.147615432739258,1.6385819395291914,11.470835626528746,-0.9740745098309699,False,0.0,False
corner_recovery,planner,3,317,1.9597258818749184,8.762704455781467,2.2483208179473877,0.27656668930428635,0.4849357008934021,12.264786720275879,3.799945560821339,11.406898644250509,0.06821677752236972,False,0.0,False
corner_recovery,planner,3,318,2.0792897924161626,8.851907746650983,1.8784595727920532,0.1491735760980014,0.07672680914402008,10.944151878356934,2.8961602180524837,11.340344215676454,-0.07105827623535398,False,0.0,False
corner_recovery,planner,3,319,2.1489965984545654,8.910971845662251,2.2678074836730957,0.09136523737225419,0.07672680914402008,10.944151878356934,2.903122995161852,11.295341154115912,-0.060526260596369785,False,0.0,False
corner_recovery,planner,3,320,2.1610030301387435,8.90641625780554,1.5198832750320435,0.012841642515934129,0.07672680914402008,10.944151878356934,2.914888303978047,11.30210309373216,-0.91582889684088,False,0.0,False
corner_recovery,planner,3,321,2.191999308789484,8.909321413493783,2.216372489929199,0.031132125204798786,-0.33303871750831604,6.804147720336914,3.2874873859240314,11.305220585150964,-0.8214118157549076,False,0.0,False
corner_recovery,planner,3,322,2.2202271853047946,8.970114790851087,2.163701295852661,0.06702721643534872,-0.33303871750831604,6.804147720336914,3.3482204409237744,11.2511233430875,-0.904270750276788,False,0.0,False
corner_recovery,planner,3,323,2.3215758015202836,9.054140687242754,1.7284698486328125,0.131650648586392,-0.33303871750831604,6.804147720336914,3.479863013936495,11.18934986033054,-0.9999362472403034,False,0.0,False
corner_recovery,planner,3,324,2.458132378454688,9.127281866270396,1.6385401487350464,0.15491071871757456,-0.33303871750831604,6.804147720336914,3.631471925671656,11.147125836086174,-0.9777470216497421,False,0.0,False
corner_recovery,planner,3,325,2.584574987346591,9.170081645959442,1.3521052598953247,0.13348990405578115,-0.33303871750831604,6.804147720336914,3.756343044926648,11.134054042459207,-0.9331381910065654,False,0.0,False
corner_recovery,planner,3,326,2.7267486829761367,9.19373795907365,1.9320447444915771,0.14412834863107293,-0.33303871750831604,6.804147720336914,3.8823241035788465,11.144974548076718,-0.8695624164529369,False,0.0,False
corner_recovery,planner,3,327,2.880237555721198,9.118718056108538,1.961714267730713,0.17084150519544258,-0.33303871750831604,6.804147720336914,3.9600985148520893,11.256023503877609,-0.4378005225143435,False,0.0,False
corner_recovery,planner,3,328,3.0414880257814234,8.971930680947478,1.8557835817337036,0.21805560667251184,0.14680659770965576,8.147615432739258,3.009763478822246,11.439797302260182,-0.4714684593714808,False,0.0,False
corner_recovery,planner,3,329,3.18940426268955,8.826198105572708,1.6629146337509155,0.20764680750356887,0.14680659770965576,8.147615432739258,3.11735063712937,11.620075228963417,-0.492890691054155,False,0.0,False
corner_recovery,planner,3,330,3.3380522135944357,8.69587458627179,1.7182611227035522,0.19768771583282055,0.14680659770965576,8.147615432739258,3.23799886972433,11.786680785954063,-0.5903993259729591,False,0.0,False
corner_recovery,planner,3,331,3.4199104086145864,8.586450995324238,1.940779209136963,0.13665389254541624,0.14680659770965576,8.147615432739258,3.3023908321017448,11.914901933506858,-0.45478841676906423,False,0.0,False
corner_recovery,planner,3,332,3.517812939784592,8.577494832757283,1.8192540407180786,0.09831133432834518,0.07672680914402008,10.944151878356934,4.176378734019865,11.951930060663946,-0.8663254171026492,False,0.0,False
corner_recovery,planner,3,333,3.6596343579419557,8.589472300547095,1.7494152784347534,0.14232629547213602,0.07672680914402008,10.944151878356934,4.287393429274709,11.983032421462076,-0.7733286888057538,False,0.0,False
corner_recovery,planner,3,334,3.8121523654336595,8.573325294720386,1.151493787765503,0.15337036352048997,0.07672680914402008,10.944151878356934,4.424276525745142,12.045804268605663,-0.8888614805649571,False,0.0,False
corner_recovery,planner,3,335,3.9670994632615066,8.53227530033118,1.825509786605835,0.16029256116434776,0.07672680914402008,10.944151878356934,4.577351637741452,12.13452050716484,-0.9533786724133002,False,0.0,False
corner_recovery,planner,3,336,4.150863928872132,8.439120156948151,2.048643112182617,0.20602732721624956,0.07672680914402008,10.944151878356934,4.782653781700148,12.283469139518132,-0.9963220101090666,False,0.0,False
corner_recovery,planner,3,337,4.387751611604455,8.252656683653653,1.8366739749908447,0.30147039838653755,1.0215481519699097,9.362276077270508,3.544373136444048,12.540033460770537,-0.9286706689348241,False,0.0,False
corner_recovery,planner,3,338,4.577557616978342,8.101301487743967,1.867111325263977,0.2427647317977867,0.07672680914402008,10.944151878356934,5.3234646898574285,12.748845438796424,-0.9933890610818142,False,0.0,False
corner_recovery,planner,3,339,4.740732025315077,7.979290428051588,1.880078673362732,0.20374637720288644,0.14680659770965576,8.147615432739258,4.597008172888401,12.921764536973274,-0.8070857000656848,False,0.0,False
corner_recovery,planner,3,340,4.875558731697479,7.921368956707636,1.66616952419281,0.1467417377455196,0.14680659770965576,8.147615432739258,4.734161405424526,13.025528811768739,-0.9326396058121267,False,0.0,False
corner_recovery,planner,3,341,5.057574868799474,7.892999388186887,1.4720115661621094,0.1842137524279487,2.4169821739196777,8.799521446228027,2.791865330199093,13.12091945589009,-0.982298160825723,False,0.0,False
corner_recovery,planner,3,342,5.2920882861051,7.930850359874244,1.888192892074585,0.23754839286772683,2.4169821739196777,8.799521446228027,3.003468763378943,13.178413085940146,-0.8819947557155531,False,0.0,False
corner_recovery,planner,3,343,5.510641272700488,7.954799028194928,1.4448513984680176,0.21986119863245024,2.4169821739196777,8.799521446228027,3.2069116893043654,13.245906299214257,-0.920062041525196,False,0.0,False
corner_recovery,planner,3,344,5.72178439187683,7.96074235917223,2.0703368186950684,0.2112267501019246,2.4169821739196777,8.799521446228027,3.409584733761088,13.329761482087935,-0.9568913629541906,False,0.0,False
corner_recovery,planner,3,345,5.934948088698265,7.891670214663562,2.197359800338745,0.22407526144045226,4.186641216278076,8.661983489990234,1.9104867082228467,13.484630473468998,-0.9933798076883078,False,0.0,False
corner_recovery,planner,3,346,6.149903077761522,7.7104120135365335,1.7683027982711792,0.2811764264638683,6.676222801208496,9.014836311340332,1.406604137627297,13.742462688429894,-0.1169233910027115,False,0.0,False
corner_recovery,planner,3,347,6.342673279643478,7.560804035359268,1.8329886198043823,0.24401413456580606,2.9528775215148926,7.35007381439209,3.396339574874018,13.962918770050823,-0.7163561161818622,False,0.0,False
corner_recovery,planner,3,348,6.5086906265497175,7.4794459114857705,1.614011287689209,0.18488078265196214,2.9528775215148926,7.35007381439209,3.558165816462721,14.111248291896311,-0.8689356786941521,False,0.0,False
corner_recovery,planner,3,349,6.67577077542797,7.498000162834291,1.2999873161315918,0.16810721695478464,3.601452589035034,8.656187057495117,3.285244160507775,14.172717289727808,-0.8798726651463648,False,0.0,False
corner_recovery,planner,3,350,6.8529924844852514,7.545097457984768,1.8457545042037964,0.183373087915525,3.601452589035034,8.656187057495117,3.436136171609687,14.215769529769005,-0.813857584048766,False,0.0,False
corner_recovery,planner,3,351,7.048833115069871,7.6231409152769585,1.9765931367874146,0.21081824829435303,2.9528775215148926,7.35007381439209,4.105047851847769,14.243338410892191,-0.9462838522170869,False,0.0,False
corner_recovery,planner,3,352,7.214990245242642,7.693065286272499,1.7619049549102783,0.18027093378127615,2.9528775215148926,7.35007381439209,4.27589148827992,14.265928861693425,-0.9454683747485468,False,0.0,False
corner_recovery,planner,3,353,7.384911845066567,7.6938999949921385,1.9967237710952759,0.1699236499883654,6.676222801208496,9.014836311340332,1.4990373286653007,14.351899536042572,-0.37290455995864236,False,0.0,False
corner_recovery,planner,3,354,7.55907198415239,7.606457163638739,2.126830577850342,0.1948794571048792,6.676222801208496,9.014836311340332,1.662213735806971,14.516868577565862,-0.8178910110971397,False,0.0,False
corner_recovery,planner,3,355,7.722524706798546,7.525585841964485,1.6455819606781006,0.1823649177056314,5.006420135498047,7.069530963897705,2.7541260127394267,14.67134610161286,-0.7858219307286726,False,0.0,False
corner_recovery,planner,3,356,7.914860501127369,7.468632107129308,1.6843820810317993,0.20059109075872503,5.006420135498047,7.069530963897705,2.9356953321063135,14.821612530989219,-0.8985922330403724,False,0.0,False
corner_recovery,planner,3,357,8.105518211916639,7.447825908274863,1.7300843000411987,0.19178962587735446,5.006420135498047,7.069530963897705,3.1221012078731105,14.941770307185426,-0.9701207244088935,False,0.0,False
corner_recovery,planner,3,358,8.27713981222702,7.536855936426523,1.6053128242492676,0.19333990691469133,5.006420135498047,7.069530963897705,3.303937020236787,14.96131690128046,-0.9369229817410212,False,0.0,False
corner_recovery,planner,3,359,8.508629065836061,7.630812453560687,1.8441245555877686,0.24983014559586977,5.006420135498047,7.069530963897705,3.5469006614758234,15.013113239397738,-0.97046558999051,False,0.0,False
corner_recovery,planner,3,360,8.719283362782768,7.703891680933691,1.5245263576507568,0.2229704157406239,5.006420135498047,7.069530963897705,3.7666652179137885,15.073824403737497,-0.9847246915448804,False,0.0,False
corner_recovery,planner,3,361,8.933388361103288,7.760749221053103,1.803238868713379,0.22152591309880768,5.006420135498047,7.069530963897705,3.987337723837564,15.152712207398645,-0.9959214646787455,False,0.0,False
corner_recovery,planner,3,362,9.138480852740509,7.779213647808451,2.0022459030151367,0.2059219880958974,12.142217636108398,8.66442584991455,3.1314589741069265,15.259733004276848,0.9829869134726235,False,0.0,False
corner_recovery,planner,3,363,9.315880994111753,7.661813578981254,2.0999667644500732,0.21272890334688424,12.142217636108398,8.66442584991455,2.9989014955011273,15.460157918218817,0.6439062913691825,False,0.0,False
corner_recovery,planner,3,364,9.495061777112689,7.519762709298906,1.5393131971359253,0.22865739125237075,12.142217636108398,8.66442584991455,2.884040195160148,15.681598164198462,0.5308329064350057,False,0.0,False
corner_recovery,planner,3,365,9.681743587404066,7.401204526148842,1.5005289316177368,0.22114732891335112,12.142217636108398,8.66442584991455,2.7658019916768954,15.889172611692914,0.5620381156571415,False,0.0,False
corner_recovery,planner,3,366,9.87147792703512,7.313592596081256,1.6920286417007446,0.20898557348630425,6.294539928436279,8.001818656921387,3.642545889434998,16.07454538337386,-0.9671322576590348,False,0.0,False
corner_recovery,planner,3,367,10.034250723428485,7.350795331031852,1.612754464149475,0.1669701372507085,6.676222801208496,9.014836311340332,3.74771715989282,16.145852914543433,-0.7557818560289299,False,0.0,False
corner_recovery,planner,3,368,10.27726328455077,7.412931865314974,2.0283215045928955,0.2508307272961783,7.114391803741455,8.568133354187012,3.367231278663389,16.249813071145724,-0.7988992612589582,False,0.0,False
corner_recovery,planner,3,369,10.513399752548617,7.474712296486242,1.4482109546661377,0.2440845205952355,7.114391803741455,8.568133354187012,3.5705496279253337,16.35281035212854,-0.8218876606448162,False,0.0,False
corner_recovery,planner,3,370,10.744565228549995,7.525905525545461,2.015953302383423,0.23676618000984265,11.438925743103027,7.832202434539795,0.758916543916283,16.463557176630538,0.9886718249710572,False,0.0,False
corner_recovery,planner,3,371,10.974462974035255,7.554558027920015,2.115143060684204,0.23167636752920956,11.438925743103027,7.832202434539795,0.5411211328134881,16.593006462027333,0.9578272626273091,False,0.0,False
corner_recovery,planner,3,372,11.1865961179066,7.508440429643101,1.9993712902069092,0.2170882392014166,6.294539928436279,8.001818656921387,4.916872566590183,16.768392684003377,-0.9929530421908463,False,0.0,False
corner_recovery,planner,3,373,11.393407942878195,7.453765462130278,1.6496782302856445,0.2139170003076192,6.294539928436279,8.001818656921387,5.128237253971347,16.947499686740667,-0.9875526805065622,False,0.0,False
corner_recovery,planner,3,374,11.592862461019612,7.414444012893469,1.7037767171859741,0.20329358370865477,6.294539928436279,8.001818656921387,5.330781427870325,17.11112736042575,-0.9961677926947944,False,0.0,False
corner_recovery,planner,3,375,11.752230017514357,7.496389741496667,1.7552202939987183,0.17920134067415563,6.294539928436279,8.001818656921387,5.481043650343288,17.159696380796348,-0.8335202483537982,False,0.0,False
corner_recovery,planner,3,376,11.929925942024067,7.602277551994539,1.575663685798645,0.2068527737290307,6.294539928436279,8.001818656921387,5.649531716582094,17.205425158360875,-0.8081809068478574,False,0.0,False
corner_recovery,planner,3,377,12.153454735688184,7.68985878905533,2.089113235473633,0.24007414413475273,6.294539928436279,8.001818656921387,5.8672141326011475,17.298729393970525,-0.9029513172641968,False,0.0,False
corner_recovery,planner,3,378,12.364009352461075,7.771646555907199,2.0750560760498047,0.22588157395191535,6.294539928436279,8.001818656921387,6.0738322569245495,17.38969106170093,-0.911575572082077,False,0.0,False
corner_recovery,planner,3,379,12.536415218023247,7.7664096076854445,2.026893138885498,0.1724853851980487,6.294539928436279,8.001818656921387,6.246312876507113,17.516347804425894,-0.999971586299296,False,0.0,False
corner_recovery,planner,3,380,12.693000903277824,7.706562964679176,1.926314115524292,0.16763262661476455,9.552191734313965,7.666614055633545,3.141063219863838,17.670338595284736,-0.921646283343578,False,0.0,False
corner_recovery,planner,3,381,12.837847647344415,7.6552050872563315,1.9130669832229614,0.1536821747636086,9.552191734313965,7.666614055633545,3.2856757209729914,17.81023002810824,-0.9381819677124282,False,0.0,False
corner_recovery,planner,3,382,12.978583846764217,7.6531067651136935,1.8123763799667358,0.1407518411351857,9.552191734313965,7.666614055633545,3.4264187361089546,17.913386369449253,-0.9999346077776119,False,0.0,False
corner_recovery,planner,3,383,13.132250144163663,7.748646873329023,1.7381879091262817,0.18094541506833522,9.552191734313965,7.666614055633545,3.5809981291693815,17.95972291777569,-0.8471531291964499,False,0.0,False
corner_recovery,planner,3,384,13.311553020973816,7.895259536565608,2.1278610229492188,0.23161345956943274,9.552191734313965,7.666614055633545,3.766308011778573,17.99228127607233,-0.7884446765039526,False,0.0,False
corner_recovery,planner,3,385,13.499611564812609,8.023532345410564,1.8715232610702515,0.22763991170210357,10.202367782592773,7.7895307540893555,3.3055367649034286,18.046475829985457,-0.84479624262231,False,0.0,False
corner_recovery,planner,3,386,13.675216948982005,8.14426457112576,1.7980467081069946,0.2131044844094703,10.202367782592773,7.7895307540893555,3.4909192791354537,18.098895578492865,-0.8620726773742007,False,0.0,False
corner_recovery,planner,3,387,13.850712813955615,8.207030737733568,1.8161075115203857,0.18638237656354462,10.202367782592773,7.7895307540893555,3.672155729842194,18.191106878786545,-0.9709367516436701,False,0.0,False
corner_recovery,planner,3,388,14.02025772135175,8.126514160027424,2.1263298988342285,0.18769228782630773,9.552191734313965,7.666614055633545,4.491672491460775,18.372460166378172,-0.8427467972145783,False,0.0,False
corner_recovery,planner,3,389,14.188944885756825,8.045424136052404,1.466010570526123,0.18716557221693883,9.552191734313965,7.666614055633545,4.65220129233917,18.553653038092612,-0.8521751117413617,False,0.0,False
corner_recovery,planner,3,390,14.378632305040432,7.984380489563307,1.8042471408843994,0.1992677691227571,9.552191734313965,7.666614055633545,4.836889919078876,18.738201065821105,-0.9238172496277746,False,0.0,False
corner_recovery,planner,3,391,14.56205644748121,7.949613881629601,2.0015954971313477,0.1866899382863223,9.552191734313965,7.666614055633545,5.017851467087493,18.90146273655674,-0.9681498772833282,False,0.0,False
corner_recovery,planner,3,392,14.739790083743726,7.987719760810216,1.6843079328536987,0.18177266980276247,9.548201560974121,7.356630325317383,5.229805471080521,19.014633529407273,-0.9956339895633469,False,0.0,False
corner_recovery,planner,3,393,14.967054152715974,8.112140184768068,1.7853569984436035,0.25909341740707037,11.438925743103027,7.832202434539795,3.539216752153059,19.113710288610598,-0.8987789836007593,False,0.0,False
corner_recovery,planner,3,394,15.17547046039507,8.208759353813168,1.7050226926803589,0.22972292252527457,11.438925743103027,7.832202434539795,3.755470880964959,19.21791507085542,-0.9376753718487087,False,0.0,False
corner_recovery,planner,3,395,15.385670603789016,8.286614157400178,1.6316099166870117,0.2241550149436935,12.443892478942871,7.433599472045898,3.0629548787491734,19.337069783861136,-0.9969431712259748,False,0.0,False
corner_recovery,planner,3,396,15.602539055841262,8.319072471496705,1.9323488473892212,0.21928398858449782,12.443892478942871,7.433599472045898,3.2804131798461507,19.490594986177257,-0.9910807507452004,False,0.0,False
corner_recovery,planner,3,397,15.818839457121063,8.212054348634961,2.13010311126709,0.24132704410126563,12.588776588439941,8.06056022644043,3.2336135521567835,19.727933101308565,-0.8551171365749464,False,0.0,False
corner_recovery,planner,3,398,16.027785067559503,8.10309577274472,1.6648695468902588,0.23564855056104542,12.588776588439941,8.06056022644043,3.439271520562987,19.960616833263643,-0.8640472844049648,False,0.0,False
corner_recovery,planner,3,399,16.236312213807754,8.018200332303552,1.9392460584640503,0.22514618924187738,12.588776588439941,8.06056022644043,3.6477815859723077,20.17873528200054,-0.9214512814444871,False,0.0,False
corner_recovery,planner,3,400,16.44508727936337,7.955887871366062,1.6024463176727295,0.21787581505490342,12.588776588439941,8.06056022644043,3.857730997211593,20.383854703980454,-0.9614862131715167,False,0.0,False
corner_recovery,planner,3,401,16.618132015211756,8.014146634339308,1.6345690488815308,0.18258851022999928,12.588776588439941,8.06056022644043,4.0296227338036505,20.489582537917304,-0.9387243607892996,False,0.0,False
corner_recovery,planner,3,402,16.821605405535447,8.105341088271055,1.8616046905517578,0.22297499635099546,12.588776588439941,8.06056022644043,4.233065688176883,20.602167823943,-0.9077677291725762,False,0.0,False
corner_recovery,planner,3,403,17.017087966652536,8.194969119848864,1.9726265668869019,0.21505026330002247,12.443892478942871,7.433599472045898,4.636140712856292,20.710867604861765,-0.9617053029593795,False,0.0,False
corner_recovery,planner,3,404,17.204010223672395,8.28915091013615,1.5043855905532837,0.20930871886072172,12.588776588439941,8.06056022644043,4.620891170375412,20.81158221235928,-0.9062858086848966,False,0.0,False
corner_recovery,planner,3,405,17.38014847276036,8.341453517654577,1.7162587642669678,0.18373961343434056,12.588776588439941,8.06056022644043,4.799598480592446,20.928240896363057,-0.971537647982366,False,0.0,False
corner_recovery,planner,3,406,17.5363794196829,8.283913140111638,2.0012567043304443,0.16649025143862528,12.588776588439941,8.06056022644043,4.952641749588672,21.090075733849954,-0.9165440672782516,False,0.0,False
corner_recovery,planner,3,407,17.691961676119497,8.148473022265518,1.9677995443344116,0.20627618388964436,12.588776588439941,8.06056022644043,5.103942270322499,21.294698862704053,-0.7238640876696965,False,0.0,False
corner_recovery,planner,3,408,17.85285566175982,8.034610228548202,1.7069257497787476,0.19710811857541563,12.588776588439941,8.06056022644043,5.264143034963513,21.49174277862065,-0.8062016387839188,False,0.0,False
corner_recovery,planner,3,409,18.027979343290056,7.9515216004644955,1.8092608451843262,0.19383504314116304,12.588776588439941,8.06056022644043,5.440295582992141,21.68349305223138,-0.905569718652188,False,0.0,False
corner_recovery,planner,3,410,18.193981944147332,7.985327314797705,1.6079307794570923,0.1694098279703942,12.588776588439941,8.06056022644043,5.6057102200029085,21.803058012960136,-0.9756912951051769,False,0.0,False
corner_recovery,planner,3,411,18.418819289532152,8.092398621914791,1.876189112663269,0.24903031278833163,15.53246021270752,7.1818132400512695,3.026587923393517,21.93271243143033,-0.9885848055125955,False,0.0,False
corner_recovery,planner,3,412,18.644556024249333,8.18537191515279,1.5817162990570068,0.2441333788245556,15.53246021270752,7.1818132400512695,3.269903722525729,22.072718593880378,-0.9963814140307133,False,0.0,False
corner_recovery,planner,3,413,18.85266928388231,8.26358019454536,1.1524661779403687,0.2223233316604653,15.53246021270752,7.1818132400512695,3.491991984547901,22.207356640926616,-0.9988708168549811,False,0.0,False
corner_recovery,planner,3,414,19.02247114291144,8.276686783225246,1.5834182500839233,0.17030694054139922,20.61578941345215,8.197210311889648,1.59529922608105,22.344808819086012,0.993433688209279,False,0.0,False
corner_recovery,planner,3,415,19.143977404698052,8.182270521973471,1.8715704679489136,0.15387723042126963,20.61578941345215,8.197210311889648,1.4718878307926548,22.497791022396104,0.8192188061497367,False,0.0,False
corner_recovery,planner,3,416,19.257584282488498,8.078303013090672,1.582201600074768,0.15399923890912023,16.130706787109375,8.917095184326172,3.237427246693643,22.64909294971503,-0.8766560561454668,False,0.0,False
corner_recovery,planner,3,417,19.387337762613235,8.001352091832452,1.0438040494918823,0.1508555928262833,16.130706787109375,8.917095184326172,3.38293226684502,22.79992142850108,-0.9629084101450209,False,0.0,False
corner_recovery,planner,3,418,19.52424138926763,7.961444223334241,2.0239744186401367,0.14260168638272225,15.971993446350098,7.5362958908081055,3.577599272223147,22.93736748221739,-0.9135052001659105,False,0.0,False
corner_recovery,planner,3,419,19.686595373320372,7.961379380684953,2.1560606956481934,0.16235399700151343,15.971993446350098,7.5362958908081055,3.738845202628368,23.075754024703862,-0.9928663299332805,False,0.0,False
corner_recovery,planner,3,420,19.95177796534405,8.071153091943533,1.837978482246399,0.2870053567372536,14.555006980895996,8.300332069396973,5.401634943448791,23.2458777535768,-0.896746214773632,False,0.0,False
corner_recovery,planner,3,421,20.197963938247778,8.159644441768657,1.8941060304641724,0.2616070569545624,14.555006980895996,8.300332069396973,5.644710464770763,23.41264117941625,-0.9258534919926465,False,0.0,False
corner_recovery,planner,3,422,20.43593820308728,8.234059062893701,1.871696949005127,0.24933769583254903,14.555006980895996,8.300332069396973,5.881304630057453,23.581029162779895,-0.9466905644879677,False,0.0,False
corner_recovery,planner,3,423,20.550467700396418,8.274454114616796,1.6342073678970337,0.12144449743646517,14.555006980895996,8.300332069396973,5.9955165672038735,23.660307458172714,-0.9392524139396741,False,0.0,False
corner_recovery,planner,3,424,20.601876007608585,8.332744004912366,1.9274216890335083,0.07772081678089877,17.627185821533203,7.313706874847412,3.1443947550497224,23.676193897833045,-0.8625465600683735,False,0.0,False
corner_recovery,planner,3,425,20.65046942768487,8.421679545287034,1.939845323562622,0.10134520618383895,17.627185821533203,7.313706874847412,3.219914160605302,23.674868365753845,-0.7380031963220217,False,0.0,False
corner_recovery,planner,3,426,20.683436945589907,8.624432534813723,1.545053243637085,0.20541575401810896,17.627185821533203,7.313706874847412,3.325458267516221,23.60525575030269,-0.4903304869310684,False,0.0,False
corner_recovery,planner,3,427,20.693882559796453,8.84131934909879,1.756798267364502,0.21713820729405725,17.627185821533203,7.313706874847412,3.4261098575443945,23.510698187579305,-0.43790405621548306,False,0.0,False
corner_recovery,planner,3,428,20.743749810845387,9.000672751145466,1.9815411567687988,0.16697379875605337,17.627185821533203,7.313706874847412,3.543843248123643,23.479530577555035,-0.6928480440206476,False,0.0,False
corner_recovery,planner,3,429,20.845054340400146,9.088923709868698,2.441279411315918,0.13435341240132662,17.627185821533203,7.313706874847412,3.675060899639342,23.528023211976404,-0.9757858339789273,False,0.0,False
corner_recovery,planner,3,430,20.91727226361636,9.105323496875634,1.9052300453186035,0.0740566097491369,17.627185821533203,7.313706874847412,3.746272669828937,23.58444943300531,-0.9608263840312913,False,0.0,False
corner_recovery,planner,3,431,20.881901833237308,9.171640840124807,1.8967052698135376,0.07516021128780898,17.627185821533203,7.313706874847412,3.747678606307437,23.522482570260575,-0.008678039039454844,False,0.0,False
corner_recovery,planner,3,432,20.812651582899857,9.276534568823894,0.7872182726860046,0.1256912546368972,18.109861373901367,7.979328155517578,2.997969211413142,23.41279942178664,0.1763806796807777,False,0.0,False
corner_recovery,planner,3,433,20.760255851217256,9.390153454193598,1.7678698301315308,0.1251181993604807,18.109861373901367,7.979328155517578,3.0025021080377017,23.314310342224587,-0.015389145158457075,False,0.0,False
corner_recovery,planner,3,434,20.75225857393157,9.503013561014125,1.8377736806869507,0.11314309592513773,18.10642433166504,9.207406044006348,2.6622964976992347,23.256030620455626,0.001988659228853188,False,0.0,False
corner_recovery,planner,3,435,20.768424410356708,9.627471080301543,1.7900201082229614,0.12550302137599056,18.10642433166504,9.207406044006348,2.694939526904479,23.214581811410717,-0.23812167048718663,False,0.0,False
corner_recovery,planner,3,436,20.77012738278838,9.74377018688301,1.3263670206069946,0.11631157425961718,18.10642433166504,9.207406044006348,2.7171677236283407,23.164378719851857,-0.17031758913843117,False,0.0,False
corner_recovery,planner,3,437,20.74320956520326,9.82236796906016,1.742297649383545,0.08307936125604623,18.10642433166504,9.207406044006348,2.707547698023267,23.105517454131007,0.1308760858260544,False,0.0,False
corner_recovery,planner,3,438,20.69950719954336,9.872865704530696,2.073566436767578,0.06678261788762001,18.10642433166504,9.207406044006348,2.677109508307277,23.044054490093924,0.46555086308640947,False,0.0,False
corner_recovery,planner,3,439,20.58424572594419,9.834221058308842,2.0460305213928223,0.12156733104689034,18.10642433166504,9.207406044006348,2.555874786467934,22.9576617624135,0.9973880638078857,False,0.0,False
corner_recovery,planner,3,440,20.364968123152938,9.842287348812272,2.0199167728424072,0.21942591489695015,17.627185821533203,7.313706874847412,3.7268178308549786,22.75765921533088,0.7366868700870016,False,0.0,False
corner_recovery,planner,3,441,20.159342622970986,9.84932237016429,1.4412800073623657,0.20574580882851876,18.10642433166504,9.207406044006348,2.1509370238495213,22.57067458750805,0.9528720940180575,False,0.0,False
corner_recovery,planner,3,442,19.971068831334946,9.865686962252687,2.3511016368865967,0.18898365138611936,15.53246021270752,7.1818132400512695,5.186947524901034,22.395264923929197,0.8198312194049003,False,0.0,False
corner_recovery,planner,3,443,19.804215863546077,9.893986445838593,2.2159228324890137,0.16923585208572867,15.53246021270752,7.1818132400512695,5.060017770587553,22.233723843000842,0.7571537279234672,False,0.0,False
corner_recovery,planner,3,444,19.669926073005573,9.951651420781936,1.5880399942398071,0.14614717643057143,17.627185821533203,7.313706874847412,3.3363961339162205,22.08789942223973,0.29096815956870414,False,0.0,False
corner_recovery,planner,3,445,19.543100603472546,9.97558855904696,1.6412997245788574,0.1290646594176417,17.627185821533203,7.313706874847412,3.2796865021417365,21.96409811339767,0.45499702799895364,False,0.0,False
corner_recovery,planner,3,446,19.393944694128187,9.930510117415862,1.748116374015808,0.15581896929523947,17.627185821533203,7.313706874847412,3.15738754735776,21.852224538805363,0.7939996430370699,False,0.0,False
corner_recovery,planner,3,447,19.220087038200596,9.878733031987695,2.0324084758758545,0.18140383430366747,16.130706787109375,8.917095184326172,3.2355861425540104,21.722149773762805,0.9999319914019117,False,0.0,False
corner_recovery,planner,3,448,18.972296134411042,9.827759692143088,2.244748830795288,0.25297947224183537,16.130706787109375,8.917095184326172,2.983947027763017,21.52725002160232,0.9951148720650868,False,0.0,False
corner_recovery,planner,3,449,18.758755857006943,9.783966592989447,2.1160244941711426,0.21798459947276203,17.627185821533203,7.313706874847412,2.7171002595151337,21.360202711490075,0.639278015198385,False,0.0,False
corner_recovery,planner,3,450,18.57055267934194,9.724243810294197,2.3021810054779053,0.1974518849139417,17.627185821533203,7.313706874847412,2.5885573869561225,21.22396268575902,0.6719443934035234,False,0.0,False
corner_recovery,planner,3,451,18.493155375438732,9.590383890839036,2.1442742347717285,0.15462477384956125,15.842519760131836,9.316243171691895,2.664774342984389,21.221614059260947,0.6230931657847847,False,0.0,False
corner_recovery,planner,3,452,18.392866510835795,9.443422581193511,1.9051192998886108,0.1779198777429719,15.842519760131836,9.316243171691895,2.5535158411545873,21.20704753813411,0.6456586687749823,False,0.0,False
corner_recovery,planner,3,453,18.245644884861903,9.314105117509133,2.1122303009033203,0.1959520695684455,15.842519760131836,9.316243171691895,2.403126075840506,21.14454791912402,0.7832509704098065,False,0.0,False
corner_recovery,planner,3,454,18.03593689454604,9.209030946410651,2.1357340812683105,0.23455920922946297,15.53246021270752,7.1818132400512695,3.221336232914255,21.01761244241529,0.9797480785366476,False,0.0,False
corner_recovery,planner,3,455,17.749919155700393,9.181353425907918,2.38976788520813,0.2873537751197224,15.53246021270752,7.1818132400512695,2.98584747077186,20.78708117386888,0.8341556193818218,False,0.0,False
corner_recovery,planner,3,456,17.462123791703238,9.15448864617018,1.4758458137512207,0.2890465151642763,15.53246021270752,7.1818132400512695,2.759537966038694,20.55604251413243,0.8016830627836314,False,0.0,False
corner_recovery,planner,3,457,17.190905285929176,9.124723616039878,2.3017828464508057,0.2728469074279065,15.53246021270752,7.1818132400512695,2.554474660280932,20.342046627055705,0.7730813397747222,False,0.0,False
corner_recovery,planner,3,458,17.003478051245395,9.068429176391415,2.2346668243408203,0.1956988304424522,13.906193733215332,8.78501033782959,3.110224491056343,20.214289661295407,0.9822442362884592,False,0.0,False
corner_recovery,planner,3,459,16.858073127181733,8.941793856927696,2.1063201427459717,0.19281881671050083,15.842519760131836,9.316243171691895,1.0823866825925754,20.16131326734667,0.6003865433476778,False,0.0,False
corner_recovery,planner,3,460,16.670173059476085,8.83295449181218,2.0067508220672607,0.21714613246046038,15.842519760131836,9.316243171691895,0.9584247137961845,20.064834293231034,0.6384880121144428,False,0.0,False
corner_recovery,planner,3,461,16.46894875992991,8.74907396009103,1.7707546949386597,0.2180072529290528,13.906193733215332,8.78501033782959,2.563006974277635,19.945165078602347,0.9295507780489242,False,0.0,False
corner_recovery,planner,3,462,16.244525389154354,8.7709340680857,1.992999792098999,0.22548550656705282,13.906193733215332,8.78501033782959,2.3383740236618333,19.747823343907015,0.9965510311621055,False,0.0,False
corner_recovery,planner,3,463,15.995330985810922,8.920949819992627,1.725233554840088,0.2908652204679862,12.588776588439941,8.06056022644043,3.513528584619809,19.457542656686236,0.7426241754661494,False,0.0,False
corner_recovery,planner,3,464,15.765226467728752,9.049619326016503,2.035515308380127,0.26363598203252875,12.588776588439941,8.06056022644043,3.326871163433915,19.195134864958007,0.7267225106561325,False,0.0,False
corner_recovery,planner,3,465,15.563371841789795,9.097749924297919,2.0336689949035645,0.20751348029437305,12.588776588439941,8.06056022644043,3.150234815151593,19.00204199024309,0.8597948468448193,False,0.0,False
corner_recovery,planner,3,466,15.383301335802283,9.091897755299756,1.9408823251724243,0.1801655766470989,12.588776588439941,8.06056022644043,2.978762438002437,18.858225117145324,0.9544417966940222,False,0.0,False
corner_recovery,planner,3,467,15.264970604281608,9.063733539702833,1.723268747329712,0.1216362818504749,12.588776588439941,8.06056022644043,2.858036232602486,18.77821215239093,0.9928224297693404,False,0.0,False
corner_recovery,planner,3,468,15.155238433247911,9.012427348158955,2.0154881477355957,0.12113411844111285,12.588776588439941,8.06056022644043,2.7372938129225073,18.719188143401944,0.9969032344558713,False,0.0,False
corner_recovery,planner,3,469,15.04182144837587,8.951134320721298,1.562510371208191,0.12891953951957033,12.588776588439941,8.06056022644043,2.609703297745219,18.66370341822767,0.9901740780651379,False,0.0,False
corner_recovery,planner,3,470,14.928809308829216,8.81335960643551,2.016280174255371,0.17819544208941787,9.552191734313965,7.666614055633545,5.497548717462208,18.65503338711337,0.7936787437260083,False,0.0,False
corner_recovery,planner,3,471,14.832153366655199,8.661856183739696,1.8561859130859375,0.17970992806768782,9.552191734313965,7.666614055633545,5.37294162750283,18.66939417041118,0.7018655071738149,False,0.0,False
corner_recovery,planner,3,472,14.727755272492592,8.608742192438593,1.847725510597229,0.11713265188118166,9.552191734313965,7.666614055633545,5.260614352324624,18.619009903986896,0.9598509378851369,False,0.0,False
corner_recovery,planner,3,473,14.622745634351853,8.556165508138196,1.8311325311660767,0.11743650128674867,9.552191734313965,7.666614055633545,5.147991709379744,18.568415057944016,0.9599051609320801,False,0.0,False
corner_recovery,planner,3,474,14.48019450990051,8.485149987160053,1.5563130378723145,0.15926087812811815,9.552191734313965,7.666614055633545,4.99551923501338,18.50048117922215,0.9586661199509746,False,0.0,False
corner_recovery,planner,3,475,14.361103540298501,8.413647961535709,2.0901875495910645,0.1389071585957004,9.552191734313965,7.666614055633545,4.866589402682838,18.452231530478905,0.9300982255674696,False,0.0,False
corner_recovery,planner,3,476,14.254725267331047,8.340012985001033,1.8600585460662842,0.1293771491755806,9.552191734313965,7.666614055633545,4.7505039466590695,18.41609322405354,0.8998548980073419,False,0.0,False
corner_recovery,planner,3,477,14.173251058066365,8.334477106297904,1.6928867101669312,0.0816620641933632,9.552191734313965,7.666614055633545,4.66907167733391,18.35661924043932,0.9972343313758711,False,0.0,False
corner_recovery,planner,3,478,14.120405232868933,8.437853266324076,1.5835587978363037,0.1161004379946707,9.552191734313965,7.666614055633545,4.6328592131087225,18.250180301341825,0.3231297342068658,False,0.0,False
corner_recovery,planner,3,479,14.051741415958167,8.54044532015908,1.8946764469146729,0.12344978437745209,9.552191734313965,7.666614055633545,4.583615212520216,18.13209392985868,0.41010231679016745,False,0.0,False
corner_recovery,planner,3,480,13.956199131709921,8.609533844395402,2.1367764472961426,0.11790484409270735,9.552191734313965,7.666614055633545,4.503818256141894,18.0143890666854,0.6837615294531068,False,0.0,False
corner_recovery,planner,3,481,13.780151862684368,8.603651534093563,2.1656289100646973,0.17614551514541152,9.552191734313965,7.666614055633545,4.330552630222682,17.88209561866314,0.9842847162609576,False,0.0,False
corner_recovery,planner,3,482,13.62218863190192,8.60322001486837,1.7716940641403198,0.15796382018699917,9.552191734313965,7.666614055633545,4.176374680180141,17.7609295126301,0.9768970557237944,False,0.0,False
corner_recovery,planner,3,483,13.484497316317457,8.635309148071142,2.184610366821289,0.14138108380220332,9.552191734313965,7.666614055633545,4.049863870844119,17.634848058140115,0.8981946512373615,False,0.0,False
corner_recovery,planner,3,484,13.40619930820958,8.747231016118555,2.061563014984131,0.13659093169344583,9.552191734313965,7.666614055633545,4.002637554779676,17.50288518205051,0.3605977234219971,False,0.0,False
corner_recovery,planner,3,485,13.30596703676165,8.853292407545567,1.3101751804351807,0.1459298701124798,9.552191734313965,7.666614055633545,3.9368813205585518,17.357933314051788,0.4651295297410959,False,0.0,False
corner_recovery,planner,3,486,13.144022653046076,8.945790560168154,1.9284619092941284,0.18649903928870212,9.552191734313965,7.666614055633545,3.812812856476612,17.174425109547506,0.6784535460334972,False,0.0,False
corner_recovery,planner,3,487,12.964602362295071,9.003174619651467,2.0114619731903076,0.18837348809203294,9.552191734313965,7.666614055633545,3.664824748230987,17.000325963295662,0.7950666714893018,False,0.0,False
corner_recovery,planner,3,488,12.822459383609358,8.984261242888024,2.395297050476074,0.14339575380827416,9.552191734313965,7.666614055633545,3.5257402922092345,16.904495408300438,0.9710929863966319,False,0.0,False
corner_recovery,planner,3,489,12.722968530981086,8.94447715361275,1.8335292339324951,0.107150378049559,9.552191734313965,7.666614055633545,3.4185902930096237,16.8552221476706,0.9999965717677427,False,0.0,False
corner_recovery,planner,3,490,12.627438554831679,8.935105224799658,1.7451280355453491,0.09598858990934303,9.552191734313965,7.666614055633545,3.3265917773836815,16.78940442190566,0.9595746965324992,False,0.0,False
corner_recovery,planner,3,491,12.528656976014238,8.91129410618492,1.0119141340255737,0.10161087384404976,9.552191734313965,7.666614055633545,3.2262321310300104,16.731008458014703,0.9880598998504319,False,0.0,False
corner_recovery,planner,3,492,12.456667417037158,8.856542168899109,1.534114956855774,0.09044485191686637,9.552191734313965,7.666614055633545,3.1387749053205622,16.71362365174587,0.9678781737734202,False,0.0,False
corner_recovery,planner,3,493,12.378543073351167,8.750695017005388,1.2596509456634521,0.1315561957506347,9.552191734313965,7.666614055633545,3.0271262647082113,16.726481734639762,0.8545389935999826,False,0.0,False
corner_recovery,planner,3,494,12.280173576471462,8.634694902466324,1.751625657081604,0.15209399886071226,9.552191734313965,7.666614055633545,2.894661544489352,16.73238844362313,0.8770058385509056,False,0.0,False
corner_recovery,planner,3,495,12.136916629388324,8.536970759369332,1.6405400037765503,0.1734144199068299,7.114391803741455,8.568133354187012,5.022621499929581,16.69448365898977,0.8332878896366757,False,0.0,False
corner_recovery,planner,3,496,12.020859362922543,8.49683096269854,0.9177829623222351,0.12280265622649085,7.114391803741455,8.568133354187012,4.9069856266682095,16.638027458923535,0.9430251013449422,False,0.0,False
corner_recovery,planner,3,497,11.936576442618108,8.453485713742419,2.1148521900177,0.09477563643738816,7.114391803741455,8.568133354187012,4.823547322549813,16.60734323524434,0.8825494001712678,False,0.0,False
corner_recovery,planner,3,498,11.894141332825898,8.420350661721322,2.3868253231048584,0.05383929991667521,6.294539928436279,8.001818656921387,5.615220826208355,16.599966169927434,0.8347789767514481,False,0.0,False
corner_recovery,planner,3,499,11.872877121670452,8.393627420026487,1.814298391342163,0.03415111012462052,6.294539928436279,8.001818656921387,5.5920801092496575,16.603406144868188,0.6792425232763937,False,0.0,False
corner_recovery,planner,3,500,11.812364986846124,8.334476529209109,2.149200439453125,0.08462001149543232,6.294539928436279,8.001818656921387,5.5278435791193115,16.601698841686094,0.762323529474699,False,0.0,True
