scenario_name,mode,seed,step,x,y,action_norm,speed,subgoal_x,subgoal_y,dist_to_subgoal,dist_to_goal,alignment_cos,reached_goal,reward,done
corner_recovery,planner,8,0,20.0,0.0,0.0,0.0,19.84075355529785,-0.028101855888962746,0.16170697095264153,28.284271247461902,1.0,False,0.0,False
corner_recovery,planner,8,1,20.003779668295184,-0.001969933720383008,1.2049351930618286,0.004262221402546245,17.0257511138916,-0.08286748826503754,2.9791271347786417,28.288336858980486,-0.8735674322666529,False,0.0,False
corner_recovery,planner,8,2,20.00637711996767,0.011632041264398478,1.9492396116256714,0.01384776078207306,17.0257511138916,-0.08286748826503754,2.9821236643000337,28.280558324053185,-0.21417560434091393,False,0.0,False
corner_recovery,planner,8,3,19.98626132685552,0.07143700590606478,2.0097062587738037,0.06309737655657173,17.0257511138916,-0.08286748826503754,2.96452873117888,28.22407243533312,0.2886102717473972,False,0.0,False
corner_recovery,planner,8,4,19.885349482012884,0.14140854865890998,1.723702311515808,0.12279746424400331,17.0257511138916,-0.08286748826503754,2.868379780939096,28.10321651436126,0.7910018255273777,False,0.0,False
corner_recovery,planner,8,5,19.818129179773948,0.14112250424690934,1.9808226823806763,0.06722091084253212,17.0257511138916,-0.08286748826503754,2.801347315055085,28.055895273142436,0.9972622371448884,False,0.0,False
corner_recovery,planner,8,6,19.742342097514374,0.06969847539839505,2.0829195976257324,0.10413968376355265,17.0257511138916,-0.08286748826503754,2.7208717253058983,28.053110172614115,0.7802534644145678,False,0.0,False
corner_recovery,planner,8,7,19.596125963542843,-0.012982969014928201,1.6410841941833496,0.16797434055192575,17.0257511138916,-0.08286748826503754,2.571324700178968,28.009420559824502,0.8966979343812496,False,0.0,False
corner_recovery,planner,8,8,19.448268520529208,-0.09423996154264999,1.2788090705871582,0.1687143215295622,17.0257511138916,-0.08286748826503754,2.4225441004470163,27.96450657670657,0.8891436059622547,False,0.0,False
corner_recovery,planner,8,9,19.316170272342536,-0.16318360498045625,1.2687212228775024,0.1490072922526512,17.0257511138916,-0.08286748826503754,2.291826913185926,27.922542990893255,0.8843402174114953,False,0.0,False
corner_recovery,planner,8,10,19.19061373856985,-0.21638845969400133,1.514606237411499,0.13636421722028344,17.0257511138916,-0.08286748826503754,2.168976263941156,27.874397177629415,0.90650517623082,False,0.0,False
corner_recovery,planner,8,11,19.089334895638725,-0.26291295614178795,2.0039846897125244,0.11145372490494827,17.0257511138916,-0.08286748826503754,2.0714232775540387,27.838612541325205,0.8812871653985737,False,0.0,False
corner_recovery,planner,8,12,18.97146116698227,-0.2335738358198832,1.5681469440460205,0.12147016048659402,17.0257511138916,-0.08286748826503754,1.95153785868771,27.736507512300303,0.9877137140885671,False,0.0,False
corner_recovery,planner,8,13,18.89116011531321,-0.26507331599148787,1.952471375465393,0.08625819468455416,17.0257511138916,-0.08286748826503754,1.8742864525579432,27.704676987918678,0.8999576597474777,False,0.0,False
corner_recovery,planner,8,14,18.8170362677486,-0.3451141585531968,1.6685550212860107,0.10909116030077744,17.0257511138916,-0.08286748826503754,1.8103800204668938,27.71289454435115,0.6049226958548938,False,0.0,False
corner_recovery,planner,8,15,18.704984384308766,-0.42399483469444904,1.7973506450653076,0.13703206066798723,17.0257511138916,-0.08286748826503754,1.7135320956894553,27.695053815164545,0.7256957616447147,False,0.0,False
corner_recovery,planner,8,16,18.546638252311006,-0.5053141830367761,1.524606466293335,0.17800655587217235,17.0257511138916,-0.08286748826503754,1.578467262167046,27.648611180439698,0.7808008693603685,False,0.0,False
corner_recovery,planner,8,17,18.380393646955824,-0.581748474848075,1.4752540588378906,0.18297395927944213,17.0257511138916,-0.08286748826503754,1.443585339064067,27.594333492566278,0.7636281646100407,False,0.0,False
corner_recovery,planner,8,18,18.23614016971862,-0.6264276097981617,2.2509303092956543,0.15101420726180848,15.272933959960938,2.399031400680542,4.23485457431932,27.531914648855587,0.48454789542399196,False,0.0,False
corner_recovery,planner,8,19,18.12581122557839,-0.5635159743063943,2.2893717288970947,0.12700531404373355,15.272933959960938,2.399031400680542,4.112857357327007,27.411735111277757,0.9617270889391686,False,0.0,False
corner_recovery,planner,8,20,18.032272570940897,-0.45277653708815285,1.5432652235031128,0.1449575898903012,15.272933959960938,2.399031400680542,3.968218502548133,27.266809900477377,0.9978785957434279,False,0.0,False
corner_recovery,planner,8,21,17.9348423454265,-0.36752808272564974,2.011227607727051,0.12946021711314304,15.272933959960938,2.399031400680542,3.839219663920861,27.138437135471182,0.9965521981724175,False,0.0,False
corner_recovery,planner,8,22,17.808384912114363,-0.377786925326453,2.308684825897217,0.1268728745295918,15.272933959960938,2.399031400680542,3.7602169547014177,27.062756200210433,0.6328083311554854,False,0.0,False
corner_recovery,planner,8,23,17.652566751745216,-0.41225572643704167,1.910595417022705,0.15958507872237498,15.272933959960938,2.399031400680542,3.683203433810312,26.986539177269144,0.4988642162398699,False,0.0,False
corner_recovery,planner,8,24,17.438316862071442,-0.42564669299584446,1.8042973279953003,0.21466796037276514,15.272933959960938,2.399031400680542,3.5591697691523194,26.857064951500142,0.5972058356966818,False,0.0,False
corner_recovery,planner,8,25,17.241727981012932,-0.3963918579786432,1.3540332317352295,0.19875370066421563,15.272933959960938,2.399031400680542,3.4191433272652993,26.707489297862907,0.7185849780898148,False,0.0,False
corner_recovery,planner,8,26,17.06294207178416,-0.3597108365109335,1.6621956825256348,0.18250999609520902,15.272933959960938,2.399031400680542,3.2885844632086263,26.564295915596986,0.7283835495506573,False,0.0,False
corner_recovery,planner,8,27,16.897121441544993,-0.3092504173313518,2.4812848567962646,0.1733284030870124,15.272933959960938,2.399031400680542,3.157970136196377,26.419280185580252,0.7649538012250072,False,0.0,False
corner_recovery,planner,8,28,16.869499505591772,-0.1522240195057179,1.978053092956543,0.15943732611875444,15.272933959960938,2.399031400680542,3.0096388089811135,26.281022554335745,0.9337368711130393,False,0.0,False
corner_recovery,planner,8,29,16.850910595756968,0.03350722027213682,1.6376672983169556,0.18665915728478322,15.272933959960938,2.399031400680542,2.8435391523970646,26.126883125032716,0.8963103943480774,False,0.0,False
corner_recovery,planner,8,30,16.80564127525722,0.20797749820773836,1.8351919651031494,0.1802475776853465,15.272933959960938,2.399031400680542,2.673931359983655,25.964470597030864,0.9446025770929605,False,0.0,False
corner_recovery,planner,8,31,16.72218783422374,0.3626229607352095,2.2000463008880615,0.17572619582937563,15.272933959960938,2.399031400680542,2.4994591667691477,25.792598607842997,0.9933311834977542,False,0.0,False
corner_recovery,planner,8,32,16.545099281204003,0.47220918838002274,2.2026984691619873,0.2082534439092058,15.272933959960938,2.399031400680542,2.3089063303625244,25.59443150779651,0.9217853063123466,False,0.0,False
corner_recovery,planner,8,33,16.353516142838256,0.5867695270241857,1.5976167917251587,0.22322224373107227,15.272933959960938,2.399031400680542,2.1099646804295937,25.383282050021588,0.9011709435832356,False,0.0,False
corner_recovery,planner,8,34,16.19238106187306,0.7128146990856278,1.6535768508911133,0.20457736853733005,15.272933959960938,2.399031400680542,1.9206014000703617,25.18310388503992,0.9325740857063257,False,0.0,False
corner_recovery,planner,8,35,16.064861466892268,0.8197399390350225,2.2938528060913086,0.16641590681873272,15.272933959960938,2.399031400680542,1.766723152353224,25.019235598968407,0.930942772005756,False,0.0,False
corner_recovery,planner,8,36,16.075898266674926,0.9587215076228719,2.196721076965332,0.13941910685620382,15.272933959960938,2.399031400680542,1.6490131187763406,24.919967730812687,0.8556202021568742,False,0.0,False
corner_recovery,planner,8,37,16.098103232864652,1.1490695802043973,1.418460488319397,0.19163885112103063,15.272933959960938,2.399031400680542,1.497767966539705,24.789241726764104,0.8111337542722801,False,0.0,False
corner_recovery,planner,8,38,16.10002351990317,1.3308369929604427,1.467389464378357,0.1817775559367461,12.900012016296387,4.691531658172607,4.640510990828624,24.652553716092974,0.735143985844078,False,0.0,False
corner_recovery,planner,8,39,16.081080895554468,1.5046052852659266,1.8274768590927124,0.17479771860061621,12.900012016296387,4.691531658172607,4.502854530285472,24.50879002364621,0.7946720152877017,False,0.0,False
corner_recovery,planner,8,40,16.028032309731266,1.6800659373447133,1.8116658926010132,0.18330464501958116,12.900012016296387,4.691531658172607,4.342054438150436,24.34168859758556,0.8819197275226559,False,0.0,False
corner_recovery,planner,8,41,15.8228130524265,1.8170431966819192,1.9740869998931885,0.2467340940045613,12.900012016296387,4.691531658172607,4.099445061474342,24.103554323032313,0.9842247484962104,False,0.0,False
corner_recovery,planner,8,42,15.631142695114983,1.9601789097361988,1.1661407947540283,0.23921822301714782,12.900012016296387,4.691531658172607,3.862559076723002,23.869808690556635,0.9908167250743474,False,0.0,False
corner_recovery,planner,8,43,15.469148310934827,2.1002249374579716,1.8857407569885254,0.21413797044558808,12.900012016296387,4.691531658172607,3.6490179255861945,23.657905586828672,0.997367220256615,False,0.0,False
corner_recovery,planner,8,44,15.346187308113429,2.2349703697602994,2.2640342712402344,0.18241639109790858,12.900012016296387,4.691531658172607,3.4667660610462496,23.475556280075587,0.9991431389801677,False,0.0,False
corner_recovery,planner,8,45,15.304511152438174,2.3970206364459754,1.8220235109329224,0.16732361125904133,12.900012016296387,4.691531658172607,3.323612029785004,23.32579996674955,0.8620201495241799,False,0.0,False
corner_recovery,planner,8,46,15.269654232149213,2.5774828917416905,1.9654172658920288,0.18379779780630356,12.900012016296387,4.691531658172607,3.1755954430626034,23.1669256216043,0.8150407981287905,False,0.0,False
corner_recovery,planner,8,47,15.201949754311572,2.704983600420681,2.189393997192383,0.14436179215052844,12.900012016296387,4.691531658172607,3.040606935375965,23.026438469601224,0.9379267152680504,False,0.0,False
corner_recovery,planner,8,48,15.04253082206766,2.7119818219279703,1.7989168167114258,0.15957246335773081,12.900012016296387,4.691531658172607,2.9170197783456544,22.916223643048266,0.7849897066306549,False,0.0,False
corner_recovery,planner,8,49,14.829154328730109,2.745974047238941,1.7902718782424927,0.21606711755984895,12.900012016296387,4.691531658172607,2.739851178273018,22.75093909454832,0.8321048811587116,False,0.0,False
corner_recovery,planner,8,50,14.636218768678804,2.7823264120933517,1.547101378440857,0.19633039694051194,12.900012016296387,4.691531658172607,2.5805965509305886,22.597946447062927,0.82341056122326,False,0.0,False
corner_recovery,planner,8,51,14.460051766190565,2.8299049951090014,1.9144097566604614,0.1824788599467568,12.900012016296387,4.691531658172607,2.4288634901696775,22.44783418412328,0.8424208604177895,False,0.0,False
corner_recovery,planner,8,52,14.296588223470794,2.8891036813667252,2.326502561569214,0.1738528523008437,12.900012016296387,4.691531658172607,2.280169229249925,22.297426032134325,0.8648967131631421,False,0.0,False
corner_recovery,planner,8,53,14.174018687477927,2.961477922245559,1.9642938375473022,0.14234227023724902,12.900012016296387,4.691531658172607,2.1485294802283277,22.163349032740946,0.9293286454156059,False,0.0,False
corner_recovery,planner,8,54,14.11484664874462,2.960994305627918,1.9473310708999634,0.0591740150140988,12.900012016296387,4.691531658172607,2.114375253531884,22.125926217232614,0.5863660578943737,False,0.0,False
corner_recovery,planner,8,55,14.053217005063665,2.922171714854704,1.6094450950622559,0.0728382216599636,12.900012016296387,4.691531658172607,2.111993455277661,22.116625581863055,0.04990594866055718,False,0.0,False
corner_recovery,planner,8,56,13.966720126879341,2.8575664969601444,1.6502735614776611,0.1079608452858594,12.900012016296387,4.691531658172607,2.121625415978163,22.11181352826402,-0.06386161695423027,False,0.0,False
corner_recovery,planner,8,57,13.876962248860169,2.826938922501939,1.233071208000183,0.0948394695456358,12.900012016296387,4.691531658172607,2.1050267995496528,22.079042280582943,0.19668405563656274,False,0.0,False
corner_recovery,planner,8,58,13.77896008629112,2.7822019132471665,1.8754912614822388,0.10773032936583792,12.900012016296387,4.691531658172607,2.101925256664593,22.052489927801652,0.05435749317780887,False,0.0,False
corner_recovery,planner,8,59,13.69195981551138,2.787872458229053,1.8849085569381714,0.08718487366590394,12.900012016296387,4.691531658172607,2.061819503790573,21.99379680964086,0.47635885534663464,False,0.0,False
corner_recovery,planner,8,60,13.638826238969394,2.8848911225504077,1.2652016878128052,0.11061554223002673,12.900012016296387,4.691531658172607,1.9518699958186734,21.88480141705092,0.9943008963321345,False,0.0,False
corner_recovery,planner,8,61,13.63396824210934,3.0134153668137964,1.4869028329849243,0.12861602348450793,12.900012016296387,4.691531658172607,1.831602038853813,21.781394526688224,0.9392312628805397,False,0.0,False
corner_recovery,planner,8,62,13.653071292047851,3.1363759663345188,2.2612130641937256,0.12443566832483655,12.900012016296387,4.691531658172607,1.7278910552033437,21.69765358868468,0.8438234105160707,False,0.0,False
corner_recovery,planner,8,63,13.662685509044987,3.2393058655764415,2.2282941341400146,0.10337793442713192,12.429635047912598,7.774738311767578,4.700059671287389,21.623825822152014,0.9390202718662594,False,0.0,False
corner_recovery,planner,8,64,13.68695246571904,3.298306297807329,2.2694337368011475,0.06379605152085766,12.429635047912598,7.774738311767578,4.64965489737977,21.59349995532718,0.7926425161039222,False,0.0,False
corner_recovery,planner,8,65,13.677903383946276,3.3142461884569383,1.917130708694458,0.01832937518988743,12.429635047912598,7.774738311767578,4.631863968302669,21.575435597919984,0.9707379722891285,False,0.0,False
corner_recovery,planner,8,66,13.622092797272717,3.3399972921112,1.7834153175354004,0.06146495687999256,12.429635047912598,7.774738311767578,4.592263428357731,21.520155724445196,0.6481591880424413,False,0.0,False
corner_recovery,planner,8,67,13.554658367529191,3.390614899513052,1.8414502143859863,0.08431811486224429,12.429635047912598,7.774738311767578,4.5261700767381035,21.438293702547945,0.7873967731782536,False,0.0,False
corner_recovery,planner,8,68,13.501600861353102,3.4879084983320565,2.2549455165863037,0.11082032003553816,12.429635047912598,7.774738311767578,4.418825698592873,21.329378602733495,0.9693903570903297,False,0.0,False
corner_recovery,planner,8,69,13.480143705937216,3.681647171093007,2.058687210083008,0.1949232742432679,12.429635047912598,7.774738311767578,4.225750054895976,21.1660793105718,0.9909373873793413,False,0.0,False
corner_recovery,planner,8,70,13.458253662295416,3.8630104741321567,1.332127571105957,0.18267956015906733,12.429635047912598,7.774738311767578,4.044709004314985,21.012544410343466,0.9914166953355096,False,0.0,False
corner_recovery,planner,8,71,13.4159521876927,4.027207888660839,1.6731407642364502,0.1695588561280954,12.429635047912598,7.774738311767578,3.8751523547254987,20.85947892289055,0.9999875321252972,False,0.0,False
corner_recovery,planner,8,72,13.36254770359183,4.181506318861611,2.3121771812438965,0.1632790387174744,12.429635047912598,7.774738311767578,3.7123634221300947,20.707062164174385,0.9971246366887249,False,0.0,False
corner_recovery,planner,8,73,13.269389642340377,4.291516835686497,2.430710554122925,0.144155257234025,12.429635047912598,7.774738311767578,3.5830182291323935,20.56290701247688,0.9010475609668174,False,0.0,False
corner_recovery,planner,8,74,13.078406435023274,4.324467405285475,1.8116847276687622,0.19380486452621543,12.429635047912598,7.774738311767578,3.510736908520823,20.414872936357348,0.39624227590878397,False,0.0,False
corner_recovery,planner,8,75,12.9063105899775,4.394941771537063,1.7869240045547485,0.18596670718325406,12.429635047912598,7.774738311767578,3.413245409541633,20.25069616972918,0.5434481319206566,False,0.0,False
corner_recovery,planner,8,76,12.780976703953062,4.479800360182188,2.346545457839966,0.15135905342208378,12.429635047912598,7.774738311767578,3.313616915708118,20.10547095610525,0.6707920904513502,False,0.0,False
corner_recovery,planner,8,77,12.804293309003194,4.5730449734618075,2.281123399734497,0.09611566977725132,12.429635047912598,7.774738311767578,3.223539831482617,20.048462996793944,0.9389388750055807,False,0.0,False
corner_recovery,planner,8,78,12.876290205247312,4.713532805019861,1.7537704706192017,0.15786191397759725,12.429635047912598,7.774738311767578,3.093619237093706,19.98686890818449,0.830902312199823,False,0.0,False
corner_recovery,planner,8,79,12.91422818956385,4.862473376950092,1.7049570083618164,0.1536964040597769,12.429635047912598,7.774738311767578,2.9523071594098957,19.89778887202471,0.9232653498798158,False,0.0,False
corner_recovery,planner,8,80,12.923872612386425,5.004762329385453,1.427456259727478,0.1426154300092837,12.429635047912598,7.774738311767578,2.813723105266551,19.79605102285326,0.973078741220774,False,0.0,False
corner_recovery,planner,8,81,12.911558268599098,5.146261908521362,2.198367118835449,0.14203441117754528,12.429635047912598,7.774738311767578,2.672290813713772,19.68100282540687,0.9959742885882844,False,0.0,False
corner_recovery,planner,8,82,12.865588612366782,5.275332817259519,2.2365400791168213,0.13701280515561678,12.429635047912598,7.774738311767578,2.537140779763193,19.553495697320628,0.9870967311567551,False,0.0,False
corner_recovery,planner,8,83,12.745021787264712,5.421709680031939,1.9415011405944824,0.18963793204496046,12.429635047912598,7.774738311767578,2.3740708787074687,19.363938881620307,0.8696393934960449,False,0.0,False
corner_recovery,planner,8,84,12.641590011643268,5.558716278612732,1.6669907569885254,0.17166519817040143,12.429635047912598,7.774738311767578,2.2261353413657954,19.192719284772643,0.8710722905234103,False,0.0,False
corner_recovery,planner,8,85,12.590978457093636,5.703173369255764,2.506422996520996,0.15306658842144347,12.429635047912598,7.774738311767578,2.0778385420263374,19.05077400570784,0.9709477183041366,False,0.0,False
corner_recovery,planner,8,86,12.661324969346815,5.857073830681339,1.9945199489593506,0.16921579067330386,12.429635047912598,7.774738311767578,1.9316100231966986,18.982400022394526,0.874465730257786,False,0.0,False
corner_recovery,planner,8,87,12.750648212777616,6.044232718616635,1.9011603593826294,0.2073815111097778,12.429635047912598,7.774738311767578,1.7600281418043728,18.903504179335098,0.8443069623238693,False,0.0,False
corner_recovery,planner,8,88,12.833450554378674,6.2132604066582315,1.2097742557525635,0.18821951838028286,12.429635047912598,7.774738311767578,1.6128484775102485,18.83538270772059,0.8027330997719242,False,0.0,False
corner_recovery,planner,8,89,12.8973724324546,6.370681484554216,2.1683785915374756,0.16990409725102926,12.429635047912598,7.774738311767578,1.4799168337925774,18.764342217538914,0.8028217309527332,False,0.0,False
corner_recovery,planner,8,90,12.813139780080723,6.510586471098148,2.009737253189087,0.1633050672385778,11.552350044250488,10.650186538696289,4.327340924590228,18.604860342867596,0.9719475145342367,False,0.0,False
corner_recovery,planner,8,91,12.673179837301362,6.678562103042415,1.6634793281555176,0.21864262738514176,11.552350044250488,10.650186538696289,4.126749336084447,18.386685259477293,0.921439639721969,False,0.0,False
corner_recovery,planner,8,92,12.562410333818846,6.845255862634861,1.4406936168670654,0.2001416807884537,11.552350044250488,10.650186538696289,3.9367142693109174,18.189597211449765,0.9518899168650368,False,0.0,False
corner_recovery,planner,8,93,12.482497274382274,7.006115910580737,2.362518548965454,0.1796164026297786,11.552350044250488,10.650186538696289,3.760907418750999,18.018150902193707,0.9797480588563693,False,0.0,False
corner_recovery,planner,8,94,12.46621635985113,7.1650602738245714,2.2652013301849365,0.15977602694070941,11.552350044250488,10.650186538696289,3.602951113308114,17.892518774761033,0.9890918940437379,False,0.0,False
corner_recovery,planner,8,95,12.565080931214755,7.337847320548578,1.9607436656951904,0.1990717634083684,11.552350044250488,10.650186538696289,3.463699603818267,17.838480016125686,0.7136126145897281,False,0.0,False
corner_recovery,planner,8,96,12.64291135029475,7.503695787643603,1.7846240997314453,0.18320286070893446,11.552350044250488,10.650186538696289,3.3301243233100264,17.77641207834607,0.7414986016845365,False,0.0,False
corner_recovery,planner,8,97,12.69529288256019,7.647809235304988,2.225372552871704,0.1533378972052441,11.552350044250488,10.650186538696289,3.212567167167507,17.712907103617976,0.7761452532033732,False,0.0,False
corner_recovery,planner,8,98,12.717452903191074,7.799031572653423,2.2055840492248535,0.1528373705200567,11.552350044250488,10.650186538696289,3.0800242389147563,17.623769145957144,0.8731132352380224,False,0.0,False
corner_recovery,planner,8,99,12.64457164744527,7.996260930327528,2.1036102771759033,0.21026435020617623,11.552350044250488,10.650186538696289,2.8698900963696983,17.434877223547005,0.9994230048380923,False,0.0,False
corner_recovery,planner,8,100,12.592642465875587,8.194913761862038,1.5991394519805908,0.2053279994914854,11.552350044250488,10.650186538696289,2.6665657185139815,17.260785189650193,0.9909365953411368,False,0.0,False
corner_recovery,planner,8,101,12.570664004175391,8.391965888374305,2.3319687843322754,0.19827403597474202,11.552350044250488,10.650186538696289,2.4772008046419214,17.110466079056312,0.9583326075180105,False,0.0,False
corner_recovery,planner,8,102,12.56625252259208,8.57959270389145,2.3793118000030518,0.18767866972798145,11.552350044250488,10.650186538696289,2.305505815286318,16.980471291179207,0.9210124180080982,False,0.0,False
corner_recovery,planner,8,103,12.646696630970833,8.734257432016651,1.9886120557785034,0.1743342556667938,11.552350044250488,10.650186538696289,2.2064402991444623,16.936820577779084,0.5938500712964003,False,0.0,False
corner_recovery,planner,8,104,12.72884882254567,8.879534705191618,1.6402103900909424,0.16689658079691957,11.552350044250488,10.650186538696289,2.125878004689711,16.902317613873546,0.5117158074356583,False,0.0,False
corner_recovery,planner,8,105,12.790800770865399,9.01395270474128,1.4301626682281494,0.14800757583158788,11.552350044250488,10.650186538696289,2.0520773283753484,16.861133400030745,0.5247835968506975,False,0.0,False
corner_recovery,planner,8,106,12.84161896842645,9.147915473198147,2.1293044090270996,0.1432777461296139,11.552350044250488,10.650186538696289,1.979654695415028,16.81293895507571,0.5314610136217899,False,0.0,False
corner_recovery,planner,8,107,12.880773238898689,9.30703138592533,2.21321702003479,0.16386253561817474,11.552350044250488,10.650186538696289,1.8891198872741009,16.740785435979838,0.5812575232349249,False,0.0,False
corner_recovery,planner,8,108,12.820933922361572,9.524494628564003,2.227275848388672,0.22554601681820066,11.552350044250488,10.650186538696289,1.6960210294511773,16.556344990019568,0.8720798639120328,False,0.0,False
corner_recovery,planner,8,109,12.740653638045345,9.715702226362243,1.5518298149108887,0.20737711905045778,9.929605484008789,15.379069328308105,6.322635420116757,16.373485756597116,0.9981270346557642,False,0.0,False
corner_recovery,planner,8,110,12.694836421318284,9.911505239509639,2.4222970008850098,0.20109211149673104,9.929605484008789,15.379069328308105,6.127051428033892,16.215319864143,0.9734682166284105,False,0.0,False
corner_recovery,planner,8,111,12.704352757847612,10.090207463417876,2.4428513050079346,0.17895542878239032,9.929605484008789,15.379069328308105,5.972544035799664,16.11224897753039,0.867102392971636,False,0.0,False
corner_recovery,planner,8,112,12.860206981829137,10.253534178328437,1.8392236232757568,0.22575684914606417,9.929605484008789,15.379069328308105,5.904196449365822,16.13624862316204,0.319915955765954,False,0.0,False
corner_recovery,planner,8,113,12.995485859540414,10.454793025174707,1.9088459014892578,0.24249844986868135,9.929605484008789,15.379069328308105,5.8006999221362125,16.124317936513417,0.44358795007283075,False,0.0,False
corner_recovery,planner,8,114,13.09488956447793,10.651355044386966,2.2150886058807373,0.22026739194012554,9.929605484008789,15.379069328308105,5.689490808540193,16.08953993164447,0.5190288858682544,False,0.0,False
corner_recovery,planner,8,115,13.177667011631254,10.844264399196256,2.328662157058716,0.2099193295772398,9.929605484008789,15.379069328308105,5.578024689109784,16.046133561118694,0.5442414971028353,False,0.0,False
corner_recovery,planner,8,116,13.160132183426457,11.01962722110591,2.0462214946746826,0.17623731020498765,9.929605484008789,15.379069328308105,5.425959660898515,15.932236953207756,0.8668787246909001,False,0.0,False
corner_recovery,planner,8,117,13.122638882587816,11.168412805026875,1.402429223060608,0.15343694988652296,9.929605484008789,15.379069328308105,5.284419612548942,15.817730040218125,0.9245714944904125,False,0.0,False
corner_recovery,planner,8,118,13.105946602939113,11.33319677376978,1.784459114074707,0.16562725788508673,9.929605484008789,15.379069328308105,5.143756179230701,15.712393659824267,0.8536451082692708,False,0.0,False
corner_recovery,planner,8,119,13.091244994433868,11.52093979293385,2.256718873977661,0.18831775948508428,9.929605484008789,15.379069328308105,4.988098626291194,15.597280452032093,0.8323675182832961,False,0.0,False
corner_recovery,planner,8,120,13.11097681192458,11.716980877106119,2.070239305496216,0.1970315997623863,9.929605484008789,15.379069328308105,4.8509808647851465,15.508259694532128,0.706102754445829,False,0.0,False
corner_recovery,planner,8,121,13.149499925233773,11.920819962425766,1.876620888710022,0.20744734985770039,9.929605484008789,15.379069328308105,4.725167604356184,15.43316229303836,0.6200000942544964,False,0.0,False
corner_recovery,planner,8,122,13.147025848975602,12.067695042634414,2.3146891593933105,0.14689591634769192,9.929605484008789,15.379069328308105,4.617032972020465,15.35466543465794,0.7432518388386019,False,0.0,False
corner_recovery,planner,8,123,13.075919579990535,12.185745130282346,2.191506862640381,0.13781119215310905,9.929605484008789,15.379069328308105,4.48292447229153,15.232933139460894,0.9739233256796833,False,0.0,False
corner_recovery,planner,8,124,12.966847438669609,12.308095360217061,2.1977999210357666,0.1639094590846112,9.929605484008789,15.379069328308105,4.319226759947286,15.076621952056996,0.9987553516893137,False,0.0,False
corner_recovery,planner,8,125,12.882814920282641,12.444423473081576,1.3994371891021729,0.16014624099133878,9.929605484008789,15.379069328308105,4.163363096115347,14.934980981721326,0.9742365922007139,False,0.0,False
corner_recovery,planner,8,126,12.85849092104248,12.548230389179421,2.0034823417663574,0.1066186323715534,9.929605484008789,15.379069328308105,4.073330210350647,14.861684261862145,0.8481124526602475,False,0.0,False
corner_recovery,planner,8,127,12.95023609513397,12.627368637967681,2.2434706687927246,0.1211612124004645,9.929605484008789,15.379069328308105,4.086081983769593,14.901822308702156,-0.0905385728527371,False,0.0,False
corner_recovery,planner,8,128,13.074103842266444,12.712211489899207,1.7842652797698975,0.15013836386330234,9.929605484008789,15.379069328308105,4.123105705092712,14.968101170366378,-0.22934261966589584,False,0.0,False
corner_recovery,planner,8,129,13.188697510782657,12.856431993529618,2.0593185424804688,0.18420440421285517,9.929605484008789,15.379069328308105,4.121332304219026,14.999076834725258,0.031963347572584365,False,0.0,False
corner_recovery,planner,8,130,13.26207121168934,12.997475159549806,1.9898494482040405,0.15898702672149612,9.929605484008789,15.379069328308105,4.0960125257168105,14.997262649065036,0.17805598436520034,False,0.0,False
corner_recovery,planner,8,131,13.318737036148157,13.13795298592579,2.1345338821411133,0.1514761874517521,9.929605484008789,15.379069328308105,4.063104125886967,14.98253801802049,0.23486927087206247,False,0.0,False
corner_recovery,planner,8,132,13.296595261954243,13.288212208072261,2.0343310832977295,0.15188183566350882,9.929605484008789,15.379069328308105,3.9633702403421895,14.894547355461805,0.667285639090078,False,0.0,False
corner_recovery,planner,8,133,13.235118192116621,13.446218877852214,1.0440751314163208,0.16954509078935567,9.929605484008789,15.379069328308105,3.8291415653237366,14.768899774740062,0.7996816263829176,False,0.0,False
corner_recovery,planner,8,134,13.198555258693146,13.598909113707627,2.0995728969573975,0.15700686681196846,9.929605484008789,15.379069328308105,3.72223091963077,14.668872671454743,0.6919254502261901,False,0.0,False
corner_recovery,planner,8,135,13.191538989951502,13.765177882061149,1.9766350984573364,0.16641674001389423,9.929605484008789,15.379069328308105,3.6393482654811713,14.590740480378306,0.5148522634350375,False,0.0,False
corner_recovery,planner,8,136,13.220230490591709,13.93596655031568,1.9702190160751343,0.17318190267214167,9.929605484008789,15.379069328308105,3.593154402721694,14.544655234939775,0.2888362417908599,False,0.0,False
corner_recovery,planner,8,137,13.26502032722133,14.068245685119717,1.9440760612487793,0.13965636029129788,9.929605484008789,15.379069328308105,3.5837481496143426,14.530879998599394,0.08669835630557828,False,0.0,False
corner_recovery,planner,8,138,13.338089013469203,14.13771412306301,1.9212539196014404,0.10082111277044647,9.929605484008789,15.379069328308105,3.6274953778319294,14.569523473132632,-0.42249135392777737,False,0.0,False
corner_recovery,planner,8,139,13.300169912601415,14.169407541704608,2.0025196075439453,0.04941994532385749,9.929605484008789,15.379069328308105,3.5810593691340418,14.522063493828934,0.9404185578222924,False,0.0,False
corner_recovery,planner,8,140,13.205149374938019,14.18507057125799,1.9950398206710815,0.09630281965047047,9.929605484008789,15.379069328308105,3.4863764589098833,14.428768979912174,0.9836275534260367,False,0.0,False
corner_recovery,planner,8,141,13.0962583761993,14.228351192360286,1.6360431909561157,0.11717705308342675,9.929605484008789,15.379069328308105,3.369249585296072,14.311670531943477,0.9995861536167592,False,0.0,False
corner_recovery,planner,8,142,13.008071009730148,14.258864442065052,1.8683416843414307,0.09331704031049119,9.929605484008789,15.379069328308105,3.2759439830707877,14.218669026627174,0.9998808223283069,False,0.0,False
corner_recovery,planner,8,143,12.935982328983847,14.274311827555152,1.824793815612793,0.07372516266663556,9.929605484008789,15.379069328308105,3.20293472763216,14.146488746818314,0.9905069866742753,False,0.0,False
corner_recovery,planner,8,144,12.898557526508911,14.238727311774024,2.025041341781616,0.05164178156943587,9.929605484008789,15.379069328308105,3.180417605494389,14.126749422735516,0.44255425022267986,False,0.0,False
corner_recovery,planner,8,145,12.845028184124972,14.243508898422279,2.0363316535949707,0.0537424791662215,9.929605484008789,15.379069328308105,3.1287676504136925,14.075934741732372,0.9617090025196685,False,0.0,False
corner_recovery,planner,8,146,12.765018635799503,14.263969137366118,1.5408034324645996,0.0825841946190949,9.929605484008789,15.379069328308105,3.0468042564606295,13.994561473279433,0.9926804862597196,False,0.0,False
corner_recovery,planner,8,147,12.604830369741922,14.246096341547796,1.8135433197021484,0.1611822490626614,9.929605484008789,15.379069328308105,2.905246285252669,13.856015154463348,0.8842967358883725,False,0.0,False
corner_recovery,planner,8,148,12.397341907985794,14.271130754597243,2.1173019409179688,0.20899326208912705,9.929605484008789,15.379069328308105,2.7050417633262667,13.657013920122598,0.9609087758843292,False,0.0,False
corner_recovery,planner,8,149,12.171511291545425,14.338697508411942,1.5053036212921143,0.23572172904272798,9.929605484008789,15.379069328308105,2.4715410523599544,13.423711596331282,0.9913949945705532,False,0.0,False
corner_recovery,planner,8,150,11.97598538688881,14.395963721209847,1.7280899286270142,0.20373953597670363,9.929605484008789,15.379069328308105,2.2702791329744634,13.222308746999161,0.9888356569302386,False,0.0,False
corner_recovery,planner,8,151,11.864187427554196,14.4409606648407,2.1355478763580322,0.12051352060039686,9.929605484008789,15.379069328308105,2.15003608359593,13.101979302608573,0.9978746793459373,False,0.0,False
corner_recovery,planner,8,152,11.823313130942804,14.480348932003967,1.3896805047988892,0.05676392968779467,7.817266464233398,17.349905014038086,4.92775425562117,13.048267367921087,0.9896999948153742,False,0.0,False
corner_recovery,planner,8,153,11.799539613582187,14.529745912024625,1.4740241765975952,0.05482008539629297,7.817266464233398,17.349905014038086,4.879733271060386,13.00587616731401,0.8772684688312941,False,0.0,False
corner_recovery,planner,8,154,11.79865866848159,14.587144470083986,1.632705807685852,0.05740531797285121,7.817266464233398,17.349905014038086,4.846063320601354,12.981038146584353,0.5903886595721872,False,0.0,False
corner_recovery,planner,8,155,11.799965052149366,14.703791876488857,2.140270233154297,0.11665472154726778,7.817266464233398,17.349905014038086,4.781610897898162,12.934024730125259,0.5608677843996361,False,0.0,False
corner_recovery,planner,8,156,11.79007825582265,14.837206093272831,1.8591753244400024,0.13378005076126706,7.817266464233398,17.349905014038086,4.70073285752397,12.870912407508694,0.6134359314213551,False,0.0,False
corner_recovery,planner,8,157,11.788749809272451,14.93858834886872,1.4813899993896484,0.10139095876825904,7.817266464233398,17.349905014038086,4.646195004479051,12.829361245511357,0.5455608655811587,False,0.0,False
corner_recovery,planner,8,158,11.879939106313659,14.976610129867636,2.0729174613952637,0.09879850062222154,7.817266464233398,17.349905014038086,4.705086354567473,12.898348691094881,-0.589220828248347,False,0.0,False
corner_recovery,planner,8,159,11.981080183226723,14.950516368032556,2.3553388118743896,0.1044528690167977,7.817266464233398,17.349905014038086,4.805664424515851,13.001675557650838,-0.9620955930569994,False,0.0,False
corner_recovery,planner,8,160,12.163815055577306,14.880189254579113,1.5974090099334717,0.19580075704572042,7.817266464233398,17.349905014038086,4.999197994622109,13.197380754347293,-0.9879519065317401,False,0.0,False
corner_recovery,planner,8,161,12.335864082733442,14.847113446562851,1.7224897146224976,0.1751995343067486,7.817266464233398,17.349905014038086,5.165432224716477,13.368836243303543,-0.9470805723698963,False,0.0,False
corner_recovery,planner,8,162,12.490425879596721,14.808118557409411,1.469399333000183,0.1594049887227324,7.817266464233398,17.349905014038086,5.319689587983477,13.526506258735699,-0.9667267879701434,False,0.0,False
corner_recovery,planner,8,163,12.63449606380482,14.787545784352968,1.8314244747161865,0.14553163562946517,7.817266464233398,17.349905014038086,5.456316141586697,13.667485860117653,-0.9371872217789818,False,0.0,False
corner_recovery,planner,8,164,12.713604569173013,14.878021375593892,2.0177087783813477,0.12018314454192101,7.817266464233398,17.349905014038086,5.484918920083665,13.706582585391955,-0.22760384512461518,False,0.0,False
corner_recovery,planner,8,165,12.702765008429513,15.047686523436003,1.5710835456848145,0.1700110539623738,7.817266464233398,17.349905014038086,5.400769019668632,13.633988691118187,0.5066683700292072,False,0.0,False
corner_recovery,planner,8,166,12.696750685829976,15.194976953760499,2.1187236309051514,0.14741317085493583,7.817266464233398,17.349905014038086,5.3341429690046445,13.57555613789051,0.4628276937824753,False,0.0,False
corner_recovery,planner,8,167,12.707090739273468,15.339579485296541,2.024785041809082,0.1449717518409931,7.817266464233398,17.349905014038086,5.286945259058497,13.534758011504985,0.33771357560425924,False,0.0,False
corner_recovery,planner,8,168,12.733841578545816,15.495555655479171,1.3155032396316528,0.15825350886035866,7.817266464233398,17.349905014038086,5.2546476949709975,13.507062604444679,0.2184305700958391,False,0.0,False
corner_recovery,planner,8,169,12.699531372547964,15.58888465093262,2.021031618118286,0.09943586690910332,7.817266464233398,17.349905014038086,5.190154463427071,13.443810312002615,0.654072677987764,False,0.0,False
corner_recovery,planner,8,170,12.581417577994577,15.620752656733199,1.14926278591156,0.12233739517214513,7.817266464233398,17.349905014038086,5.068244637892386,13.321781996616679,0.9965872333397209,False,0.0,False
corner_recovery,planner,8,171,12.450059963979552,15.645596313424731,1.6761250495910645,0.13368631207990964,7.817266464233398,17.349905014038086,4.936339104870794,13.18957256973655,0.9870284411344421,False,0.0,False
corner_recovery,planner,8,172,12.323844735531232,15.636970809960557,1.9375717639923096,0.12650961703472224,7.817266464233398,17.349905014038086,4.821140041819205,13.07337648729727,0.9127841610281191,False,0.0,False
corner_recovery,planner,8,173,12.284600717822318,15.594264578623054,1.5042036771774292,0.057999268279779415,7.817266464233398,17.349905014038086,4.7999321528281165,13.05074401708562,0.3708687175708159,False,0.0,False
corner_recovery,planner,8,174,12.262402490380236,15.556015495386257,1.9744963645935059,0.04422390383068732,7.817266464233398,17.349905014038086,4.793461577615636,13.042833783857343,0.15082207827820573,False,0.0,False
corner_recovery,planner,8,175,12.264742959521982,15.524531179048916,1.7597885131835938,0.031571188939177236,7.817266464233398,17.349905014038086,4.807497978533895,13.05579338954356,-0.4419530480657924,False,0.0,False
corner_recovery,planner,8,176,12.301011636382126,15.502114453399367,1.8056882619857788,0.04263714941260425,7.817266464233398,17.349905014038086,4.849567065703142,13.097551743311701,-0.9865594494783309,False,0.0,False
corner_recovery,planner,8,177,12.369800851869211,15.442009486537664,1.8190521001815796,0.09134858077044745,7.817266464233398,17.349905014038086,4.936155862051227,13.1828392478903,-0.9469383547630634,False,0.0,False
corner_recovery,planner,8,178,12.40565411961214,15.352671943671494,2.0935750007629395,0.09626345814072437,7.817266464233398,17.349905014038086,5.004222338525538,13.24756250027105,-0.7022095805130912,False,0.0,False
corner_recovery,planner,8,179,12.300679851334976,15.218374820753684,2.4854776859283447,0.17045619444398988,7.817266464233398,17.349905014038086,4.964314309602554,13.197373381087642,0.2502225174675119,False,0.0,False
corner_recovery,planner,8,180,12.211455673999914,15.060501719906384,1.567580223083496,0.1813418589081422,7.817266464233398,17.349905014038086,4.954822525016367,13.172634244414157,0.07055644285671217,False,0.0,False
corner_recovery,planner,8,181,12.134195150011218,14.90982669320581,1.299835205078125,0.1693285334437957,7.817266464233398,17.349905014038086,4.958815936278243,13.158592486727288,-0.00650606466922754,False,0.0,False
corner_recovery,planner,8,182,12.085999682936437,14.763125109982974,1.6813884973526,0.15441553537984054,7.817266464233398,17.349905014038086,4.991343863578443,13.171797407705242,-0.19577300769231232,False,0.0,False
corner_recovery,planner,8,183,12.095269459148913,14.624882638465442,2.0426387786865234,0.13855291293330924,7.817266464233398,17.349905014038086,5.072184595603524,13.235838845335444,-0.5743103190008823,False,0.0,False
corner_recovery,planner,8,184,12.267498360046265,14.495693417407303,1.981224536895752,0.21529665381031493,7.817266464233398,17.349905014038086,5.286878830165471,13.445776547634246,-0.9970833077444882,False,0.0,False
corner_recovery,planner,8,185,12.404492099797926,14.358690894920988,1.6198275089263916,0.1937446151477738,7.817266464233398,17.349905014038086,5.476312713677503,13.627024351376075,-0.9769441507109479,False,0.0,False
corner_recovery,planner,8,186,12.525594609962859,14.221280248127444,1.4060533046722412,0.18315977675370712,7.817266464233398,17.349905014038086,5.653021037793653,13.794351101223016,-0.9636195961107971,False,0.0,False
corner_recovery,planner,8,187,12.632532493952906,14.089500954760775,1.6642601490020752,0.16971002678830627,7.817266464233398,17.349905014038086,5.815240456483519,13.946859007480855,-0.954566492440984,False,0.0,False
corner_recovery,planner,8,188,12.699795857100208,13.944520258804435,1.774072527885437,0.15982416031961633,7.817266464233398,17.349905014038086,5.952792504647386,14.069600197164435,-0.8570830534486844,False,0.0,False
corner_recovery,planner,8,189,12.687126819574019,13.739242777274558,1.4039644002914429,0.20566805521297815,7.817266464233398,17.349905014038086,6.062377559052922,14.147800816305802,-0.5204543367818583,False,0.0,False
corner_recovery,planner,8,190,12.686098938032536,13.537690512051425,1.4826158285140991,0.20155488621474726,7.817266464233398,17.349905014038086,6.183729381779125,14.237224103861696,-0.5914808390541537,False,0.0,False
corner_recovery,planner,8,191,12.690281201560994,13.355158201717495,2.050076723098755,0.18258021701176544,7.817266464233398,17.349905014038086,6.301132812816871,14.324704516983749,-0.6343650607825168,False,0.0,False
corner_recovery,planner,8,192,12.711785484261014,13.179926960212832,1.9412286281585693,0.1765458075789626,7.817266464233398,17.349905014038086,6.430010373770508,14.425771607297158,-0.7234512930466968,False,0.0,False
corner_recovery,planner,8,193,12.800062554456556,13.008745305200463,1.911963939666748,0.19260321943073055,7.817266464233398,17.349905014038086,6.6086250078498425,14.58489779208471,-0.9252744557608883,False,0.0,False
corner_recovery,planner,8,194,12.901273618089128,12.810101908197703,1.7297700643539429,0.22294142408810608,7.817266464233398,17.349905014038086,6.815932876742128,14.769478512774404,-0.9275932663855831,False,0.0,False
corner_recovery,planner,8,195,12.942218165432845,12.681868730221659,2.264310598373413,0.1346113066982775,7.817266464233398,17.349905014038086,6.93222133855042,14.867954005960856,-0.8613780342535785,False,0.0,False
corner_recovery,planner,8,196,12.909620917063002,12.545124945754669,2.5634138584136963,0.14057540037872868,7.817266464233398,17.349905014038086,7.001284551982378,14.907497251271922,-0.48359746070694754,False,0.0,False
corner_recovery,planner,8,197,12.850554834648474,12.39321429381488,1.797918438911438,0.16298971827870418,7.817266464233398,17.349905014038086,7.064189600775342,14.933182793300613,-0.376038718948374,False,0.0,False
corner_recovery,planner,8,198,12.815077000853059,12.262574062843779,2.1559159755706787,0.13537188274895876,7.817266464233398,17.349905014038086,7.131552872055711,14.969768156881083,-0.4904074647870796,False,0.0,False
corner_recovery,planner,8,199,12.834079021750291,12.144326834803504,2.2570390701293945,0.11976428406410503,7.817266464233398,17.349905014038086,7.229554095335508,15.04743118325913,-0.8155098250740186,False,0.0,False
corner_recovery,planner,8,200,12.97302374258047,12.034706466536182,1.7213773727416992,0.17698096108237024,7.817266464233398,17.349905014038086,7.404942181583537,15.223181208269088,-0.9907804023209603,False,0.0,False
corner_recovery,planner,8,201,13.096169619172954,11.91888894869769,1.666748285293579,0.1690520758819628,7.817266464233398,17.349905014038086,7.573820305580023,15.388762605148896,-0.9989475367385126,False,0.0,False
corner_recovery,planner,8,202,13.20823352160534,11.81234954535598,1.130654215812683,0.15462523304035092,7.817266464233398,17.349905014038086,7.728327528152556,15.540111091259657,-0.9992212214109538,False,0.0,False
corner_recovery,planner,8,203,13.308191452047186,11.700639674082387,1.1621557474136353,0.14990224547410785,7.817266464233398,17.349905014038086,7.878099777422384,15.683983599320584,-0.9991159800338147,False,0.0,False
corner_recovery,planner,8,204,13.36922361770452,11.599217900802646,1.4331485033035278,0.1183693429061403,7.817266464233398,17.349905014038086,7.993411693908385,15.789530709251084,-0.973787373980254,False,0.0,False
corner_recovery,planner,8,205,13.363195511948076,11.552695284640055,2.1986801624298096,0.046911532416055425,7.817266464233398,17.349905014038086,8.022778175227868,15.809236263801347,-0.6242125766870064,False,0.0,False
corner_recovery,planner,8,206,13.341400589726572,11.551099976713553,1.778744101524353,0.02185322955587538,7.817266464233398,17.349905014038086,8.008882424991555,15.791671263645474,0.6366784006410121,False,0.0,False
corner_recovery,planner,8,207,13.234065486826838,11.624026377725428,1.2835304737091064,0.12976549725963873,7.817266464233398,17.349905014038086,7.882093491512959,15.661973803791803,0.977429373657087,False,0.0,False
corner_recovery,planner,8,208,13.145245818547831,11.6798407120691,1.990534782409668,0.10490077879319959,7.817266464233398,17.349905014038086,7.780552241869718,15.557073574634533,0.9683936189722225,False,0.0,False
corner_recovery,planner,8,209,13.072398544898695,11.729628704614397,1.6033997535705566,0.08823587410913325,7.817266464233398,17.349905014038086,7.694408293007768,15.468892820115073,0.9765573484333392,False,0.0,False
corner_recovery,planner,8,210,13.008513486844306,11.738242366903178,2.149190664291382,0.06446313536152111,7.817266464233398,17.349905014038086,7.6445930771373165,15.410323238837133,0.7744580214996544,False,0.0,False
corner_recovery,planner,8,211,12.971633072048496,11.753244495776373,1.6679893732070923,0.03981493270418755,7.817266464233398,17.349905014038086,7.608554664614612,15.371149628518518,0.9056187290165757,False,0.0,False
corner_recovery,planner,8,212,12.92564479132013,11.808116253427004,1.7197275161743164,0.07159491428879958,7.817266464233398,17.349905014038086,7.5370386624910415,15.302916473298415,0.9989081622879357,False,0.0,False
corner_recovery,planner,8,213,12.79591969677878,11.860399344243778,1.849979281425476,0.1398646550745294,7.817266464233398,17.349905014038086,7.410914957590489,15.165377005587375,0.9034889451555442,False,0.0,False
corner_recovery,planner,8,214,12.59377544716649,11.977506336273414,1.8658016920089722,0.2336158069000157,7.817266464233398,17.349905014038086,7.188720721859217,14.931965195451895,0.9526131038636753,False,0.0,False
corner_recovery,planner,8,215,12.381878824775622,12.109956245910121,1.2318700551986694,0.249886288426215,7.817266464233398,17.349905014038086,6.9492984606088575,14.682088191837007,0.9595499848633159,False,0.0,False
corner_recovery,planner,8,216,12.179284778732173,12.232770023953321,1.5819694995880127,0.23691258212577018,7.817266464233398,17.349905014038086,6.724007308352106,14.445235865926707,0.9525776377523215,False,0.0,False
corner_recovery,planner,8,217,12.026908022733076,12.317905940734219,2.072082996368408,0.17454741503365814,7.817266464233398,17.349905014038086,6.560647584254055,14.270987552467695,0.9375150943452044,False,0.0,False
corner_recovery,planner,8,218,11.912263352219094,12.408427289014814,1.7863694429397583,0.14607366282734283,7.817266464233398,17.349905014038086,6.417725579947596,14.125650229238902,0.9788993896050951,False,0.0,False
corner_recovery,planner,8,219,11.763620457268336,12.520705882970901,2.164743661880493,0.1862825619323988,7.817266464233398,17.349905014038086,6.236575509511839,13.939964374118329,0.9732365351806745,False,0.0,False
corner_recovery,planner,8,220,11.584007427429245,12.55630251129327,1.1448085308074951,0.183106418336166,7.817266464233398,17.349905014038086,6.096471310367904,13.769453888303444,0.7712372714627191,False,0.0,False
corner_recovery,planner,8,221,11.355200485528874,12.573509069923281,1.5609585046768188,0.22945300678284436,7.817266464233398,17.349905014038086,5.943983121947465,13.568100294479951,0.6750798182161997,False,0.0,False
corner_recovery,planner,8,222,11.129459377222359,12.677810565629164,1.9472583532333374,0.2486721737266518,7.817266464233398,17.349905014038086,5.727048841044379,13.322136620754742,0.8773693102354669,False,0.0,False
corner_recovery,planner,8,223,10.936225488343513,12.771220956831062,1.1365278959274292,0.2146272046962677,7.817266464233398,17.349905014038086,5.540058942809155,13.109396415810027,0.8757461589576103,False,0.0,False
corner_recovery,planner,8,224,10.74843160084951,12.86015918188957,1.8839775323867798,0.2077896822671134,7.817266464233398,17.349905014038086,5.361860376344084,12.903724609045879,0.8625519996478727,False,0.0,False
corner_recovery,planner,8,225,10.714440691487475,12.894767882905153,2.212491989135742,0.04850921670408822,7.817266464233398,17.349905014038086,5.3143076087355565,12.856265506327983,0.9804597685218036,False,0.0,False
corner_recovery,planner,8,226,10.786392834668515,12.928980007124117,1.6001458168029785,0.07967170358363566,7.817266464233398,17.349905014038086,5.325437946344928,12.897503406606983,-0.1323528524908405,False,0.0,False
corner_recovery,planner,8,227,10.882863608457678,13.011515472342953,1.6735870838165283,0.12695949438450616,7.817266464233398,17.349905014038086,5.312203842678268,12.933508275545131,0.11602936521614164,False,0.0,False
corner_recovery,planner,8,228,10.947918530247108,13.089652403556212,1.7534099817276,0.10167360949850444,7.817266464233398,17.349905014038086,5.286845435943208,12.946421283451441,0.258384440387095,False,0.0,False
corner_recovery,planner,8,229,11.033803562426597,13.152572376056863,2.342346668243408,0.10646671635752902,7.817266464233398,17.349905014038086,5.288072633570338,12.985841756288169,-0.0014589014357741846,False,0.0,False
corner_recovery,planner,8,230,11.126627687974814,13.215031419794444,2.2861859798431396,0.11188141234541286,7.817266464233398,17.349905014038086,5.2961355108773995,13.032177191136727,-0.061542564905294396,False,0.0,False
corner_recovery,planner,8,231,11.19189898557417,13.281947072547052,1.6194895505905151,0.09347752068605164,7.817266464233398,17.349905014038086,5.285492074332412,13.053384160414312,0.12257157832696931,False,0.0,False
corner_recovery,planner,8,232,11.28703731236455,13.345727660062396,1.1921838521957397,0.11453935816249207,7.817266464233398,17.349905014038086,5.298372016066117,13.102539893652995,-0.10175167265146988,False,0.0,False
corner_recovery,planner,8,233,11.39698784305906,13.440189334271743,1.5729631185531616,0.14495560387386616,7.817266464233398,17.349905014038086,5.3009698967860865,13.149998017681911,-0.004247041013409492,False,0.0,False
corner_recovery,planner,8,234,11.52187477753985,13.600801502338074,1.723867416381836,0.20345273390882815,7.817266464233398,17.349905014038086,5.270664084957477,13.179656285419117,0.16772185096535178,False,0.0,False
corner_recovery,planner,8,235,11.642584740581087,13.73109204569084,2.2282609939575195,0.17761340282922322,7.817266464233398,17.349905014038086,5.265820659236113,13.223047545146779,0.04410619706087791,False,0.0,False
corner_recovery,planner,8,236,11.765375941631145,13.847518457435147,1.4001203775405884,0.16921225844178836,7.817266464233398,17.349905014038086,5.2777154183785715,13.276938659928883,-0.05430725949542549,False,0.0,False
corner_recovery,planner,8,237,11.87505832977298,13.947564146464215,1.8968623876571655,0.14845661373545152,7.817266464233398,17.349905014038086,5.295431824053872,13.328502920308646,-0.10547308173358773,False,0.0,False
corner_recovery,planner,8,238,11.93359171394424,13.992382681250723,2.0525858402252197,0.07372149023825961,7.817266464233398,17.349905014038086,5.311976070783162,13.360466947066442,-0.2178052298971718,False,0.0,False
corner_recovery,planner,8,239,11.901501797029525,14.027560118283773,1.7942867279052734,0.047615279520418684,7.817266464233398,17.349905014038086,5.264879282567172,13.315997265147343,0.9892078974995334,False,0.0,False
corner_recovery,planner,8,240,11.782670015583019,14.062270840821435,2.1114394664764404,0.12379752235338437,7.817266464233398,17.349905014038086,5.151015800981211,13.194238904305111,0.9215668845719026,False,0.0,False
corner_recovery,planner,8,241,11.664191122089191,14.108819785367578,1.5655739307403564,0.12729513911332843,7.817266464233398,17.349905014038086,5.030254743323152,13.067492447057347,0.949905774677663,False,0.0,False
corner_recovery,planner,8,242,11.575371864013421,14.185736130094286,2.009294033050537,0.11749461558406832,7.817266464233398,17.349905014038086,4.912771205946184,12.953567004461917,0.9999079152771988,False,0.0,False
corner_recovery,planner,8,243,11.502815556015936,14.289283466479665,2.1428382396698,0.12643760794452275,7.817266464233398,17.349905014038086,4.790686419013249,12.842392652537328,0.9664441380573172,False,0.0,False
corner_recovery,planner,8,244,11.492662435494102,14.516991028720538,1.808302879333496,0.2279338056498245,7.817266464233398,17.349905014038086,4.640467346482159,12.733604251560054,0.6725034871158634,False,0.0,False
corner_recovery,planner,8,245,11.473543519545052,14.739253648182988,2.097026824951172,0.22308340359017453,7.817266464233398,17.349905014038086,4.492645374302266,12.622109691848278,0.6761136626061123,False,0.0,False
corner_recovery,planner,8,246,11.426572421852724,14.9424140111035,2.145822525024414,0.20851958440495783,7.817266464233398,17.349905014038086,4.338559948291292,12.495828637866614,0.7494842210716693,False,0.0,False
corner_recovery,planner,8,247,11.337062630855804,15.081377218876916,2.360448122024536,0.16529602475253272,7.817266464233398,17.349905014038086,4.187503243221261,12.35806777611007,0.91699631722055,False,0.0,False
corner_recovery,planner,8,248,11.178733824092893,15.166535632427397,1.477480411529541,0.17977754712255398,7.817266464233398,17.349905014038086,4.008311947435703,12.178935409242982,0.9968787899872429,False,0.0,False
corner_recovery,planner,8,249,11.029672984944375,15.272417911239355,1.2256613969802856,0.18283924834146956,7.817266464233398,17.349905014038086,3.825638288782862,12.000154939032338,0.9991356356323027,False,0.0,False
corner_recovery,planner,8,250,10.896796367748294,15.386850868827352,2.0911545753479004,0.1753599075610217,7.817266464233398,17.349905014038086,3.651997536098773,11.83306029675381,0.9906435945456736,False,0.0,False
corner_recovery,planner,8,251,10.829926184253098,15.522365668259539,2.2985587120056152,0.15111546018136912,7.817266464233398,17.349905014038086,3.5236371335592795,11.719066104649794,0.8551811231656792,False,0.0,False
corner_recovery,planner,8,252,10.837587638387923,15.735378324255162,1.664543867111206,0.21315039172792927,7.817266464233398,17.349905014038086,3.4247680836908607,11.646471734262331,0.48758474103023935,False,0.0,False
corner_recovery,planner,8,253,10.822568481005323,15.94278501805954,1.8491454124450684,0.20794978173430811,7.817266464233398,17.349905014038086,3.3184072828837725,11.558069991816627,0.5338909288509528,False,0.0,False
corner_recovery,planner,8,254,10.77820855375108,16.140486316731792,1.80027437210083,0.20261689624188953,7.817266464233398,17.349905014038086,3.1984170526795577,11.448389646561104,0.6120250077561312,False,0.0,False
corner_recovery,planner,8,255,10.693296765615505,16.326274502293582,1.8663890361785889,0.20427251811911207,7.817266464233398,17.349905014038086,3.052764275053409,11.306761461622036,0.7287296796459688,False,0.0,False
corner_recovery,planner,8,256,10.484739838671503,16.492412538098947,2.0218489170074463,0.2666417797675194,7.817266464233398,17.349905014038086,2.8019114100250286,11.055900654741377,0.9458049219353565,False,0.0,False
corner_recovery,planner,8,257,10.286825048061054,16.68714515774339,1.5253779888153076,0.2776527642505396,7.817266464233398,17.349905014038086,2.556945487505086,10.807116950199038,0.8932536077638699,False,0.0,False
corner_recovery,planner,8,258,10.10856729045386,16.87411917793163,2.006225347518921,0.2583314002836211,7.817266464233398,17.349905014038086,2.3401776936972314,10.580844180849114,0.8540549262541249,False,0.0,False
corner_recovery,planner,8,259,9.989591885401591,17.015805351937153,2.1376025676727295,0.18501383437914978,7.817266464233398,17.349905014038086,2.1978672206640515,10.425802786088381,0.7853302777595035,False,0.0,False
corner_recovery,planner,8,260,9.920869796283638,17.007637712493814,2.2935283184051514,0.06920575024383664,7.817266464233398,17.349905014038086,2.1312657939166733,10.362330315836404,0.9635310311133071,False,0.0,False
corner_recovery,planner,8,261,9.857255879961077,16.896425430731416,1.3337594270706177,0.12812065393484726,7.817266464233398,17.349905014038086,2.0897848091985325,10.334295747172998,0.35067168678649163,False,0.0,False
corner_recovery,planner,8,262,9.760117901970977,16.765420536974815,1.9082210063934326,0.16308914420090376,7.817266464233398,17.349905014038086,2.028865153983108,10.282140135351135,0.40711198652003583,False,0.0,False
corner_recovery,planner,8,263,9.629318765763536,16.66091619997935,1.736646294593811,0.16742034071006573,7.817266464233398,17.349905014038086,1.9386178399516318,10.191823218455378,0.5683170556155906,False,0.0,False
corner_recovery,planner,8,264,9.418119688399733,16.616339213763126,1.8981516361236572,0.21585216695563456,7.817266464233398,17.349905014038086,1.760923004749722,10.007504123473534,0.8411677378074586,False,0.0,False
corner_recovery,planner,8,265,9.196637838387895,16.574005164069813,2.152698040008545,0.2254914225599325,7.817266464233398,17.349905014038086,1.5826199686019549,9.814050547367701,0.8147244850815781,False,0.0,False
corner_recovery,planner,8,266,8.997547959187512,16.520593714712067,1.903002381324768,0.20612996609546613,7.817266464233398,17.349905014038086,1.4425053339661964,9.646871895903901,0.7147724989339551,False,0.0,False
corner_recovery,planner,8,267,8.834652301163779,16.509482925725024,1.3057626485824585,0.16327414074157576,5.966537952423096,20.12035369873047,4.611341199347228,9.499199478285714,0.5905423396938299,False,0.0,False
corner_recovery,planner,8,268,8.739521287192414,16.489624987017535,2.212207555770874,0.09718151855641267,5.966537952423096,20.12035369873047,4.568547641533907,9.418172065802418,0.4488406730592878,False,0.0,False
corner_recovery,planner,8,269,8.734644653087258,16.469268394178307,1.7380855083465576,0.020932568696117353,5.966537952423096,20.12035369873047,4.581794256334366,9.421256969643386,-0.6314496850130378,False,0.0,False
corner_recovery,planner,8,270,8.715550925054062,16.463998130166996,1.3651783466339111,0.01980772912159773,5.966537952423096,20.12035369873047,4.574495422170457,9.405537579036789,0.3703522166856521,False,0.0,False
corner_recovery,planner,8,271,8.680573976564736,16.508089523581884,1.338541865348816,0.05627999554807587,5.966537952423096,20.12035369873047,4.518234612257364,9.35659143801478,0.9996632971581697,False,0.0,False
corner_recovery,planner,8,272,8.605726677264249,16.555970514259432,1.6902921199798584,0.08885216643864173,5.966537952423096,20.12035369873047,4.435103675346109,9.269297208657624,0.9368350523627185,False,0.0,False
corner_recovery,planner,8,273,8.470736693211242,16.56668052062073,2.0050113201141357,0.1354141795783962,5.966537952423096,20.12035369873047,4.3473675241669545,9.140080020065495,0.6567672690225121,False,0.0,False
corner_recovery,planner,8,274,8.332542014353056,16.55151612817471,1.9463610649108887,0.13902419955883222,5.966537952423096,20.12035369873047,4.281889399094679,9.017943082277577,0.4834262466311475,False,0.0,False
corner_recovery,planner,8,275,8.218140215214746,16.50823954101523,1.840468406677246,0.12231367316148489,5.966537952423096,20.12035369873047,4.256416501962109,8.929177996874035,0.22192199761368167,False,0.0,False
corner_recovery,planner,8,276,8.12235045329182,16.482965426038017,2.365948438644409,0.09906795333069228,5.966537952423096,20.12035369873047,4.228252710662223,8.851107788324226,0.29498455469736784,False,0.0,False
corner_recovery,planner,8,277,8.119978240023814,16.50549710616795,1.2470351457595825,0.022656213392059657,5.966537952423096,20.12035369873047,4.207670763861469,8.839999835602985,0.9089141323509601,False,0.0,False
corner_recovery,planner,8,278,8.174253378767398,16.574450163675216,1.4871002435684204,0.08775143773885156,5.966537952423096,20.12035369873047,4.177013201276235,8.863002311938939,0.3585229954717887,False,0.0,False
corner_recovery,planner,8,279,8.20097900088501,16.659715133140725,1.701163649559021,0.08935532382308055,5.966537952423096,20.12035369873047,4.119313787598442,8.855143113734863,0.651966169055043,False,0.0,False
corner_recovery,planner,8,280,8.178107924506856,16.823106097701302,2.0270094871520996,0.16498391871552526,5.966537952423096,20.12035369873047,3.970249801198302,8.773488706970818,0.9071844020280232,False,0.0,False
corner_recovery,planner,8,281,8.135189160347565,17.025700267002314,1.3767058849334717,0.20709036132019243,5.966537952423096,20.12035369873047,3.7788791888785096,8.661856704907247,0.9279014309052115,False,0.0,False
corner_recovery,planner,8,282,8.08595781064339,17.197448968577355,1.5268290042877197,0.17866544793665964,5.966537952423096,20.12035369873047,3.6104449306103503,8.557862233013159,0.9453654339520406,False,0.0,False
corner_recovery,planner,8,283,8.046634277098626,17.349699804683492,1.7210335731506348,0.15724712202601399,5.966537952423096,20.12035369873047,3.464581319658455,8.471860144895762,0.9306463217054971,False,0.0,False
corner_recovery,planner,8,284,8.040613033231454,17.471129196375628,2.271944046020508,0.12157858587938114,5.966537952423096,20.12035369873047,3.364547206491157,8.428917219405783,0.8284613682957135,False,0.0,False
corner_recovery,planner,8,285,8.105973616448942,17.58038262202356,1.9088112115859985,0.12731188811080615,5.966537952423096,20.12035369873047,3.320939329619463,8.459394572093911,0.3592277907058742,False,0.0,False
corner_recovery,planner,8,286,8.181219646439349,17.747847100919632,2.1092469692230225,0.1835928013873368,5.966537952423096,20.12035369873047,3.2455511954776886,8.485549338971596,0.43360776133307893,False,0.0,False
corner_recovery,planner,8,287,8.22522702214959,17.931320024306153,1.0029295682907104,0.1886768738687879,5.966537952423096,20.12035369873047,3.145400569317929,8.481379392984168,0.5516822484403203,False,0.0,False
corner_recovery,planner,8,288,8.250072245353278,18.10564681445693,1.239026665687561,0.176088372359772,5.966537952423096,20.12035369873047,3.045254126756476,8.4647661541903,0.5876658439607153,False,0.0,False
corner_recovery,planner,8,289,8.157734203592486,18.277502643894874,1.821366786956787,0.19509161967655544,5.966537952423096,20.12035369873047,2.86311736075339,8.337603041537292,0.9377089200627986,False,0.0,False
corner_recovery,planner,8,290,8.023811770226825,18.477529848284096,1.353273630142212,0.2407199631404671,5.966537952423096,20.12035369873047,2.632725919083902,8.166974389998806,0.9606232549230165,False,0.0,False
corner_recovery,planner,8,291,7.894885881932784,18.65071089558934,1.7154326438903809,0.21590173648710925,5.966537952423096,20.12035369873047,2.4245361836996397,8.00935728857334,0.9671570080825701,False,0.0,False
corner_recovery,planner,8,292,7.785166741452461,18.7973410307445,1.8459668159484863,0.18313570466558793,5.966537952423096,20.12035369873047,2.2489493529063216,7.877512918970569,0.9618292532010356,False,0.0,False
corner_recovery,planner,8,293,7.723238130176241,18.834238596935702,1.854568362236023,0.07208733096345815,5.966537952423096,20.12035369873047,2.177174216635521,7.810723837409862,0.9958077329635192,False,0.0,False
corner_recovery,planner,8,294,7.665377712619276,18.873965557123203,1.8229622840881348,0.07018589092977028,5.966537952423096,20.12035369873047,2.107021578048651,7.7476428056322515,0.9995414942283152,False,0.0,False
corner_recovery,planner,8,295,7.587590931787,18.948972779724777,1.669368028640747,0.10805955170483808,5.966537952423096,20.12035369873047,1.9999865047832726,7.66003879663124,0.9910032325051711,False,0.0,False
corner_recovery,planner,8,296,7.491549675104463,18.98257974452587,1.8862159252166748,0.101751418016178,5.966537952423096,20.12035369873047,1.9026797747340345,7.560321455520713,0.9584919923679817,False,0.0,False
corner_recovery,planner,8,297,7.352646027906893,18.973803616549855,1.341198205947876,0.13918061512667082,5.966537952423096,20.12035369873047,1.7988531590626757,7.423912892073907,0.7622059568372989,False,0.0,False
corner_recovery,planner,8,298,7.1506472275763535,18.97370432979301,2.42913818359375,0.2019988247313265,5.966537952423096,20.12035369873047,1.648308087339454,7.223921274206344,0.770237607832561,False,0.0,False
corner_recovery,planner,8,299,6.940784711770572,18.96469517264993,1.7664170265197754,0.21005580318753528,3.1531143188476562,19.889846801757812,3.899019433430129,7.017574260432338,0.9642523456159374,False,0.0,False
corner_recovery,planner,8,300,6.797197179619336,18.931710257784086,2.2368290424346924,0.14732747197311552,3.1531143188476562,19.889846801757812,3.76793916260173,6.8806345980548045,0.8936577213945209,False,0.0,False
corner_recovery,planner,8,301,6.703455096684515,18.860320588205976,1.7975291013717651,0.11783065405670418,3.1531143188476562,19.889846801757812,3.6965989589298984,6.7996455345063955,0.615351241700153,False,0.0,False
corner_recovery,planner,8,302,6.627825026450821,18.781671226492527,1.3912485837936401,0.10911292142311281,3.1531143188476562,19.889846801757812,3.6471451310780916,6.738871536214654,0.4649621215700662,False,0.0,False
corner_recovery,planner,8,303,6.668697647736651,18.738019205169312,1.0698164701461792,0.05980025197586806,3.1531143188476562,19.889846801757812,3.6994638739451244,6.787055609279316,-0.872968665615492,False,0.0,False
corner_recovery,planner,8,304,6.718889764733985,18.693799828456978,1.8964178562164307,0.06689246508764228,3.1531143188476562,19.889846801757812,3.761021522515916,6.844679580432245,-0.9188633228952005,False,0.0,False
corner_recovery,planner,8,305,6.6900186773767505,18.623416347140708,1.6712936162948608,0.07607479298287192,3.1531143188476562,19.889846801757812,3.756798974893891,6.830178069199162,0.06558763641104084,False,0.0,False
corner_recovery,planner,8,306,6.54940962968307,18.545815058821386,1.91218101978302,0.1606015698620105,3.1531143188476562,19.889846801757812,3.652566654343675,6.708906046482986,0.6613832190611617,False,0.0,False
corner_recovery,planner,8,307,6.453172024131778,18.480930586226236,0.9803314805030823,0.11606752993924202,3.1531143188476562,19.889846801757812,3.5882343514036146,6.629555117570106,0.5652735207708801,False,0.0,False
corner_recovery,planner,8,308,6.4073996227541326,18.431550108027245,1.295007348060608,0.06733159997384044,3.1531143188476562,19.889846801757812,3.5660905886092085,6.596575246997426,0.3372437222818949,False,0.0,False
corner_recovery,planner,8,309,6.452992695023038,18.402950859751368,1.9933432340621948,0.05382049090135621,3.1531143188476562,19.889846801757812,3.619400066296224,6.647682353902719,-0.9903626118186208,False,0.0,False
corner_recovery,planner,8,310,6.577440100483055,18.378353492432087,1.7965142726898193,0.12685498494252956,3.1531143188476562,19.889846801757812,3.7430761524325575,6.774397070658742,-0.9740733970687407,False,0.0,False
corner_recovery,planner,8,311,6.729348950732887,18.351762320434087,1.3822227716445923,0.15421864093699272,3.1531143188476562,19.889846801757812,3.892962626841435,6.928262751157078,-0.9707678054021204,False,0.0,False
corner_recovery,planner,8,312,6.866298644092784,18.322026790665493,1.0149528980255127,0.14014071586084026,3.1531143188476562,19.889846801757812,4.030607574600588,7.068355619315906,-0.9815555963518624,False,0.0,False
corner_recovery,planner,8,313,6.996803520932463,18.277009422448266,1.537431240081787,0.1380510279575826,3.1531143188476562,19.889846801757812,4.168355922221785,7.205827921957683,-0.9977324618169989,False,0.0,False
corner_recovery,planner,8,314,7.10157411771846,18.19959787782933,1.5706764459609985,0.13026674629844526,3.1531143188476562,19.889846801757812,4.295029244154254,7.326240697040015,-0.9715646937162136,False,0.0,False
corner_recovery,planner,8,315,7.1421360591688785,18.06478757440179,0.9593508243560791,0.14078028627777503,3.1531143188476562,19.889846801757812,4.386699856168953,7.399672602208159,-0.6417211118981957,False,0.0,False
corner_recovery,planner,8,316,7.194846037157144,17.946165631657067,1.7931944131851196,0.1298056511869035,3.1531143188476562,19.889846801757812,4.4848067710653,7.482248666743339,-0.7494546993453123,False,0.0,False
corner_recovery,planner,8,317,7.273849709623641,17.9101357306246,2.168328046798706,0.08683164188015167,3.1531143188476562,19.889846801757812,4.57162072857768,7.5681188060576785,-0.9997923945156618,False,0.0,False
corner_recovery,planner,8,318,7.433210430934724,17.912773761519063,1.9629621505737305,0.15938255457793643,3.1531143188476562,19.889846801757812,4.714662292799106,7.72069496102262,-0.8940819524121583,False,0.0,False
corner_recovery,planner,8,319,7.652973127055285,17.944575128126395,1.4721113443374634,0.22205172713643057,3.1531143188476562,19.889846801757812,4.902327118628107,7.924188859898972,-0.838411266368808,False,0.0,False
corner_recovery,planner,8,320,7.841549212909016,17.959992340012455,1.630906581878662,0.1892052604402256,3.1531143188476562,19.889846801757812,5.070084811851832,8.102562885364227,-0.882516905301119,False,0.0,False
corner_recovery,planner,8,321,7.991995360135192,17.973483771636776,1.6810399293899536,0.15104986574795048,3.1531143188476562,19.889846801757812,5.204538115428364,8.244923156721471,-0.8870316815554891,False,0.0,False
corner_recovery,planner,8,322,7.997131114544376,18.01708814884004,1.7487714290618896,0.04390578190439001,3.1531143188476562,19.889846801757812,5.1934308206685795,8.239298845938555,0.2569283080445544,False,0.0,False
corner_recovery,planner,8,323,7.921695162058974,18.088792263748726,2.0984301567077637,0.1040771974171966,3.1531143188476562,19.889846801757812,5.0973680176268505,8.148985780555472,0.9244794380665039,False,0.0,False
corner_recovery,planner,8,324,7.841523699994057,18.1615519289877,1.5225027799606323,0.10826556338611928,3.1531143188476562,19.889846801757812,4.99681755645181,8.054153291772968,0.9301987112058379,False,0.0,False
corner_recovery,planner,8,325,7.788873586511271,18.255046266699004,1.8366433382034302,0.10729970006400719,3.1531143188476562,19.889846801757812,4.9155708495715595,7.981943076595701,0.7617750982713605,False,0.0,False
corner_recovery,planner,8,326,7.771251513058874,18.372540667810725,2.141934394836426,0.1188085508932903,3.1531143188476562,19.889846801757812,4.861009056633254,7.939834630340219,0.4687774749496295,False,0.0,False
corner_recovery,planner,8,327,7.825039063262468,18.543756348567072,1.8993396759033203,0.17946562315319214,3.1531143188476562,19.889846801757812,4.861979054422864,7.959389544049359,0.0130542469878283,False,0.0,False
corner_recovery,planner,8,328,7.897883585796694,18.74250124405871,2.2288920879364014,0.21167394253242924,3.1531143188476562,19.889846801757812,4.881519970803763,7.997366332486635,-0.07073334159146591,False,0.0,False
corner_recovery,planner,8,329,7.912504238886355,18.879324772809696,2.214771270751953,0.13760247641899317,3.1531143188476562,19.889846801757812,4.865485297681557,7.991472723799574,0.13043179649094527,False,0.0,False
corner_recovery,planner,8,330,7.871530308816109,18.9872673108187,1.6880186796188354,0.11545758726574502,3.1531143188476562,19.889846801757812,4.803967026516093,7.936410832507791,0.541317896558541,False,0.0,False
corner_recovery,planner,8,331,7.808399047681857,19.096361982295136,1.241144061088562,0.12604445040124598,3.1531143188476562,19.889846801757812,4.72242459603482,7.860512537670843,0.6545621876922921,False,0.0,False
corner_recovery,planner,8,332,7.77835165992729,19.219098130179077,1.7845920324325562,0.1263606248333,3.1531143188476562,19.889846801757812,4.673620036090016,7.817452415959015,0.3976153417865546,False,0.0,False
corner_recovery,planner,8,333,7.71540839161712,19.324245489073537,1.6552307605743408,0.12254722399159589,3.1531143188476562,19.889846801757812,4.597220035123135,7.744944855095699,0.6314480144210622,False,0.0,False
corner_recovery,planner,8,334,7.629159568927811,19.39529589113582,1.377577304840088,0.11174533121568886,3.1531143188476562,19.889846801757812,4.5032834336695,7.653087140980429,0.8441962288990468,False,0.0,False
corner_recovery,planner,8,335,7.666043322328308,19.481124310773914,1.5959727764129639,0.09341803296195811,3.1531143188476562,19.889846801757812,4.531399592299597,7.6835832917125515,-0.2915387675374546,False,0.0,False
corner_recovery,planner,8,336,7.76205301524195,19.576002995336037,1.8054190874099731,0.13498083537158312,3.1531143188476562,19.889846801757812,4.619611871353484,7.7736246675145475,-0.6449840913493926,False,0.0,False
corner_recovery,planner,8,337,7.822640052537208,19.678086312993738,1.3409018516540527,0.11870885742951198,3.1531143188476562,19.889846801757812,4.67432487982923,7.82926087274152,-0.45078182214900125,False,0.0,False
corner_recovery,planner,8,338,7.848289634915853,19.760187353976526,1.6460427045822144,0.08601442906080572,3.1531143188476562,19.889846801757812,4.696965277816628,7.851952642414522,-0.25465299910724315,False,0.0,False
corner_recovery,planner,8,339,7.855424988271924,19.831369940933744,0.9724634885787964,0.07153931753544907,3.1531143188476562,19.889846801757812,4.702674257806205,7.857234745327879,-0.0722350064334748,False,0.0,False
corner_recovery,planner,8,340,7.838408605679053,19.82670523352282,1.7227059602737427,0.017644171042485956,3.1531143188476562,19.889846801757812,4.6857197325335305,7.840324007697119,0.9610574606233052,False,0.0,False
corner_recovery,planner,8,341,7.849740502418428,19.73068186732517,1.2041128873825073,0.09668970337962382,3.1531143188476562,19.889846801757812,4.69932239632008,7.854359185312051,-0.13057040095749686,False,0.0,False
corner_recovery,planner,8,342,7.875414844220791,19.634016637262622,2.0065321922302246,0.10001669125715945,3.1531143188476562,19.889846801757812,4.7292252351738355,7.883914179541387,-0.28928811098696544,False,0.0,False
corner_recovery,planner,8,343,7.952469523268782,19.626784921438258,1.4609369039535522,0.07739328961191154,3.1531143188476562,19.889846801757812,4.806559261163999,7.9612223316136985,-0.9992217271825287,False,0.0,False
corner_recovery,planner,8,344,8.072836480167675,19.651270044831882,2.0342414379119873,0.12283210321695641,3.1531143188476562,19.889846801757812,4.925503528932714,8.08036517845311,-0.9675523172690765,False,0.0,False
corner_recovery,planner,8,345,8.262553819173243,19.699189758980715,1.3414394855499268,0.19567566972789338,3.1531143188476562,19.889846801757812,5.11299541516007,8.268027722246487,-0.956550028578353,False,0.0,False
corner_recovery,planner,8,346,8.433241586927181,19.748919665297542,1.9437881708145142,0.1777846383777367,3.1531143188476562,19.889846801757812,5.28200761310582,8.436978428202385,-0.9489835415641492,False,0.0,False
corner_recovery,planner,8,347,8.523162609837549,19.79430286535137,2.548539400100708,0.10072450152953095,3.1531143188476562,19.889846801757812,5.370898182925041,8.525644385319826,-0.8804030745500672,False,0.0,False
corner_recovery,planner,8,348,8.495760966747364,19.857714212299,1.853055477142334,0.06907857095912462,3.1531143188476562,19.889846801757812,5.342743275473688,8.49695237420393,0.41294055809681474,False,0.0,False
corner_recovery,planner,8,349,8.397624912202645,19.92090271923197,1.8449136018753052,0.11671963249608937,3.1531143188476562,19.889846801757812,5.244602542979101,8.397997412828333,0.8440251995310192,False,0.0,False
corner_recovery,planner,8,350,8.320113024669853,19.9937981096225,1.7307764291763306,0.10640409131740937,3.1531143188476562,19.889846801757812,5.168044262617633,8.320115336143195,0.7243976948487305,False,0.0,False
corner_recovery,planner,8,351,8.266238426676468,20.08415500376122,1.621193766593933,0.10519905240706813,3.1531143188476562,19.889846801757812,5.11681481191434,8.266666788453536,0.4947405574029688,False,0.0,False
corner_recovery,planner,8,352,8.235848964203909,20.208700112410277,2.0798757076263428,0.1281990776791164,3.1531143188476562,19.889846801757812,5.0927260783217845,8.238492817141898,0.19998592796508124,False,0.0,False
corner_recovery,planner,8,353,8.18640514519557,20.39567525322585,1.9928631782531738,0.19340215748830894,3.1531143188476562,19.889846801757812,5.058643984795987,8.195961695084955,0.19462236242841144,False,0.0,False
corner_recovery,planner,8,354,8.138634237109684,20.464711786033043,1.7337892055511475,0.08395297803764146,3.1531143188476562,19.889846801757812,5.01855343754883,8.151890841365086,0.48394143682775975,False,0.0,False
corner_recovery,planner,8,355,8.070950262272364,20.475519453198977,1.276963233947754,0.06854141900594632,3.1531143188476562,19.889846801757812,4.95258748747421,8.0849463131455,0.9629281814790501,False,0.0,False
corner_recovery,planner,8,356,7.984303845319131,20.455121935120193,1.1613001823425293,0.08901494433300403,3.1531143188476562,19.889846801757812,4.864147224034808,7.997264774296609,0.9936596572894617,False,0.0,False
corner_recovery,planner,8,357,7.883114240688668,20.41313774972023,0.73664790391922,0.10955367592631343,3.1531143188476562,19.889846801757812,4.758858337546452,7.893932665787844,0.9619309482955756,False,0.0,False
corner_recovery,planner,8,358,7.767317962858869,20.354513755403897,1.6456668376922607,0.1297904105426807,3.1531143188476562,19.889846801757812,4.637541444150886,7.775404062743018,0.9364362969747362,False,0.0,False
corner_recovery,planner,8,359,7.638110005654208,20.29564834867265,2.2588508129119873,0.14198532429317026,3.1531143188476562,19.889846801757812,4.503316689524716,7.643829694894293,0.9469701427188941,False,0.0,False
corner_recovery,planner,8,360,7.509621262046569,20.230546138399266,1.880843162536621,0.14404046312182345,3.1531143188476562,19.889846801757812,4.36980878118577,7.513159323567731,0.9291311385464976,False,0.0,False
corner_recovery,planner,8,361,7.4708190138959,20.15863908062928,1.5432478189468384,0.08170825795892621,3.1531143188476562,19.889846801757812,4.326063236110005,7.472503134578895,0.5420564105282235,False,0.0,False
corner_recovery,planner,8,362,7.478830862092181,20.076906545787125,1.329115629196167,0.08212427755081968,3.1531143188476562,19.889846801757812,4.329759226600905,7.479226275529267,-0.03553226865158425,False,0.0,False
corner_recovery,planner,8,363,7.479774166514659,19.97915842083137,1.4638804197311401,0.09775267646258623,3.1531143188476562,19.889846801757812,4.327581542006504,7.479803202857833,0.03356035661253578,False,0.0,False
corner_recovery,planner,8,364,7.483547529744189,19.874938609778354,1.2349472045898438,0.10428809752789905,3.1531143188476562,19.889846801757812,4.3304588727089595,7.48459243922236,-0.01555014853750749,False,0.0,False
corner_recovery,planner,8,365,7.50794582829743,19.76323611922412,1.6353445053100586,0.11433601081160567,3.1531143188476562,19.889846801757812,4.356671635621423,7.511678087876825,-0.21675327632053443,False,0.0,False
corner_recovery,planner,8,366,7.564245495117407,19.71761231386923,1.8604049682617188,0.07246505433035699,3.1531143188476562,19.889846801757812,4.414492379999902,7.569514694858732,-0.7948904013161052,False,0.0,False
corner_recovery,planner,8,367,7.669213428742686,19.77926051181722,1.416439175605774,0.12173235970684101,3.1531143188476562,19.889846801757812,4.517452877221577,7.672389493322816,-0.8418695224909554,False,0.0,False
corner_recovery,planner,8,368,7.778164576309884,19.828701554930028,1.3854740858078003,0.11964434504100807,3.1531143188476562,19.889846801757812,4.625454423649751,7.780050599671271,-0.9002363742040732,False,0.0,False
corner_recovery,planner,8,369,7.824956927764024,19.83327824050929,1.8516286611557007,0.047015637882509134,3.1531143188476562,19.889846801757812,4.672185073882265,7.826732847520086,-0.9938770236204807,False,0.0,False
corner_recovery,planner,8,370,7.860219594074585,19.82258893807636,1.2734389305114746,0.036847209145776515,3.1531143188476562,19.889846801757812,4.707585760482349,7.86222148962791,-0.9604391577448187,False,0.0,False
corner_recovery,planner,8,371,7.888751439505853,19.811006576579864,1.73436439037323,0.030793137247596653,3.1531143188476562,19.889846801757812,4.736293352365536,7.891015003686264,-0.9318443815775399,False,0.0,False
corner_recovery,planner,8,372,7.922126289365998,19.803709920673494,1.585475206375122,0.0341631642358138,3.1531143188476562,19.889846801757812,4.769789800109662,7.924557699954357,-0.9803449520503191,False,0.0,False
corner_recovery,planner,8,373,7.952995806491066,19.804277598055247,1.964337706565857,0.030874736357491838,3.1531143188476562,19.889846801757812,4.800644163447672,7.955403795954515,-0.9993358696311749,False,0.0,False
corner_recovery,planner,8,374,8.079938699909281,19.863205221132596,2.152660608291626,0.13995343136534474,3.1531143188476562,19.889846801757812,4.926896412107877,8.081096596738407,-0.8993875171691165,False,0.0,False
corner_recovery,planner,8,375,8.278884954609104,19.950349623790554,1.4336827993392944,0.21719520983138516,3.1531143188476562,19.889846801757812,5.126127700507299,8.279033835630262,-0.9137960442560933,False,0.0,False
corner_recovery,planner,8,376,8.454947442029397,20.02079434749727,0.7823822498321533,0.18963243017673947,3.1531143188476562,19.889846801757812,5.303449983341244,8.454973013106976,-0.9327606606412899,False,0.0,False
corner_recovery,planner,8,377,8.577041977121915,20.08269712507708,1.5141957998275757,0.13689057444380043,3.1531143188476562,19.889846801757812,5.4273550178145555,8.577440637614897,-0.9028068944972525,False,0.0,False
corner_recovery,planner,8,378,8.561785346292611,20.12878080026361,1.426235318183899,0.048543484660243434,3.1531143188476562,19.889846801757812,5.41394604136063,8.562753809990534,0.28035696606731997,False,0.0,False
corner_recovery,planner,8,379,8.463838584724147,20.165528892462056,2.047816276550293,0.10461352867566921,3.1531143188476562,19.889846801757812,5.317874842764208,8.465457069910931,0.9198573436366936,False,0.0,False
corner_recovery,planner,8,380,8.361861527524718,20.206192061887148,1.4950767755508423,0.1097853065885835,3.1531143188476562,19.889846801757812,5.218344738277396,8.364403348230123,0.9084269442100184,False,0.0,False
corner_recovery,planner,8,381,8.28345784977665,20.262101780441952,1.5973246097564697,0.096296590351375,3.1531143188476562,19.889846801757812,5.143831112556097,8.287603470988294,0.7774951579483121,False,0.0,False
corner_recovery,planner,8,382,8.232284747618477,20.349217845963512,1.5154863595962524,0.10103412916657122,3.1531143188476562,19.889846801757812,5.099901371669319,8.239688420675336,0.4427652470651508,False,0.0,False
corner_recovery,planner,8,383,8.207971375306482,20.50612646018818,1.540601372718811,0.15878114904196816,3.1531143188476562,19.889846801757812,5.09228637044566,8.223561156308937,0.063490376286182,False,0.0,False
corner_recovery,planner,8,384,8.145581589528726,20.646525361604986,1.748963713645935,0.15363702967852527,3.1531143188476562,19.889846801757812,5.0494843193888705,8.171199084275685,0.29250647314484307,False,0.0,False
corner_recovery,planner,8,385,8.076097418670734,20.71169969112722,1.71321439743042,0.09526669527434625,3.1531143188476562,19.889846801757812,4.99111257866505,8.107395757344689,0.618611087771776,False,0.0,False
corner_recovery,planner,8,386,7.994349138621506,20.740894964621575,1.709529161453247,0.08680521462111192,3.1531143188476562,19.889846801757812,4.915469210126793,8.028607818219795,0.87350759224963,False,0.0,False
corner_recovery,planner,8,387,7.8072741370474334,20.766709438045922,2.1307268142700195,0.18884767208550804,3.1531143188476562,19.889846801757812,4.7360417751814134,7.844830961429216,0.9519859199557302,False,0.0,False
corner_recovery,planner,8,388,7.627361771872115,20.781386940204566,1.4364995956420898,0.18051007786989093,3.1531143188476562,19.889846801757812,4.562207151079126,7.667281992292861,0.9644023795969129,False,0.0,False
corner_recovery,planner,8,389,7.4762031524138965,20.77253092530414,1.5560598373413086,0.15141782337766957,3.1531143188476562,19.889846801757812,4.412281532820165,7.516010750838157,0.9904705837609186,False,0.0,False
corner_recovery,planner,8,390,7.361692417753596,20.762812666805765,1.1536647081375122,0.11492237771941118,3.1531143188476562,19.889846801757812,4.298162283596287,7.401107918295078,0.9931929420315599,False,0.0,False
corner_recovery,planner,8,391,7.351179428956099,20.700787050649023,1.3366059064865112,0.06291025348128686,3.1531143188476562,19.889846801757812,4.275672433194755,7.384506854696844,0.36387401482458714,False,0.0,False
corner_recovery,planner,8,392,7.349957567048731,20.61005735129729,1.2354334592819214,0.09073792641986383,3.1531143188476562,19.889846801757812,4.2581916919789915,7.375231942745175,0.20286801341109975,False,0.0,False
corner_recovery,planner,8,393,7.341337006507781,20.50614499900298,1.0584250688552856,0.10426931966487886,3.1531143188476562,19.889846801757812,4.233324077998121,7.358764285064195,0.2500410495986015,False,0.0,False
corner_recovery,planner,8,394,7.300015758206063,20.36465134372808,1.949797511100769,0.14740386712791623,3.1531143188476562,19.889846801757812,4.173994597604126,7.309117639807116,0.4170855702471025,False,0.0,False
corner_recovery,planner,8,395,7.251373837023996,20.167148046462,0.7828786373138428,0.20340498746898153,3.1531143188476562,19.889846801757812,4.107630345909604,7.25330000714931,0.34803860562113453,False,0.0,False
corner_recovery,planner,8,396,7.202448478108334,19.98958265057,1.5225071907043457,0.18418241111275777,3.1531143188476562,19.889846801757812,4.050562229233575,7.202456011734761,0.33011281030032613,False,0.0,False
corner_recovery,planner,8,397,7.1478457026235365,19.821319116244737,1.9184929132461548,0.17690132863908076,3.1531143188476562,19.889846801757812,3.99531912019625,7.150078674163895,0.3319891751735201,False,0.0,False
corner_recovery,planner,8,398,7.137534380376664,19.722758962610012,2.1331090927124023,0.09909806885595458,3.1531143188476562,19.889846801757812,3.9879219617121273,7.142916744850941,0.08697750039834255,False,0.0,False
corner_recovery,planner,8,399,7.195872896213875,19.6783144099524,2.232046127319336,0.07333962565369302,3.1531143188476562,19.889846801757812,4.048288881447451,7.203059652488638,-0.8201493472855597,False,0.0,False
corner_recovery,planner,8,400,7.348102345257023,19.62611650799538,2.2740747928619385,0.16092987952737325,3.1531143188476562,19.889846801757812,4.203269942504998,7.357608099237504,-0.961592412114999,False,0.0,False
corner_recovery,planner,8,401,7.523823286370539,19.56595354213512,1.6237151622772217,0.18573484219963346,3.1531143188476562,19.889846801757812,4.3826936605715385,7.5363328729639205,-0.9645448149509159,False,0.0,False
corner_recovery,planner,8,402,7.674831119319735,19.501518258448346,1.5138713121414185,0.1641806060282613,3.1531143188476562,19.889846801757812,4.538361144864994,7.691002324582862,-0.9462557430317655,False,0.0,False
corner_recovery,planner,8,403,7.809323222566149,19.444993135452318,1.3360702991485596,0.1458876806497388,3.1531143188476562,19.889846801757812,4.677411264737452,7.82902048880995,-0.9516600273648244,False,0.0,False
corner_recovery,planner,8,404,7.90262526162982,19.41833366209844,1.799651861190796,0.09703606552692087,3.1531143188476562,19.889846801757812,4.772858560284282,7.924002887076555,-0.9832901277148982,False,0.0,False
corner_recovery,planner,8,405,7.862883824966715,19.473514276433132,2.0044891834259033,0.06800207339781308,3.1531143188476562,19.889846801757812,4.728135105135236,7.880490420147906,0.6617203047158057,False,0.0,False
corner_recovery,planner,8,406,7.8276376400144025,19.514516647291504,1.5244929790496826,0.05406928859990741,3.1531143188476562,19.889846801757812,4.689567251355235,7.842678439737749,0.7161128360921376,False,0.0,False
corner_recovery,planner,8,407,7.81579481281207,19.56195777676696,2.145799160003662,0.04889696638904333,3.1531143188476562,19.889846801757812,4.67419518222182,7.828060394843349,0.31907486989112466,False,0.0,False
corner_recovery,planner,8,408,7.822146096593264,19.62303638379877,1.7373329401016235,0.06140793957311645,3.1531143188476562,19.889846801757812,4.676648964881776,7.8312241140442875,-0.033400383467235686,False,0.0,False
corner_recovery,planner,8,409,7.901587536914149,19.709098920631114,1.805618166923523,0.11712259682177158,3.1531143188476562,19.889846801757812,4.751912004575268,7.90694056139889,-0.6352492430391118,False,0.0,False
corner_recovery,planner,8,410,7.941611029881773,19.854808015002554,1.0055277347564697,0.15110598986100712,3.1531143188476562,19.889846801757812,4.788624903681831,7.942938150486086,-0.2280002989570269,False,0.0,False
corner_recovery,planner,8,411,7.992995214112905,19.964922809700585,1.5783947706222534,0.12151379510363627,3.1531143188476562,19.889846801757812,4.84046314801819,7.993072181715307,-0.4162250800289476,False,0.0,False
corner_recovery,planner,8,412,8.0466991773172,20.06165794294048,2.0385401248931885,0.11064267561293295,3.1531143188476562,19.889846801757812,4.89660002810898,8.046935401267053,-0.49888411792231346,False,0.0,False
corner_recovery,planner,8,413,7.991510345156237,20.130429239536074,1.8950296640396118,0.08817765267192049,3.1531143188476562,19.889846801757812,4.844373645453661,7.992574640456297,0.5981312778593211,False,0.0,False
corner_recovery,planner,8,414,7.82715067228497,20.229645931116636,1.9035711288452148,0.19198451488216972,3.1531143188476562,19.889846801757812,4.686371654229592,7.8305188142504,0.8293874202826896,False,0.0,False
corner_recovery,planner,8,415,7.667428638159883,20.3416976525205,1.189797043800354,0.19510693594699555,3.1531143188476562,19.889846801757812,4.536871495301843,7.675038710456928,0.7748416520806111,False,0.0,False
corner_recovery,planner,8,416,7.523213982691015,20.450129763474234,1.3955656290054321,0.1804311213119479,3.1531143188476562,19.889846801757812,4.4058697290221325,7.536668059117568,0.7354512945341845,False,0.0,False
corner_recovery,planner,8,417,7.385982249964116,20.550641503111024,0.9007797837257385,0.1701033752517592,3.1531143188476562,19.889846801757812,4.284135917499656,7.406479586263191,0.7250636234609013,False,0.0,False
corner_recovery,planner,8,418,7.316180502103176,20.641271050214243,1.710981011390686,0.11439405059956989,3.1531143188476562,19.889846801757812,4.230337864442271,7.344230776548185,0.48068523207321706,False,0.0,False
corner_recovery,planner,8,419,7.3044653802906,20.724720922834106,1.5460975170135498,0.08426817500904336,3.1531143188476562,19.889846801757812,4.234469321341976,7.340329346007399,-0.03909144663636425,False,0.0,False
corner_recovery,planner,8,420,7.286088558587226,20.82312809361835,1.6176276206970215,0.1001083355054775,3.1531143188476562,19.889846801757812,4.237037884665153,7.3324365897073704,-0.013844971348422244,False,0.0,False
corner_recovery,planner,8,421,7.264093755983379,20.882867591831495,1.771584391593933,0.06365986952814487,3.1531143188476562,19.889846801757812,4.229212955393864,7.317548310767962,0.13031657757980947,False,0.0,False
corner_recovery,planner,8,422,7.2395525664083635,20.886962001744852,2.185589075088501,0.024880397470608037,3.1531143188476562,19.889846801757812,4.206330499755365,7.2936837712043125,0.9201516012543977,False,0.0,False
corner_recovery,planner,8,423,7.262913602390431,20.859901555196373,1.7155210971832275,0.03574920655844724,3.1531143188476562,19.889846801757812,4.222730914429364,7.313641000241747,-0.4554079418341752,False,0.0,False
corner_recovery,planner,8,424,7.322116236910258,20.83876839844308,2.1997950077056885,0.06286145280255208,3.1531143188476562,19.889846801757812,4.275632022223775,7.370001262757802,-0.839378955899094,False,0.0,False
corner_recovery,planner,8,425,7.414447831216018,20.830789816977553,2.318016290664673,0.09267567679410528,3.1531143188476562,19.889846801757812,4.363981789779203,7.460847697267215,-0.9523339191681743,False,0.0,False
corner_recovery,planner,8,426,7.61842338596854,20.876224166497018,1.7172729969024658,0.2089744172209984,3.1531143188476562,19.889846801757812,4.572955867989744,7.668646795740807,-0.9999983000581388,False,0.0,False
corner_recovery,planner,8,427,7.780668115703057,20.91117275273804,1.3674882650375366,0.16596612909528494,3.1531143188476562,19.889846801757812,4.738919796845743,7.8338389128223955,-0.9999862617030544,False,0.0,False
corner_recovery,planner,8,428,7.930192412608708,20.946680155647858,1.3618052005767822,0.15368243564743944,3.1531143188476562,19.889846801757812,4.892583351542026,7.986498295128734,-0.9998731590907852,False,0.0,False
corner_recovery,planner,8,429,7.979821714124157,20.987857990874357,1.4401662349700928,0.06448784135674011,3.1531143188476562,19.889846801757812,4.950023520251393,8.040734916619359,-0.8893513881171876,False,0.0,False
corner_recovery,planner,8,430,7.9468523384398795,20.984010099312577,1.0161727666854858,0.03319316198379224,3.1531143188476562,19.889846801757812,4.917023237915385,8.007542567137344,0.9942280274217226,False,0.0,False
corner_recovery,planner,8,431,7.948793598491612,20.982382310797963,1.193646788597107,0.00253341390948335,3.1531143188476562,19.889846801757812,4.918554014313555,8.009269297257395,-0.6040710619381545,False,0.0,False
corner_recovery,planner,8,432,7.97187805429228,20.97951251334035,2.0465989112854004,0.023262154609165666,3.1531143188476562,19.889846801757812,4.940430679711527,8.031829460110393,-0.9401669050931631,False,0.0,False
corner_recovery,planner,8,433,8.078361261483016,20.984835654811963,1.6934306621551514,0.10661617723756528,3.1531143188476562,19.889846801757812,5.04549878944112,8.13817067515903,-0.9851689224629849,False,0.0,False
corner_recovery,planner,8,434,8.216627227966695,20.9824536155289,1.3783024549484253,0.1382864837893133,3.1531143188476562,19.889846801757812,5.180053342419764,8.27515426502911,-0.9722833722490045,False,0.0,False
corner_recovery,planner,8,435,8.362520491597564,20.959486169571925,1.9247100353240967,0.14769004010647738,3.1531143188476562,19.889846801757812,5.318086220611943,8.417384551152987,-0.9328086158863969,False,0.0,False
corner_recovery,planner,8,436,8.475057803737641,20.907338358733746,1.505074381828308,0.12403241833862458,3.1531143188476562,19.889846801757812,5.418336601290129,8.523489172511686,-0.8042163092238396,False,0.0,False
corner_recovery,planner,8,437,8.505966763138884,20.901120696532658,1.7302182912826538,0.03152813179550179,3.1531143188476562,19.889846801757812,5.4475411132553795,8.553565869585789,-0.925887069586001,False,0.0,False
corner_recovery,planner,8,438,8.434247147122043,20.85289933405714,1.6939324140548706,0.08642339452138273,3.1531143188476562,19.889846801757812,5.368224485790956,8.477261480736066,0.919018960945015,False,0.0,False
corner_recovery,planner,8,439,8.315190030691253,20.812148235470673,1.5992690324783325,0.1258381858134427,3.1531143188476562,19.889846801757812,5.243821658812815,8.354757327587997,0.9888594703113203,False,0.0,False
corner_recovery,planner,8,440,8.234142080682526,20.80865259690166,1.593233585357666,0.08112329930187982,3.1531143188476562,19.889846801757812,5.1634336643096885,8.273754578626475,0.9910755479641887,False,0.0,False
corner_recovery,planner,8,441,8.271112868645274,20.87143271874663,1.8866665363311768,0.07285727734039815,3.1531143188476562,19.889846801757812,5.211278160697362,8.316892633019354,-0.6526752779380013,False,0.0,False
corner_recovery,planner,8,442,8.361371085420622,20.9639040857694,1.8566738367080688,0.12921880441532413,3.1531143188476562,19.889846801757812,5.31785084370476,8.416747442728157,-0.8207811235081681,False,0.0,False
corner_recovery,planner,8,443,8.46409893987524,21.042252548610772,1.3050307035446167,0.12919556381879088,3.1531143188476562,19.889846801757812,5.434574192167335,8.528027980669554,-0.9012303689229979,False,0.0,False
corner_recovery,planner,8,444,8.53940755208284,21.030160887109183,1.2329078912734985,0.07627316271470379,3.1531143188476562,19.889846801757812,5.505676253435709,8.601320409907949,-0.9312836070496529,False,0.0,False
corner_recovery,planner,8,445,8.551542370241124,20.913985183702348,1.4972096681594849,0.11680773892943712,3.1531143188476562,19.889846801757812,5.4947142647679,8.600246846809492,0.1043609363967947,False,0.0,False
corner_recovery,planner,8,446,8.461062666311268,20.79839172328077,1.9058575630187988,0.14679381770180117,3.1531143188476562,19.889846801757812,5.385143408839437,8.498647585766195,0.7523423399990907,False,0.0,False
corner_recovery,planner,8,447,8.321240150954639,20.704759011218133,2.013718605041504,0.16827780771349277,3.1531143188476562,19.889846801757812,5.23197921685656,8.351031248519714,0.9128670253447373,False,0.0,False
corner_recovery,planner,8,448,8.206540482312903,20.622613863536202,1.6573810577392578,0.14108096708702508,3.1531143188476562,19.889846801757812,5.106276878159117,8.230124829606654,0.8937734573129716,False,0.0,False
corner_recovery,planner,8,449,8.109636076809208,20.547970924142515,1.9729433059692383,0.12231938606514585,3.1531143188476562,19.889846801757812,5.000023529705726,8.128128285896517,0.8715947212586389,False,0.0,False
corner_recovery,planner,8,450,8.131186508400795,20.523589960313913,1.7544701099395752,0.032540013813691725,3.1531143188476562,19.889846801757812,5.018250005272659,8.148026784500688,-0.5578919297357224,False,0.0,False
corner_recovery,planner,8,451,8.158004821790618,20.525424419303828,1.787537693977356,0.026880981620105306,3.1531143188476562,19.889846801757812,5.045085515070495,8.174907552551266,-0.9982993480934403,False,0.0,False
corner_recovery,planner,8,452,8.142007465396796,20.57961039308935,1.6595627069473267,0.05649809878815582,3.1531143188476562,19.889846801757812,5.036350726429958,8.16261194559403,0.16006871578692441,False,0.0,False
corner_recovery,planner,8,453,8.141217190991624,20.642226823806055,1.8778992891311646,0.06262141749701465,3.1531143188476562,19.889846801757812,5.044526336601704,8.166509207985598,-0.12444515750652149,False,0.0,False
corner_recovery,planner,8,454,8.15916313589502,20.664871749265483,1.5727647542953491,0.028893763817452997,3.1531143188476562,19.889846801757812,5.065687359867422,8.186207761907804,-0.7310455978120137,False,0.0,False
corner_recovery,planner,8,455,8.144997740749718,20.64534680594477,1.9622304439544678,0.0241222269141895,3.1531143188476562,19.889846801757812,5.048730568587229,8.1705238936534,0.7041573964472084,False,0.0,False
corner_recovery,planner,8,456,8.137555095514221,20.612845698560655,1.6852142810821533,0.03334238967583399,3.1531143188476562,19.889846801757812,5.036603742689564,8.160599413203283,0.3665712155462498,False,0.0,False
corner_recovery,planner,8,457,8.156392186414513,20.576675073707204,2.027735948562622,0.04078173728367791,3.1531143188476562,19.889846801757812,5.050200243082776,8.176752878694508,-0.32979826540466667,False,0.0,False
corner_recovery,planner,8,458,8.212373174238685,20.573666781180545,2.0482373237609863,0.0560617589957371,3.1531143188476562,19.889846801757812,5.105262963855069,8.23238523933284,-0.98198362578037,False,0.0,False
corner_recovery,planner,8,459,8.403326961064286,20.642072882453192,1.862858533859253,0.20283674074082464,3.1531143188476562,19.889846801757812,5.303826624708773,8.427820691076175,-0.9781052241928153,False,0.0,False
corner_recovery,planner,8,460,8.604736554711648,20.698076321646035,1.6869560480117798,0.2090507345469564,3.1531143188476562,19.889846801757812,5.51120857520249,8.633006528830714,-0.9917039431712854,False,0.0,False
corner_recovery,planner,8,461,8.779927186136355,20.743303906701538,1.0558689832687378,0.18093449585123422,3.1531143188476562,19.889846801757812,5.6911696577649655,8.811334864342294,-0.9944439298528561,False,0.0,False
corner_recovery,planner,8,462,8.917067789202537,20.77814039323311,1.4478243589401245,0.14149602751745544,3.1531143188476562,19.889846801757812,5.832000095427996,8.950955280237658,-0.9951793764529367,False,0.0,False
corner_recovery,planner,8,463,8.92047911174751,20.828543852367115,1.6062777042388916,0.05051876695030574,3.1531143188476562,19.889846801757812,5.843256695303002,8.958874510697143,-0.2187040303366838,False,0.0,False
corner_recovery,planner,8,464,8.840795033611977,20.881977893143784,2.0097386837005615,0.09594138326099044,3.1531143188476562,19.889846801757812,5.773563545644639,8.884680176029555,0.730291424173771,False,0.0,False
corner_recovery,planner,8,465,8.762775919359521,20.941526337960692,1.199236512184143,0.09814784495265345,3.1531143188476562,19.889846801757812,5.707392847800582,8.813212448249548,0.6788303989527514,False,0.0,False
corner_recovery,planner,8,466,8.707177114652486,21.02128584366618,1.6243939399719238,0.09722554106424393,3.1531143188476562,19.889846801757812,5.668136187963191,8.766867061864286,0.41089790820707345,False,0.0,False
corner_recovery,planner,8,467,8.667922057732945,21.022898072202157,1.9190844297409058,0.039288150562334694,3.1531143188476562,19.889846801757812,5.6300008506504335,8.728069274762214,0.9708578833708051,False,0.0,False
corner_recovery,planner,8,468,8.67252466417943,20.824560805228554,1.6341118812561035,0.1983906637336027,3.1531143188476562,19.889846801757812,5.597997930371154,8.711635011426942,0.1784732152702477,False,0.0,False
corner_recovery,planner,8,469,8.674077151866085,20.712972326475562,1.8831475973129272,0.11159927781318388,3.1531143188476562,19.889846801757812,5.5819858682204435,8.703329476404143,0.15324077600946096,False,0.0,False
corner_recovery,planner,8,470,8.62983748517932,20.672738614957527,1.5078210830688477,0.059798826502470155,3.1531143188476562,19.889846801757812,5.5323969698322495,8.656019423768704,0.8309350037856811,False,0.0,False
corner_recovery,planner,8,471,8.525678431480022,20.64528138835039,1.8408257961273193,0.10771725841520764,3.1531143188476562,19.889846801757812,5.425414874363573,8.550063203693588,0.9933074979620229,False,0.0,False
corner_recovery,planner,8,472,8.334153659390024,20.64225356814177,1.9520882368087769,0.19154870403983834,3.1531143188476562,19.889846801757812,5.235387721109875,8.358863969709937,0.992335920211117,False,0.0,False
corner_recovery,planner,8,473,8.116686679613501,20.660517528389125,1.4730348587036133,0.21823258129124457,3.1531143188476562,19.889846801757812,5.023045286421879,8.143518039540682,0.9741196555965238,False,0.0,False
corner_recovery,planner,8,474,7.90683202492526,20.670003461362395,1.0790272951126099,0.21006893872891919,3.1531143188476562,19.889846801757812,4.817310083708655,7.93516838565013,0.980223805397288,False,0.0,False
corner_recovery,planner,8,475,7.757084246380283,20.64946143812866,0.7998759150505066,0.15115016340609957,3.1531143188476562,19.889846801757812,4.666214042391712,7.784224827499352,0.9996531645607086,False,0.0,False
corner_recovery,planner,8,476,7.666360539965643,20.592302325120578,1.0721715688705444,0.10722851815389724,3.1531143188476562,19.889846801757812,4.567585271753407,7.68920710951952,0.9215688881751458,False,0.0,False
corner_recovery,planner,8,477,7.6306869367337455,20.519133337742165,1.814619779586792,0.08140212946556839,3.1531143188476562,19.889846801757812,4.521576947571994,7.648325473513425,0.571262330965328,False,0.0,False
corner_recovery,planner,8,478,7.696087786190023,20.440961533410572,1.22767174243927,0.10192203933428455,3.1531143188476562,19.889846801757812,4.576279643162272,7.708710286856748,-0.5286871314329263,False,0.0,False
corner_recovery,planner,8,479,7.754434040202324,20.374763888630383,2.03287672996521,0.08824065690888792,3.1531143188476562,19.889846801757812,4.626801028709617,7.763484736641781,-0.5660601932089183,False,0.0,False
corner_recovery,planner,8,480,7.8054509957577025,20.286571702727542,2.0481717586517334,0.10188518738492229,3.1531143188476562,19.889846801757812,4.669221262948657,7.810709864537222,-0.4072516161885476,False,0.0,False
corner_recovery,planner,8,481,7.831164017658657,20.173706204009353,1.9027578830718994,0.11575742004806702,3.1531143188476562,19.889846801757812,4.686653939090478,7.833090304393472,-0.13848195288457224,False,0.0,False
corner_recovery,planner,8,482,7.858935336590392,20.062768071442513,1.6399762630462646,0.11436133705333254,3.1531143188476562,19.889846801757812,4.708997049960708,7.859185991914286,-0.18363790680693007,False,0.0,False
corner_recovery,planner,8,483,7.9278000860562114,20.00518521840477,1.248453140258789,0.08976713587363966,3.1531143188476562,19.889846801757812,4.776078634815237,7.927801781765408,-0.7430756874801768,False,0.0,False
corner_recovery,planner,8,484,8.023138345612562,20.054675596100743,1.5360957384109497,0.10741825366167652,3.1531143188476562,19.889846801757812,4.872812591585276,8.023324643416073,-0.8984097652537549,False,0.0,False
corner_recovery,planner,8,485,8.136261702513181,20.137668513337445,1.6223104000091553,0.14030223871315406,3.1531143188476562,19.889846801757812,4.989305908446868,8.137426319872104,-0.8258311264917131,False,0.0,False
corner_recovery,planner,8,486,8.268609146550677,20.23038921933461,1.0720072984695435,0.16159509665788463,3.1531143188476562,19.889846801757812,5.126817382199741,8.27181820465169,-0.8464958131890411,False,0.0,False
corner_recovery,planner,8,487,8.381375357406652,20.311170552955147,1.9506133794784546,0.13871496736951822,3.1531143188476562,19.889846801757812,5.245209928176086,8.387149694310331,-0.8498215312249114,False,0.0,False
corner_recovery,planner,8,488,8.391745008222234,20.37893521139955,2.064115524291992,0.06855347250230104,3.1531143188476562,19.889846801757812,5.2614122602304265,8.400296195817216,-0.23017606749357156,False,0.0,False
corner_recovery,planner,8,489,8.355110936347366,20.4322605058261,1.5250051021575928,0.06469653968962509,3.1531143188476562,19.889846801757812,5.230198986160995,8.366285191383831,0.48717374914564315,False,0.0,False
corner_recovery,planner,8,490,8.272881216961405,20.487674667002334,1.9984822273254395,0.09915874146619369,3.1531143188476562,19.889846801757812,5.15455247790573,8.28724261807199,0.7668453988003526,False,0.0,False
corner_recovery,planner,8,491,8.18244990244113,20.53816946822878,1.497897744178772,0.10357387506877985,3.1531143188476562,19.889846801757812,5.070950472274358,8.200128827188784,0.8106737547758069,False,0.0,False
corner_recovery,planner,8,492,8.111705783473157,20.57068557325815,1.7784777879714966,0.07785902295068736,3.1531143188476562,19.889846801757812,5.005114458814599,8.131755821540441,0.8477676496667966,False,0.0,False
corner_recovery,planner,8,493,8.059221610347668,20.63131976781695,2.2605233192443848,0.08019410189322441,3.1531143188476562,19.889846801757812,4.961821330429595,8.083911034513635,0.5455306764285445,False,0.0,False
corner_recovery,planner,8,494,8.03742023073892,20.76693261041142,1.7729617357254028,0.1373540797697576,3.1531143188476562,19.889846801757812,4.96243123445328,8.073927767474995,0.009400444065655504,False,0.0,False
corner_recovery,planner,8,495,8.00383284060077,20.871031666978194,1.8563395738601685,0.10938339158384482,3.1531143188476562,19.889846801757812,4.948958872027151,8.051089137822174,0.13402039417384254,False,0.0,False
corner_recovery,planner,8,496,7.922953031736238,20.875755218038016,1.7145992517471313,0.081017624110918,3.1531143188476562,19.889846801757812,4.870664918906118,7.971206429708069,0.9669228483143235,False,0.0,False
corner_recovery,planner,8,497,7.809760164323805,20.851693509988696,1.7918548583984375,0.11572204209786222,3.1531143188476562,19.889846801757812,4.754944754707973,7.856063623674126,0.9999841578746872,False,0.0,False
corner_recovery,planner,8,498,7.66702651997129,20.821243937458863,1.4355109930038452,0.14594543397242613,3.1531143188476562,19.889846801757812,4.609002493365016,7.710884337270013,0.9999789287567975,False,0.0,False
corner_recovery,planner,8,499,7.501891681761489,20.79639581640281,2.050215482711792,0.1669938439302284,3.1531143188476562,19.889846801757812,4.442262449264519,7.5440456720029285,0.9985352087790162,False,0.0,False
corner_recovery,planner,8,500,7.362466513779929,20.774107832914407,2.2753875255584717,0.14119536704391344,3.1531143188476562,19.889846801757812,4.301228135335682,7.403050459338382,0.9988955938494255,False,0.0,True
