scenario_name,mode,seed,step,x,y,action_norm,speed,subgoal_x,subgoal_y,dist_to_subgoal,dist_to_goal,alignment_cos,reached_goal,reward,done
corner_recovery,planner,4,0,20.0,0.0,0.0,0.0,19.84075355529785,-0.028101855888962746,0.16170697095264153,28.284271247461902,1.0,False,0.0,False
corner_recovery,planner,4,1,20.020931342239816,-0.010449096335003318,1.7116389274597168,0.02339454428234259,17.0257511138916,-0.08286748826503754,2.9960555775515574,28.306461538802317,-0.8819238518544725,False,0.0,False
corner_recovery,planner,4,2,20.040262368189133,-0.005774070736257002,2.0078790187835693,0.019888298786022104,17.0257511138916,-0.08286748826503754,3.0154968906156645,28.316834426806974,-0.9773776758558119,False,0.0,False
corner_recovery,planner,4,3,20.0612646270543,0.014592766572014398,1.9427833557128906,0.029255818897803463,17.0257511138916,-0.08286748826503754,3.037077672675865,28.317324038875135,-0.7354464261034244,False,0.0,False
corner_recovery,planner,4,4,20.036926157177327,0.05466830011228234,2.1616718769073486,0.04688719979364801,17.0257511138916,-0.08286748826503754,3.014314388777547,28.271799844486782,0.4913900931051018,False,0.0,False
corner_recovery,planner,4,5,20.00868267826904,-0.021172982183746584,1.2880321741104126,0.08092956320868663,17.0257511138916,-0.08286748826503754,2.9835694947226963,28.305383765322595,0.3913837509734558,False,0.0,False
corner_recovery,planner,4,6,19.98282305885904,-0.10803698582653723,1.464666485786438,0.09063153449481458,17.0257511138916,-0.08286748826503754,2.9571790597326038,28.34865726670377,0.30508444688414804,False,0.0,False
corner_recovery,planner,4,7,19.945043328892634,-0.2071148780915885,1.7264699935913086,0.10603648773898379,17.0257511138916,-0.08286748826503754,2.921935052400095,28.39246810490055,0.34832422917076294,False,0.0,False
corner_recovery,planner,4,8,19.812276288344336,-0.3181736623143705,1.9150636196136475,0.17309286700784626,17.0257511138916,-0.08286748826503754,2.7964426587013325,28.378767991187647,0.7390511392921364,False,0.0,False
corner_recovery,planner,4,9,19.68095998200744,-0.414163037044271,1.2347759008407593,0.16265894494617444,17.0257511138916,-0.08286748826503754,2.675797240816637,28.356273350290635,0.7547914981123367,False,0.0,False
corner_recovery,planner,4,10,19.559700373985212,-0.496323057985862,2.1189498901367188,0.14647239186559063,17.0257511138916,-0.08286748826503754,2.567458735960936,28.331627867409953,0.7520476104607493,False,0.0,False
corner_recovery,planner,4,11,19.42979411449882,-0.427784155692388,2.2675890922546387,0.14687823998584862,17.0257511138916,-0.08286748826503754,2.428660177183655,28.192397287981205,0.9480510185446288,False,0.0,False
corner_recovery,planner,4,12,19.314164075922033,-0.35078299629767323,1.7408277988433838,0.13892258408696265,17.0257511138916,-0.08286748826503754,2.3040426654541966,28.05692967011957,0.9026153123679871,False,0.0,False
corner_recovery,planner,4,13,19.187760546056154,-0.29660184773001264,1.9143136739730835,0.13752617649983975,17.0257511138916,-0.08286748826503754,2.1725485405818654,27.930667756752015,0.9586994982929687,False,0.0,False
corner_recovery,planner,4,14,19.031772175219615,-0.3544935696672375,1.6611121892929077,0.1663845645037261,17.0257511138916,-0.08286748826503754,2.024327351637942,27.86599649406223,0.8987390411734821,False,0.0,False
corner_recovery,planner,4,15,18.85887837814562,-0.4278998663821848,1.863059639930725,0.18783170516200695,17.0257511138916,-0.08286748826503754,1.8653157665394327,27.802093205955295,0.8597087980999971,False,0.0,False
corner_recovery,planner,4,16,18.65209119853379,-0.4947661551944931,2.055633544921875,0.21732933127248638,17.0257511138916,-0.08286748826503754,1.6776896562631063,27.711657219201587,0.8781619907556435,False,0.0,False
corner_recovery,planner,4,17,18.450615660939427,-0.5180842296616507,1.5927523374557495,0.20282042511984133,17.0257511138916,-0.08286748826503754,1.4898498546584118,27.59378550911769,0.9347380377566752,False,0.0,False
corner_recovery,planner,4,18,18.37134580902903,-0.5121805303129205,2.1345512866973877,0.07948938978188463,17.0257511138916,-0.08286748826503754,1.4124215984097654,27.53644670147325,0.9754358457109334,False,0.0,False
corner_recovery,planner,4,19,18.362834695330502,-0.44175859295804376,2.1395764350891113,0.0709343944585662,15.272933959960938,2.399031400680542,4.197329429815403,27.478340423337208,0.7672445210110694,False,0.0,False
corner_recovery,planner,4,20,18.3575430141492,-0.3332065694128617,1.7255390882492065,0.10868092613461802,15.272933959960938,2.399031400680542,4.120671952776675,27.39413577594213,0.7118497954565471,False,0.0,False
corner_recovery,planner,4,21,18.314033998482103,-0.22336493964334136,2.099675416946411,0.11814490287246489,15.272933959960938,2.399031400680542,4.015625979848911,27.283480913907482,0.8921308806292081,False,0.0,False
corner_recovery,planner,4,22,18.243781787839655,-0.13112607595285486,2.0012454986572266,0.11594559532411293,15.272933959960938,2.399031400680542,3.9022600724420675,27.167955591251598,0.9783861419312605,False,0.0,False
corner_recovery,planner,4,23,18.091060481432677,-0.1408207220352853,1.9350030422210693,0.15302870186117878,15.272933959960938,2.399031400680542,3.7937693520147615,27.072848551639723,0.7187091670256268,False,0.0,False
corner_recovery,planner,4,24,17.895661857228493,-0.1664364248467438,1.6252968311309814,0.1970705116739006,15.272933959960938,2.399031400680542,3.6688318013941705,26.961822478935808,0.649507656369683,False,0.0,False
corner_recovery,planner,4,25,17.723246618363053,-0.1644270417078845,1.574362874031067,0.17242694746943,15.272933959960938,2.399031400680542,3.54617417927802,26.846183874354985,0.7229676118866396,False,0.0,False
corner_recovery,planner,4,26,17.5784380652589,-0.12947745916963344,2.274325132369995,0.1489664068564321,15.272933959960938,2.399031400680542,3.4217986840091275,26.72447095067293,0.8412852356572998,False,0.0,False
corner_recovery,planner,4,27,17.501821870987094,-0.009545859110320376,2.297503709793091,0.14231524836602122,15.272933959960938,2.399031400680542,3.281643755239164,26.58374868771523,0.9854467303477596,False,0.0,False
corner_recovery,planner,4,28,17.466471034227286,0.18277644162190362,1.1727975606918335,0.19554423800908724,15.272933959960938,2.399031400680542,3.1182352284157426,26.415903542226918,0.8446480587855396,False,0.0,False
corner_recovery,planner,4,29,17.406858896370405,0.3478168633783895,2.081777334213257,0.17547634539568724,15.272933959960938,2.399031400680542,2.9599183624333008,26.252752973230525,0.9074458930434577,False,0.0,False
corner_recovery,planner,4,30,17.325084268342096,0.4872314215984309,1.7696894407272339,0.16162768584885978,15.272933959960938,2.399031400680542,2.8046925051076887,26.09418867294805,0.9625115164969308,False,0.0,False
corner_recovery,planner,4,31,17.224037238768588,0.6052362742217843,1.588138461112976,0.15535651717352783,15.272933959960938,2.399031400680542,2.6503782673952703,25.938857314485723,0.993661420992465,False,0.0,False
corner_recovery,planner,4,32,17.063029127568402,0.665851781269713,2.0406670570373535,0.17204026147076412,15.272933959960938,2.399031400680542,2.49165653777415,25.78674563321396,0.9274154290236936,False,0.0,False
corner_recovery,planner,4,33,16.922335964233383,0.7371323905814462,1.384653091430664,0.1577196610225443,15.272933959960938,2.399031400680542,2.3414600768465634,25.640271508398133,0.9552475212548462,False,0.0,False
corner_recovery,planner,4,34,16.815546460323972,0.8314654048914877,2.264573097229004,0.14248759852715823,15.272933959960938,2.399031400680542,2.1992990877619225,25.498927845758256,0.9978471342067183,False,0.0,False
corner_recovery,planner,4,35,16.73985790693658,0.9563416117193544,2.2715251445770264,0.1460233684914576,15.272933959960938,2.399031400680542,2.0574789654777708,25.35515268252114,0.9730989186488116,False,0.0,False
corner_recovery,planner,4,36,16.749937284127167,1.1639083593578834,1.8103327751159668,0.2078113292623549,15.272933959960938,2.399031400680542,1.925374702961537,25.20632355812448,0.6657867783615651,False,0.0,False
corner_recovery,planner,4,37,16.728263679091654,1.3713903536008467,1.4700499773025513,0.20861093713003756,15.272933959960938,2.399031400680542,1.7815809588756113,25.037170428687276,0.7177262512904444,False,0.0,False
corner_recovery,planner,4,38,16.692566993641506,1.565729028552346,1.272573709487915,0.19758991354325575,15.272933959960938,2.399031400680542,1.6461320705555715,24.86893924328031,0.7149000372401443,False,0.0,False
corner_recovery,planner,4,39,16.63524704129425,1.7517427437420225,1.7094736099243164,0.19464500809360072,12.900012016296387,4.691531658172607,4.753350350371803,24.692718299439232,0.8350571470832939,False,0.0,False
corner_recovery,planner,4,40,16.52860935236136,1.9049288848889923,2.094120979309082,0.18664830709236782,12.900012016296387,4.691531658172607,4.575136461721089,24.50768299500979,0.956545494550795,False,0.0,False
corner_recovery,planner,4,41,16.34129590143109,2.0598024193330122,1.741913080215454,0.24304760967882522,12.900012016296387,4.691531658172607,4.332255020731238,24.267027856156965,0.9993526197117567,False,0.0,False
corner_recovery,planner,4,42,16.20352329440452,2.2116653517844678,1.7686163187026978,0.20504546203135754,12.900012016296387,4.691531658172607,4.130729192545401,24.06198280917878,0.9836403137194786,False,0.0,False
corner_recovery,planner,4,43,16.09843502799437,2.3491731648491045,2.099616527557373,0.17306629478586988,12.900012016296387,4.691531658172607,3.9644108103227578,23.889564632178608,0.9626114080544645,False,0.0,False
corner_recovery,planner,4,44,16.02752459449753,2.4923403278108753,2.0885095596313477,0.15976584781871161,12.900012016296387,4.691531658172607,3.8233202108042925,23.736042042101726,0.8875440365854242,False,0.0,False
corner_recovery,planner,4,45,15.993561069285866,2.659072274456837,2.224269151687622,0.17015599630090988,12.900012016296387,4.691531658172607,3.701477663002492,23.59028974089738,0.7269063252812469,False,0.0,False
corner_recovery,planner,4,46,15.92228345449834,2.736088610093877,2.1570851802825928,0.10493814523211345,12.900012016296387,4.691531658172607,3.599705843600382,23.485351751334743,0.9706692577211559,False,0.0,False
corner_recovery,planner,4,47,15.791485239272824,2.7408798106430403,1.9156465530395508,0.13088593778127092,12.900012016296387,4.691531658172607,3.4879306227991775,23.39333742271163,0.8589109163473332,False,0.0,False
corner_recovery,planner,4,48,15.601596645561335,2.7438302582503065,2.025326728820801,0.1899115140343261,12.900012016296387,4.691531658172607,3.330480483705004,23.263387802443315,0.8375824275359556,False,0.0,False
corner_recovery,planner,4,49,15.404682306344887,2.750972714520649,1.637997031211853,0.19704383185125135,12.900012016296387,4.691531658172607,3.168460552956158,23.126460586406782,0.8318348111138487,False,0.0,False
corner_recovery,planner,4,50,15.243998695626953,2.7606174550273885,2.1740453243255615,0.16097280445092207,12.900012016296387,4.691531658172607,3.036890385375651,23.01251413392684,0.8257763550043887,False,0.0,False
corner_recovery,planner,4,51,15.102136801797348,2.7766414158509463,2.2860894203186035,0.14276401591926766,12.900012016296387,4.691531658172607,2.9182457420608645,22.906737369131875,0.8383254917503589,False,0.0,False
corner_recovery,planner,4,52,14.989713430337757,2.8393308139782185,2.284397840499878,0.1287205309494215,12.900012016296387,4.691531658172607,2.7924003951942327,22.785523378578024,0.9786376010746602,False,0.0,False
corner_recovery,planner,4,53,14.867087189246892,2.9003699417451956,1.626819133758545,0.13697799138047062,12.900012016296387,4.691531658172607,2.6603843764451502,22.658941493852712,0.9655201735409399,False,0.0,False
corner_recovery,planner,4,54,14.715326377974494,2.882967461737469,1.3605461120605469,0.15275532772533906,12.900012016296387,4.691531658172607,2.5624735480277394,22.572851687951395,0.6578795197287883,False,0.0,False
corner_recovery,planner,4,55,14.535054770303416,2.8435199598497607,1.693302869796753,0.18453714514291036,12.900012016296387,4.691531658172607,2.467491042449594,22.48583164003043,0.5411750764043138,False,0.0,False
corner_recovery,planner,4,56,14.315399288177453,2.816731919482771,1.8732801675796509,0.22128291830752086,12.900012016296387,4.691531658172607,2.3490839043325815,22.365047701868956,0.5670948156048649,False,0.0,False
corner_recovery,planner,4,57,14.099043092103292,2.822505024421209,1.4470666646957397,0.21643320521655376,12.900012016296387,4.691531658172607,2.220571115371617,22.22272147485587,0.6236012985281976,False,0.0,False
corner_recovery,planner,4,58,13.900885072335056,2.8285079999209186,1.8403698205947876,0.19824892562967095,12.900012016296387,4.691531658172607,2.114853192424876,22.0928663442082,0.5652038642173479,False,0.0,False
corner_recovery,planner,4,59,13.815557713121958,2.873141937499117,2.2390217781066895,0.09629614018233307,12.900012016296387,4.691531658172607,2.035869617442835,22.00452003606657,0.8276656813749296,False,0.0,False
corner_recovery,planner,4,60,13.767844973891702,2.902125511882543,2.061243772506714,0.05582609666539497,12.900012016296387,4.691531658172607,1.9887454333497014,21.952012828816695,0.8480658148944716,False,0.0,False
corner_recovery,planner,4,61,13.811805956589648,2.8979938581282854,1.980963110923767,0.04415471166833963,12.900012016296387,4.691531658172607,2.0120005044093148,21.982825065471072,-0.5186506022595682,False,0.0,False
corner_recovery,planner,4,62,13.843642012476458,2.86330411308423,2.1266698837280273,0.047084104171680574,12.900012016296387,4.691531658172607,2.0573899791509334,22.029815480167763,-0.9631813559550293,False,0.0,False
corner_recovery,planner,4,63,13.804182177866085,2.823200535791969,2.1264119148254395,0.05626166953721078,12.900012016296387,4.691531658172607,2.07561674302581,22.036285654196195,-0.3117261063034712,False,0.0,False
corner_recovery,planner,4,64,13.716847086360962,2.8084505272952907,1.5469310283660889,0.08857189711675077,12.900012016296387,4.691531658172607,2.052611526118275,21.9932095716624,0.2796318364754233,False,0.0,False
corner_recovery,planner,4,65,13.651436883386896,2.8243258534342437,1.7571938037872314,0.06730914227002625,12.900012016296387,4.691531658172607,2.0127336754102942,21.94004355898373,0.6030990414721951,False,0.0,False
corner_recovery,planner,4,66,13.611950500456413,2.9089934172321303,2.2330963611602783,0.09342253901710237,12.900012016296387,4.691531658172607,1.9194527828637113,21.849203702631595,0.9985541301996196,False,0.0,False
corner_recovery,planner,4,67,13.704306104598889,3.0247312282237746,1.383569359779358,0.14807024856350887,12.900012016296387,4.691531658172607,1.8507059879289218,21.816685258823977,0.4945415744863324,False,0.0,False
corner_recovery,planner,4,68,13.815575401815208,3.1272854480773535,1.5504897832870483,0.151321593015636,12.900012016296387,4.691531658172607,1.8124906947899209,21.8073065744925,0.2908182918159709,False,0.0,False
corner_recovery,planner,4,69,13.920502007164776,3.223629473990992,1.8848680257797241,0.14244916229810536,12.900012016296387,4.691531658172607,1.7877742149912899,21.799701469456462,0.2116243423037761,False,0.0,False
corner_recovery,planner,4,70,13.968956131298617,3.2965273347461275,1.6514866352081299,0.08753228117816156,12.900012016296387,4.691531658172607,1.7574636791059073,21.77470400434937,0.36782371033320316,False,0.0,False
corner_recovery,planner,4,71,13.969660554931941,3.290548755357397,2.011310338973999,0.006019935561327924,12.900012016296387,4.691531658172607,1.7626403746044488,21.779742351945067,-0.8594791996366464,False,0.0,False
corner_recovery,planner,4,72,13.874303291934005,3.2627953936882252,1.7306454181671143,0.09931392999170571,12.900012016296387,4.691531658172607,1.7293151254864927,21.740062324430326,0.36055448040591426,False,0.0,False
corner_recovery,planner,4,73,13.756553610478022,3.200674559262515,1.3115426301956177,0.1331314596657453,12.900012016296387,4.691531658172607,1.719394774894304,21.713132028838345,0.11279425686587517,False,0.0,False
corner_recovery,planner,4,74,13.655745054803626,3.174043925539686,2.1249008178710938,0.10426675188974337,12.900012016296387,4.691531658172607,1.6952585183926343,21.670075468753257,0.2601816613532413,False,0.0,False
corner_recovery,planner,4,75,13.581629645644057,3.260306376863486,1.988820195198059,0.11372908327811913,12.429635047912598,7.774738311767578,4.659097256774575,21.55639131273866,0.9007294202259758,False,0.0,False
corner_recovery,planner,4,76,13.507147138660933,3.394467540066499,1.4149671792984009,0.15344986659647694,12.429635047912598,7.774738311767578,4.510854058726309,21.40529682352808,0.9671678214099626,False,0.0,False
corner_recovery,planner,4,77,13.425467828773625,3.490954298614217,2.4752750396728516,0.12641678780412222,12.429635047912598,7.774738311767578,4.398009595122063,21.27890449228719,0.8954855756191485,False,0.0,False
corner_recovery,planner,4,78,13.334754068571996,3.57009305447932,2.104020833969116,0.12038242799426767,12.429635047912598,7.774738311767578,4.300962936505739,21.160281385363618,0.8109447357960078,False,0.0,False
corner_recovery,planner,4,79,13.222714772701224,3.592233412967382,1.948271632194519,0.11420595121620589,12.429635047912598,7.774738311767578,4.257032144388676,21.072612328203526,0.395975178918593,False,0.0,False
corner_recovery,planner,4,80,13.047109451364335,3.5558840182846776,1.5121955871582031,0.17932793250252715,12.429635047912598,7.774738311767578,4.263801846774447,20.991331912386737,-0.01671786955243236,False,0.0,False
corner_recovery,planner,4,81,12.884026912697474,3.5578061147213553,2.0214881896972656,0.16309386522104463,12.429635047912598,7.774738311767578,4.241342844108191,20.8888460487459,0.1564687230592591,False,0.0,False
corner_recovery,planner,4,82,12.797029827236,3.618882905535245,2.3070356845855713,0.10629613000911396,12.429635047912598,7.774738311767578,4.172063408121286,20.78713471505232,0.6589667150192334,False,0.0,False
corner_recovery,planner,4,83,12.813050234903603,3.7714577793699635,1.9561067819595337,0.15341364211671785,12.429635047912598,7.774738311767578,4.021599461245373,20.67703651225037,0.9814731416080867,False,0.0,False
corner_recovery,planner,4,84,12.826801321951102,3.9410212432301566,1.7971467971801758,0.17012013599587467,12.429635047912598,7.774738311767578,3.854235022780628,20.552801046650348,0.9844811361918239,False,0.0,False
corner_recovery,planner,4,85,12.807189822815873,4.08635316710797,2.3543038368225098,0.1466491697772532,12.429635047912598,7.774738311767578,3.7076586390062856,20.427145338486557,0.9995225525835258,False,0.0,False
corner_recovery,planner,4,86,12.774236503980083,4.217827989532132,2.459071397781372,0.13554169157037285,12.429635047912598,7.774738311767578,3.5735642157304097,20.30413927325196,0.9897106001799325,False,0.0,False
corner_recovery,planner,4,87,12.67787722616456,4.324212848092542,2.1131832599639893,0.1435369240023198,12.429635047912598,7.774738311767578,3.4594436192158273,20.160825226007216,0.8024490596648813,False,0.0,False
corner_recovery,planner,4,88,12.568352018214743,4.416926997786471,1.5216940641403198,0.1434980304043194,12.429635047912598,7.774738311767578,3.3606754110073367,20.019881034763387,0.6992042449187788,False,0.0,False
corner_recovery,planner,4,89,12.491957331566699,4.539739209645854,1.9808207750320435,0.14463397778477505,12.429635047912598,7.774738311767578,3.2355993660785973,19.87633421130377,0.8702025274317606,False,0.0,False
corner_recovery,planner,4,90,12.44406957536322,4.682956006169588,2.1708600521087646,0.15101088702714283,12.429635047912598,7.774738311767578,3.091816000474728,19.73491080054371,0.9543193661916892,False,0.0,False
corner_recovery,planner,4,91,12.441852580177619,4.857312683238662,2.0775113105773926,0.17437077136441864,12.429635047912598,7.774738311767578,2.917451210576106,19.59848654361038,0.9999676314346206,False,0.0,False
corner_recovery,planner,4,92,12.47004057953223,5.070901986059327,2.0492923259735107,0.21544129963178596,12.429635047912598,7.774738311767578,2.7041382145158486,19.451989090194036,0.9908470949541918,False,0.0,False
corner_recovery,planner,4,93,12.46560539178902,5.251021184529851,2.210005521774292,0.18017379539761463,12.429635047912598,7.774738311767578,2.523973455476827,19.311232324297347,0.9999531880265732,False,0.0,False
corner_recovery,planner,4,94,12.360799845160498,5.371942175403415,2.200709581375122,0.16001902586238959,12.429635047912598,7.774738311767578,2.4037819281424992,19.15122577100122,0.7649236919625837,False,0.0,False
corner_recovery,planner,4,95,12.218685279560013,5.509941399973211,1.614323377609253,0.19809173566224214,12.429635047912598,7.774738311767578,2.274599933272071,18.95410425720896,0.6758131939638191,False,0.0,False
corner_recovery,planner,4,96,12.091325101544676,5.646534058242203,1.5169512033462524,0.18675697908535538,12.429635047912598,7.774738311767578,2.154926208605521,18.76758181685764,0.6649947068452584,False,0.0,False
corner_recovery,planner,4,97,12.055591941639907,5.747640741452466,2.3258302211761475,0.1072353491464466,12.429635047912598,7.774738311767578,2.0613182201997713,18.667271935074996,0.8788430073997741,False,0.0,False
corner_recovery,planner,4,98,12.102159052653052,5.832910228086914,1.9864834547042847,0.09715647780262936,12.429635047912598,7.774738311767578,1.9692477838103948,18.6324632386906,0.9500538223396929,False,0.0,False
corner_recovery,planner,4,99,12.187270153449699,5.939917987173941,1.8976037502288818,0.13672805119522577,12.429635047912598,7.774738311767578,1.8507583217724326,18.606865937082492,0.8752508023326294,False,0.0,False
corner_recovery,planner,4,100,12.278932008493713,6.105819385976308,2.080402135848999,0.18953936212484185,12.429635047912598,7.774738311767578,1.6757093384457749,18.542395373961888,0.9310796471298901,False,0.0,False
corner_recovery,planner,4,101,12.33819111069252,6.259864606730244,1.969115138053894,0.1650502082111304,12.429635047912598,7.774738311767578,1.5176311593624616,18.466788581379173,0.9618308986839026,False,0.0,False
corner_recovery,planner,4,102,12.369649490998816,6.419046526826252,2.2976014614105225,0.16226063409511032,11.552350044250488,10.650186538696289,4.3093531052470855,18.369826503554066,0.9315188147554425,False,0.0,False
corner_recovery,planner,4,103,12.323675925832617,6.620453346023069,2.1754894256591797,0.20658721042956701,11.552350044250488,10.650186538696289,4.1028883996193155,18.190251702241277,0.9994354260704456,False,0.0,False
corner_recovery,planner,4,104,12.274183876167815,6.826745454587406,1.4987614154815674,0.21214593334764476,11.552350044250488,10.650186538696289,3.890982627120322,18.00528325642814,0.9989264465227375,False,0.0,False
corner_recovery,planner,4,105,12.244918956576061,7.035857039426605,1.9288890361785889,0.21114945046737263,11.552350044250488,10.650186538696289,3.6800855190621418,17.83275197369437,0.9988697252674894,False,0.0,False
corner_recovery,planner,4,106,12.23966386506974,7.248473266142067,2.3531012535095215,0.2126811600717388,11.552350044250488,10.650186538696289,3.4704543617458383,17.67514655028884,0.9864821147258978,False,0.0,False
corner_recovery,planner,4,107,12.268978944660146,7.45421895244287,2.166531801223755,0.2078236303281711,11.552350044250488,10.650186538696289,3.2753268223621377,17.547776680758098,0.9424558921578163,False,0.0,False
corner_recovery,planner,4,108,12.406602288080022,7.660496748054206,1.9401017427444458,0.24797321148934015,11.552350044250488,10.650186538696289,3.1093394701057155,17.498203360327402,0.6902695156490438,False,0.0,False
corner_recovery,planner,4,109,12.523918276203148,7.847760241664915,2.205491542816162,0.22097659855422092,11.552350044250488,10.650186538696289,2.9660643923611296,17.45065787106822,0.668968353656665,False,0.0,False
corner_recovery,planner,4,110,12.552303537730845,8.02043468076955,2.172292709350586,0.17499195693544436,11.552350044250488,10.650186538696289,2.813450163658973,17.351377736106123,0.8791835804129262,False,0.0,False
corner_recovery,planner,4,111,12.441842996811982,8.182523573613572,1.9327744245529175,0.19614877079270365,11.552350044250488,10.650186538696289,2.6230818176140422,17.15960973465068,0.9725546998269575,False,0.0,False
corner_recovery,planner,4,112,12.34019595560792,8.364197810938471,2.015022039413452,0.20817696676895805,11.552350044250488,10.650186538696289,2.4179424400672627,16.960905895787853,0.9865581945132019,False,0.0,False
corner_recovery,planner,4,113,12.270690612892912,8.528331513011487,2.1219189167022705,0.17824383529907664,11.552350044250488,10.650186538696289,2.2401522096905317,16.79788754554285,0.9976425046860683,False,0.0,False
corner_recovery,planner,4,114,12.313581497427851,8.658593271201624,2.306429147720337,0.13714136364706056,11.552350044250488,10.650186538696289,2.132115632051084,16.740722680990523,0.799388969867713,False,0.0,False
corner_recovery,planner,4,115,12.424167012349375,8.778595766257867,1.868481993675232,0.16318625839874581,11.552350044250488,10.650186538696289,2.0646832312347057,16.741560229793286,0.44495763903037566,False,0.0,False
corner_recovery,planner,4,116,12.551280337888304,8.982632695432498,1.8817436695098877,0.24039314881372767,11.552350044250488,10.650186538696289,1.9438615052855936,16.70080897573571,0.5461103805823282,False,0.0,False
corner_recovery,planner,4,117,12.647171537733593,9.196953641242871,1.7741023302078247,0.2347947827802439,11.552350044250488,10.650186538696289,1.8194834313159964,16.63300209025161,0.5731774706127167,False,0.0,False
corner_recovery,planner,4,118,12.720921143211111,9.411767057009863,2.1864001750946045,0.22712069016620237,11.552350044250488,10.650186538696289,1.7027158382849776,16.550906669630432,0.5600376609553227,False,0.0,False
corner_recovery,planner,4,119,12.771275128876535,9.618549081482074,2.275942087173462,0.2128246449949347,11.552350044250488,10.650186538696289,1.5968889144389558,16.458432233692765,0.544292546501301,False,0.0,False
corner_recovery,planner,4,120,12.725194993366957,9.769334785167972,2.0577871799468994,0.15766961446211677,9.929605484008789,15.379069328308105,6.267730239036544,16.327801393855374,0.9869570524984245,False,0.0,False
corner_recovery,planner,4,121,12.647426168249766,9.895518606744865,1.3274657726287842,0.1482239757524316,9.929605484008789,15.379069328308105,6.1201207330938185,16.18820351082751,0.9959522844728103,False,0.0,False
corner_recovery,planner,4,122,12.60715814621526,10.032584264239032,2.1041674613952637,0.14285834964355346,9.929605484008789,15.379069328308105,5.979480813515723,16.071397355960595,0.984830787678854,False,0.0,False
corner_recovery,planner,4,123,12.590935746027816,10.190790286577942,2.442931652069092,0.15903556763234147,9.929605484008789,15.379069328308105,5.8310306274615575,15.96096043985119,0.9351515317240029,False,0.0,False
corner_recovery,planner,4,124,12.66505708887325,10.33784973105221,2.0259604454040527,0.16468288822549396,9.929605484008789,15.379069328308105,5.735554943535321,15.929871904197674,0.5891296118090418,False,0.0,False
corner_recovery,planner,4,125,12.809464701720254,10.510077699950976,1.6749807596206665,0.2247577182638339,9.929605484008789,15.379069328308105,5.6569133448241455,15.941800751658668,0.3670896097492519,False,0.0,False
corner_recovery,planner,4,126,12.920964572703397,10.678943449741006,2.223792791366577,0.20235578242641475,9.929605484008789,15.379069328308105,5.571302583049317,15.932150536013095,0.4377548666585379,False,0.0,False
corner_recovery,planner,4,127,13.004753427707843,10.844148634890475,2.306236743927002,0.18523856354233192,9.929605484008789,15.379069328308105,5.479237225310103,15.90450332250136,0.5095274979551591,False,0.0,False
corner_recovery,planner,4,128,12.942716072292665,10.97035314534157,2.378588914871216,0.140627920147848,9.929605484008789,15.379069328308105,5.340001292057843,15.781268062098995,0.9903544223053641,False,0.0,False
corner_recovery,planner,4,129,12.857668400721973,11.086961539561141,1.250543236732483,0.14432818173199355,9.929605484008789,15.379069328308105,5.195742652831573,15.644867890148086,0.9995311838563042,False,0.0,False
corner_recovery,planner,4,130,12.80766067648854,11.200077778733988,2.168156623840332,0.12367722525839484,9.929605484008789,15.379069328308105,5.074167129921081,15.539459549945816,0.9834076209393616,False,0.0,False
corner_recovery,planner,4,131,12.810893025249674,11.331405101645375,2.3815786838531494,0.1313670956578753,9.929605484008789,15.379069328308105,4.96844076014952,15.468145254560115,0.8093762619419363,False,0.0,False
corner_recovery,planner,4,132,12.934540458261642,11.502399892325364,1.963975191116333,0.2110163646027066,9.929605484008789,15.379069328308105,4.904915913180443,15.47616052050247,0.3203534365022638,False,0.0,False
corner_recovery,planner,4,133,13.041669599917977,11.688519872538293,1.523439645767212,0.21474938888500772,9.929605484008789,15.379069328308105,4.827535431978982,15.464987806739959,0.37937817085015774,False,0.0,False
corner_recovery,planner,4,134,13.121077048044075,11.85761651809372,2.1457901000976562,0.18681332488876745,9.929605484008789,15.379069328308105,4.752485732604847,15.442184808735105,0.4179623244029304,False,0.0,False
corner_recovery,planner,4,135,13.155911380111993,12.004913519825347,2.0764596462249756,0.15135995973091848,9.929605484008789,15.379069328308105,4.6684019915971495,15.394785223147212,0.5665316800707346,False,0.0,False
corner_recovery,planner,4,136,13.054879652937329,12.118398571341464,2.178356409072876,0.15194165595224846,9.929605484008789,15.379069328308105,4.516559798819162,15.249574545963876,0.9993666843839797,False,0.0,False
corner_recovery,planner,4,137,12.936893044073868,12.25834512803576,1.9329060316085815,0.18304611058880546,9.929605484008789,15.379069328308105,4.333901014454257,15.076353066654233,0.9979696626093294,False,0.0,False
corner_recovery,planner,4,138,12.852428316647414,12.40124393048155,1.3757519721984863,0.16599505390121172,9.929605484008789,15.379069328308105,4.172569641232434,14.930706863327126,0.9729656774081529,False,0.0,False
corner_recovery,planner,4,139,12.79141704843473,12.540313986725351,2.199390411376953,0.1518645955862462,9.929605484008789,15.379069328308105,4.030942485281409,14.807675898790873,0.9349591839796013,False,0.0,False
corner_recovery,planner,4,140,12.776456392496577,12.681732692577249,2.188781261444092,0.14220784644640855,9.929605484008789,15.379069328308105,3.92175789941368,14.723955797687633,0.775022950715586,False,0.0,False
corner_recovery,planner,4,141,12.815786300314166,12.848469709702503,1.3556325435638428,0.17131279732923377,9.929605484008789,15.379069328308105,3.8384859168812895,14.67612905327433,0.5027622688669859,False,0.0,False
corner_recovery,planner,4,142,12.845378161525442,12.994935207193778,1.6382871866226196,0.14942496513405773,9.929605484008789,15.379069328308105,3.7664075475729146,14.631290881668917,0.49730677338425605,False,0.0,False
corner_recovery,planner,4,143,12.849912311404752,13.14677554225273,1.3680975437164307,0.15190801778030882,9.929605484008789,15.379069328308105,3.675775770282638,14.563204725576606,0.6096105821901657,False,0.0,False
corner_recovery,planner,4,144,12.819914256355387,13.297857705168552,2.146681547164917,0.1540315008628679,9.929605484008789,15.379069328308105,3.5616466163552607,14.466129851500458,0.7503962561327698,False,0.0,False
corner_recovery,planner,4,145,12.722853101799087,13.46284102805923,1.925881266593933,0.19141673008348054,9.929605484008789,15.379069328308105,3.387353414240366,14.304035740810505,0.9151359136839464,False,0.0,False
corner_recovery,planner,4,146,12.61424466005717,13.623063115812636,2.0059893131256104,0.1935637130809067,9.929605484008789,15.379069328308105,3.2079347443326225,14.134514224715685,0.9309463239135927,False,0.0,False
corner_recovery,planner,4,147,12.55307145108231,13.743811429555912,2.3592371940612793,0.135359952600931,9.929605484008789,15.379069328308105,3.0913819039103605,14.025672828243676,0.8665139200697779,False,0.0,False
corner_recovery,planner,4,148,12.498621204040655,13.864155344191785,1.9657350778579712,0.13208893667822297,9.929605484008789,15.379069328308105,2.982416159599801,13.92350967401197,0.8317674300195309,False,0.0,False
corner_recovery,planner,4,149,12.467581459885974,14.000369779334669,1.4738848209381104,0.13970625633264622,9.929605484008789,15.379069328308105,2.8882753505282883,13.83604532529484,0.686634750476605,False,0.0,False
corner_recovery,planner,4,150,12.45846253776308,14.149592400857163,1.468273639678955,0.14950098834030787,9.929605484008789,15.379069328308105,2.811891092033445,13.76374069361067,0.5300527001526574,False,0.0,False
corner_recovery,planner,4,151,12.446785975481527,14.278735342797724,2.0692484378814697,0.12966974033974957,9.929605484008789,15.379069328308105,2.747168088472217,13.698735357586681,0.5164502131708839,False,0.0,False
corner_recovery,planner,4,152,12.376401346133859,14.353461937825553,2.2401490211486816,0.10265505371320924,9.929605484008789,15.379069328308105,2.6530511699409027,13.603628279549863,0.9198056646604693,False,0.0,False
corner_recovery,planner,4,153,12.19814088195413,14.396236486587403,1.7332507371902466,0.18332063471238685,9.929605484008789,15.379069328308105,2.4722890701727853,13.42374040609602,0.9870010329598241,False,0.0,False
corner_recovery,planner,4,154,12.028053196996941,14.425664928373356,1.4737228155136108,0.17261475533697862,9.929605484008789,15.379069328308105,2.304878034508582,13.256970815407083,0.9719266560818183,False,0.0,False
corner_recovery,planner,4,155,11.878149587006858,14.455529456240896,1.6856211423873901,0.1528495414216546,9.929605484008789,15.379069328308105,2.1563279009989333,13.10845495174483,0.9737107505011963,False,0.0,False
corner_recovery,planner,4,156,11.746025330099478,14.504245452514821,2.160698413848877,0.14081927267348185,7.817266464233398,17.349905014038086,4.8510745785042415,12.968131287951344,0.9648351252627841,False,0.0,False
corner_recovery,planner,4,157,11.683892376405248,14.567553464182282,0.9610730409622192,0.08870404881433895,7.817266464233398,17.349905014038086,4.763641054032491,12.885061754913657,0.9859368468819544,False,0.0,False
corner_recovery,planner,4,158,11.624242448573646,14.631242911731855,1.3105137348175049,0.08726087106765033,7.817266464233398,17.349905014038086,4.6780540582446815,12.804162025531031,0.9811655885783162,False,0.0,False
corner_recovery,planner,4,159,11.580863094911914,14.701062206687945,1.897297978401184,0.08219794566943411,7.817266464233398,17.349905014038086,4.602285064672249,12.735585253944302,0.9231074850957849,False,0.0,False
corner_recovery,planner,4,160,11.599525289563472,14.771182130990676,2.3133976459503174,0.07256087991082577,7.817266464233398,17.349905014038086,4.577695220232511,12.723581384598196,0.3458635071616635,False,0.0,False
corner_recovery,planner,4,161,11.63698076479332,14.820410155592564,1.7781976461410522,0.06185718253281371,7.817266464233398,17.349905014038086,4.581327490673888,12.737639980642347,-0.05198719861921867,False,0.0,False
corner_recovery,planner,4,162,11.649723950368543,14.844011530732198,1.9299150705337524,0.026821888208817805,7.817266464233398,17.349905014038086,4.578999075421202,12.739712917291856,0.08971551113064023,False,0.0,False
corner_recovery,planner,4,163,11.688845171295624,14.852806719341444,1.6410690546035767,0.040097696560995696,7.817266464233398,17.349905014038086,4.607018729976522,12.771949737881746,-0.6965441973513616,False,0.0,False
corner_recovery,planner,4,164,11.761844546357816,14.916549270255526,2.047271728515625,0.09691244273314409,7.817266464233398,17.349905014038086,4.634750955744647,12.813370300370888,-0.27650089387132226,False,0.0,False
corner_recovery,planner,4,165,11.914431620479228,15.028195013031848,2.2022151947021484,0.18907032307850363,7.817266464233398,17.349905014038086,4.709256804032596,12.910171403490995,-0.3768345683929092,False,0.0,False
corner_recovery,planner,4,166,12.067747933344345,15.130597162534695,1.5698215961456299,0.18436944435930247,7.817266464233398,17.349905014038086,4.794989057234662,13.013132757958472,-0.4496599836832676,False,0.0,False
corner_recovery,planner,4,167,12.206360377082603,15.23099241276196,1.4921549558639526,0.1711508569282876,7.817266464233398,17.349905014038086,4.873800979487847,13.104910034881817,-0.44641966330602195,False,0.0,False
corner_recovery,planner,4,168,12.3467364813803,15.318860545356367,1.3035457134246826,0.16560875394563623,7.817266464233398,17.349905014038086,4.96399438657976,13.20435414302678,-0.5326669768715101,False,0.0,False
corner_recovery,planner,4,169,12.508727677237342,15.380727829800003,1.5350604057312012,0.17340331144365173,7.817266464233398,17.349905014038086,5.0879727884535955,13.334389505547966,-0.7064336511071413,False,0.0,False
corner_recovery,planner,4,170,12.627069990226644,15.3531774400306,1.941227912902832,0.121506901121311,7.817266464233398,17.349905014038086,5.207795211359495,13.454956575252217,-0.9858079934405038,False,0.0,False
corner_recovery,planner,4,171,12.600889629906224,15.294080134825597,2.141624927520752,0.06463669815979332,7.817266464233398,17.349905014038086,5.206675189134689,13.450951685383501,0.02353186248504308,False,0.0,False
corner_recovery,planner,4,172,12.472826597528176,15.242991752996259,1.8260608911514282,0.13787734773994298,7.817266464233398,17.349905014038086,5.110119728957198,13.349177157940032,0.7070467319501218,False,0.0,False
corner_recovery,planner,4,173,12.361088809631108,15.206026221004397,1.1945992708206177,0.11769360135356388,7.817266464233398,17.349905014038086,5.0241952376231485,13.258156023870166,0.7354471877129009,False,0.0,False
corner_recovery,planner,4,174,12.289588544377,15.163915673201698,1.5931535959243774,0.08297943219648475,7.817266464233398,17.349905014038086,4.977972899362782,13.20688071446042,0.5627293191769771,False,0.0,False
corner_recovery,planner,4,175,12.26233515031998,15.087908069150462,1.7782392501831055,0.08074591854228125,7.817266464233398,17.349905014038086,4.987510982715571,13.2095991792291,-0.11012749542368615,False,0.0,False
corner_recovery,planner,4,176,12.3178028087413,14.983058024641162,1.8025782108306885,0.11861784420712755,7.817266464233398,17.349905014038086,5.084957429463282,13.300299726666031,-0.8176498539985088,False,0.0,False
corner_recovery,planner,4,177,12.346855469043582,14.844722634044327,2.092301845550537,0.14135323612220055,7.817266464233398,17.349905014038086,5.176206652513837,13.379900025537795,-0.6374333225173185,False,0.0,False
corner_recovery,planner,4,178,12.316929847561267,14.636409887750967,2.0801377296447754,0.2104512843614523,7.817266464233398,17.349905014038086,5.254524370829919,13.434093187184658,-0.3546283898760068,False,0.0,False
corner_recovery,planner,4,179,12.329917637631457,14.413100909643342,1.6634167432785034,0.22368634825214265,7.817266464233398,17.349905014038086,5.384128430893963,13.536628472282281,-0.5652612583898641,False,0.0,False
corner_recovery,planner,4,180,12.350697873574445,14.217348919370131,1.2986125946044922,0.1968518729953296,7.817266464233398,17.349905014038086,5.510436283039782,13.637404132921562,-0.6308845111814378,False,0.0,False
corner_recovery,planner,4,181,12.393461040886619,14.031959816608483,2.244386911392212,0.19025721510980376,7.817266464233398,17.349905014038086,5.652461157454911,13.755558156707066,-0.7388453420190132,False,0.0,False
corner_recovery,planner,4,182,12.45459930125598,13.866505453638933,2.0421392917633057,0.17638886899873077,7.817266464233398,17.349905014038086,5.799907614670851,13.882967950157017,-0.8312167754456941,False,0.0,False
corner_recovery,planner,4,183,12.587115253557997,13.714097431770938,1.8988968133926392,0.2019620824417928,7.817266464233398,17.349905014038086,5.997545685386033,14.069400893556951,-0.9778524322433396,False,0.0,False
corner_recovery,planner,4,184,12.711149411909169,13.526394821478627,2.1258809566497803,0.22498164891481864,7.817266464233398,17.349905014038086,6.210420315740132,14.264672564740403,-0.9442222929128488,False,0.0,False
corner_recovery,planner,4,185,12.752017429146354,13.405794410999542,2.276291847229004,0.1273367733242157,7.817266464233398,17.349905014038086,6.317260128782922,14.356096121970529,-0.8359986701533144,False,0.0,False
corner_recovery,planner,4,186,12.700604020476193,13.27939862718747,1.732108473777771,0.1364523094584806,7.817266464233398,17.349905014038086,6.35735856575693,14.369127506469756,-0.28399679654387455,False,0.0,False
corner_recovery,planner,4,187,12.654587246732136,13.139812025523147,1.2352283000946045,0.14697606209858186,7.817266464233398,17.349905014038086,6.4128429986034154,14.394469682149198,-0.36759443470297515,False,0.0,False
corner_recovery,planner,4,188,12.66627253588578,13.00256331559816,1.655958890914917,0.137745251673797,7.817266464233398,17.349905014038086,6.512468021105071,14.470610909894129,-0.7181337610961521,False,0.0,False
corner_recovery,planner,4,189,12.736183102834682,12.886501448048964,1.8270825147628784,0.13549112321522727,7.817266464233398,17.349905014038086,6.642116552003055,14.588084921522123,-0.9560006160964586,False,0.0,False
corner_recovery,planner,4,190,12.90905702855137,12.797200811923782,2.119372606277466,0.19457645747895938,7.817266464233398,17.349905014038086,6.830332839827556,14.782559639999528,-0.9663708464456363,False,0.0,False
corner_recovery,planner,4,191,13.098007520030704,12.698663636890414,1.7569279670715332,0.21310059383736674,7.817266464233398,17.349905014038086,7.037064192322947,14.995576470481126,-0.9691930157700155,False,0.0,False
corner_recovery,planner,4,192,13.264299117677703,12.5737198713231,1.7656464576721191,0.20799961538938394,7.817266464233398,17.349905014038086,7.244453688524752,15.201686341745344,-0.9969801555965612,False,0.0,False
corner_recovery,planner,4,193,13.308682998322093,12.446516649058458,2.0332534313201904,0.13472412039261306,7.817266464233398,17.349905014038086,7.3619883868884415,15.30281522736188,-0.8701888121402386,False,0.0,False
corner_recovery,planner,4,194,13.273914503011387,12.277970556000692,1.8584179878234863,0.17209483940899392,7.817266464233398,17.349905014038086,7.449800464826339,15.356644977573985,-0.5016090142741996,False,0.0,False
corner_recovery,planner,4,195,13.231604051551242,12.105038553125572,2.0548462867736816,0.17803272710701748,7.817266464233398,17.349905014038086,7.538148028677054,15.40797722040959,-0.4872370516225427,False,0.0,False
corner_recovery,planner,4,196,13.219044611131109,11.953002077592975,2.2203052043914795,0.15255434912201257,7.817266464233398,17.349905014038086,7.635821400066369,15.475700824011085,-0.6342820701903288,False,0.0,False
corner_recovery,planner,4,197,13.23675672409106,11.812021259475891,2.2609429359436035,0.1420890918489821,7.817266464233398,17.349905014038086,7.74848573307946,15.564534186028334,-0.7894588062489943,False,0.0,False
corner_recovery,planner,4,198,13.370939480123036,11.658928192327368,1.9513485431671143,0.2035743088537426,7.817266464233398,17.349905014038086,7.951760883770923,15.759298889286416,-0.9984918916959588,False,0.0,False
corner_recovery,planner,4,199,13.49588703521642,11.482040137397783,1.6832513809204102,0.21656702311429074,7.817266464233398,17.349905014038086,8.165694691800597,15.959154334996107,-0.9875119723411961,False,0.0,False
corner_recovery,planner,4,200,13.599251858150538,11.294961612979737,1.9180028438568115,0.21373502501610536,7.817266464233398,17.349905014038086,8.372197721356752,16.146744081111436,-0.9652930603680331,False,0.0,False
corner_recovery,planner,4,201,13.58091403391691,11.1062061564952,2.2783899307250977,0.18964413555475332,7.817266464233398,17.349905014038086,8.497258895149717,16.23393959972148,-0.6530513494397121,False,0.0,False
corner_recovery,planner,4,202,13.492132036145462,10.92563215682183,1.9723730087280273,0.20121931439682253,7.817266464233398,17.349905014038086,8.571778170440387,16.259820990222764,-0.3601222300537683,False,0.0,False
corner_recovery,planner,4,203,13.415949468691268,10.772685337694101,1.874566912651062,0.17086987173051604,7.817266464233398,17.349905014038086,8.637422651190104,16.282844838162738,-0.3756822619190424,False,0.0,False
corner_recovery,planner,4,204,13.32558048455313,10.662866861756742,2.3422722816467285,0.14222043085071645,7.817266464233398,17.349905014038086,8.663602172105852,16.271236907241676,-0.17612323351138623,False,0.0,False
corner_recovery,planner,4,205,13.327172663973139,10.628028121176914,2.1082563400268555,0.034875104021264355,7.817266464233398,17.349905014038086,8.691530089271474,16.292556217880716,-0.8000760898576453,False,0.0,False
corner_recovery,planner,4,206,13.310109058664722,10.634519901912997,1.9998400211334229,0.018256775269658337,7.817266464233398,17.349905014038086,8.675696915599941,16.274864688261236,0.8675095336841177,False,0.0,False
corner_recovery,planner,4,207,13.267046152338336,10.626919413854525,1.6168893575668335,0.04372849551496164,7.817266464233398,17.349905014038086,8.654399692015424,16.24404978084753,0.4889554579067361,False,0.0,False
corner_recovery,planner,4,208,13.21701463983097,10.603220519127136,1.558302879333496,0.05536054420862083,7.817266464233398,17.349905014038086,8.641471635881304,16.21693376078411,0.23654871339211236,False,0.0,False
corner_recovery,planner,4,209,13.15472497027346,10.568367858293408,1.8934197425842285,0.07137724357787034,7.817266464233398,17.349905014038086,8.630046900130091,16.18649047508474,0.16408543593534256,False,0.0,False
corner_recovery,planner,4,210,13.0492661592706,10.482173218639392,1.4834457635879517,0.13620233743670698,7.817266464233398,17.349905014038086,8.63362964357399,16.15154401088237,-0.01841885647263438,False,0.0,False
corner_recovery,planner,4,211,12.868251011127345,10.412444281484573,2.209838390350342,0.19398094889464035,7.817266464233398,17.349905014038086,8.581422161197022,16.047214983947146,0.2795574608857768,False,0.0,False
corner_recovery,planner,4,212,12.682843397920454,10.348600389170514,1.330132007598877,0.1960918805582867,7.817266464233398,17.349905014038086,8.52596653452379,15.937503916990703,0.29331588872613795,False,0.0,False
corner_recovery,planner,4,213,12.515570678936246,10.28286387967133,1.8806902170181274,0.17972604485022753,7.817266464233398,17.349905014038086,8.486290879337469,15.84494379290898,0.23078256813202422,False,0.0,False
corner_recovery,planner,4,214,12.461292856166573,10.207564060010487,2.0835185050964355,0.09282319152868879,7.817266464233398,17.349905014038086,8.519390555230563,15.848521107218376,-0.3518148324705944,False,0.0,False
corner_recovery,planner,4,215,12.438470358064533,10.128803473419953,2.2148752212524414,0.0820005879229076,7.817266464233398,17.349905014038086,8.573204353582014,15.879422713525074,-0.6535212208138492,False,0.0,False
corner_recovery,planner,4,216,12.411997579409846,10.075848527307734,1.8817873001098633,0.059203330374634634,7.817266464233398,17.349905014038086,8.60368826683734,15.891710617935878,-0.5123646120275337,False,0.0,False
corner_recovery,planner,4,217,12.356239550310484,10.028767872590354,2.0658440589904785,0.07297633765586257,7.817266464233398,17.349905014038086,8.614019138591324,15.877724206048653,-0.137408678500315,False,0.0,False
corner_recovery,planner,4,218,12.258165108236701,9.955951203683037,1.8938946723937988,0.12215098631956062,7.817266464233398,17.349905014038086,8.625087461352164,15.847571676556253,-0.0835797874846414,False,0.0,False
corner_recovery,planner,4,219,12.100635393592857,9.885862971752953,2.0457706451416016,0.17241801312756286,7.817266464233398,17.349905014038086,8.605763940174167,15.770895496287778,0.1219432813585363,False,0.0,False
corner_recovery,planner,4,220,11.86654872252576,9.82916443583269,1.7482414245605469,0.24085533738486364,7.817266464233398,17.349905014038086,8.54155873667017,15.628847515329092,0.2795710749725586,False,0.0,False
corner_recovery,planner,4,221,11.673207097871268,9.779135292471484,2.0236332416534424,0.19970953660127128,7.817266464233398,17.349905014038086,8.49616574385936,15.515470966728472,0.23838156569512015,False,0.0,False
corner_recovery,planner,4,222,11.497084837447506,9.712392306351111,2.130280017852783,0.1883445693749615,7.817266464233398,17.349905014038086,8.477774685607312,15.427826542254394,0.10862421983304409,False,0.0,False
corner_recovery,planner,4,223,11.367772299507212,9.654051826161147,2.1357386112213135,0.1418638223697481,7.817266464233398,17.349905014038086,8.475390727020732,15.370910534812277,0.02516900132599071,False,0.0,False
corner_recovery,planner,4,224,11.2602576973668,9.63415758739139,1.5570411682128906,0.10933970189112115,7.817266464233398,17.349905014038086,8.449079653029587,15.305034868766022,0.24671295638526958,False,0.0,False
corner_recovery,planner,4,225,11.13299289184766,9.618045666339603,1.3643035888671875,0.12828064828259753,7.817266464233398,17.349905014038086,8.412828936533302,15.22263139263841,0.2895743020872555,False,0.0,False
corner_recovery,planner,4,226,10.992255286470808,9.591582454621108,1.9148308038711548,0.14320396342863034,7.817266464233398,17.349905014038086,8.38284694822057,15.13819117602551,0.2175036059840554,False,0.0,False
corner_recovery,planner,4,227,10.76622961393866,9.523131031823,2.2736682891845703,0.23616350676320566,7.817266464233398,17.349905014038086,8.363897095672481,15.022532525389984,0.09423581491779098,False,0.0,False
corner_recovery,planner,4,228,10.468822432210017,9.477690732265469,1.9333070516586304,0.30085852583507267,7.817266464233398,17.349905014038086,8.306774750133602,14.843019754854321,0.207201667798085,False,0.0,False
corner_recovery,planner,4,229,10.216062578560836,9.434442805990955,2.550666570663452,0.2564330843393674,7.817266464233398,17.349905014038086,8.270959120025609,14.696902171170201,0.1548026017371896,False,0.0,False
corner_recovery,planner,4,230,10.055772358297462,9.389287282187547,2.2274837493896484,0.16652920477213864,7.817266464233398,17.349905014038086,8.269361723277846,14.618679218788756,0.01965846924576845,False,0.0,False
corner_recovery,planner,4,231,10.046013774792849,9.356358832621034,2.0802295207977295,0.03434403504061449,7.817266464233398,17.349905014038086,8.298439318858282,14.635897309808236,-0.8460683243391485,False,0.0,False
corner_recovery,planner,4,232,10.028514903396982,9.317470174742361,1.9238426685333252,0.04264432215117899,7.817266464233398,17.349905014038086,8.33124415121986,14.652220126491901,-0.7682172101714067,False,0.0,False
corner_recovery,planner,4,233,9.947278102267262,9.29102179196465,1.1584502458572388,0.08543380366895749,7.817266464233398,17.349905014038086,8.335619255050966,14.61610604449837,-0.04609658629854569,False,0.0,False
corner_recovery,planner,4,234,9.917642237473693,9.222021451668482,1.537472128868103,0.07509548217469264,7.817266464233398,17.349905014038086,8.394883536550866,14.646653171930323,-0.7874866796730243,False,0.0,False
corner_recovery,planner,4,235,9.852970801124114,9.159622248844682,1.5134419202804565,0.08986687483474301,7.817266464233398,17.349905014038086,8.439480074095783,14.649055375536935,-0.4922167730885449,False,0.0,False
corner_recovery,planner,4,236,9.76246734708361,9.056506799990991,1.9630002975463867,0.13719938405677914,7.817266464233398,17.349905014038086,8.518465848461258,14.665122301621528,-0.5702662364900214,False,0.0,False
corner_recovery,planner,4,237,9.6323871498882,8.936057354341775,2.128742218017578,0.17728205396937555,7.817266464233398,17.349905014038086,8.607409339869287,14.669482235980452,-0.493919590964376,False,0.0,False
corner_recovery,planner,4,238,9.542866237870445,8.806266984959299,1.7353341579437256,0.15766906377894851,7.817266464233398,17.349905014038086,8.716160011765359,14.70938322452372,-0.6849384348242042,False,0.0,False
corner_recovery,planner,4,239,9.462616194647834,8.68872796981525,1.9440358877182007,0.14232178160163594,7.817266464233398,17.349905014038086,8.816074156150654,14.747405879952288,-0.6978893566509434,False,0.0,False
corner_recovery,planner,4,240,9.374689603863867,8.608081282498425,2.2540442943573,0.11931040835597291,7.817266464233398,17.349905014038086,8.879473463509333,14.753325633054942,-0.5265252234793711,False,0.0,False
corner_recovery,planner,4,241,9.271708957101174,8.569143169025516,1.9176223278045654,0.11009627735982652,7.817266464233398,17.349905014038086,8.900403448377382,14.718324458831113,-0.18413076875486,False,0.0,False
corner_recovery,planner,4,242,9.099009984164516,8.69023200470903,2.0686981678009033,0.21092046221399552,7.817266464233398,17.349905014038086,8.754016397025286,14.515606594256868,0.7001805308682538,False,0.0,False
corner_recovery,planner,4,243,8.919640087253043,8.813678046700536,1.5153976678848267,0.21774408189753658,7.817266464233398,17.349905014038086,8.607113246764579,14.307123335213163,0.68143567038363,False,0.0,False
corner_recovery,planner,4,244,8.775095140340783,8.91287429043668,2.1970839500427246,0.17530868902946178,7.817266464233398,17.349905014038086,8.491226248532522,14.13954211499412,0.6667791289778354,False,0.0,False
corner_recovery,planner,4,245,8.668197416620362,8.978386249740266,2.316380262374878,0.12537519750094972,7.817266464233398,17.349905014038086,8.414654473400597,14.021897735806602,0.6153698894649094,False,0.0,False
corner_recovery,planner,4,246,8.641170976628914,8.947731911663126,2.0700056552886963,0.040867063774621334,7.817266464233398,17.349905014038086,8.442471882560163,14.029343026093684,-0.6793771757521823,False,0.0,False
corner_recovery,planner,4,247,8.597822605063058,8.90948834479289,1.92592453956604,0.05780702141063527,7.817266464233398,17.349905014038086,8.476432117315577,14.032890020320762,-0.5852339396249154,False,0.0,False
corner_recovery,planner,4,248,8.541335313668354,8.899507122229211,1.8658528327941895,0.05736234734541433,7.817266464233398,17.349905014038086,8.481361932414506,14.006261138146685,-0.08258300950970228,False,0.0,False
corner_recovery,planner,4,249,8.4531937698379,8.92563156622916,1.68408203125,0.09193159589130456,7.817266464233398,17.349905014038086,8.448241631337961,13.93191017475085,0.36498732526164857,False,0.0,False
corner_recovery,planner,4,250,8.327916626018977,9.066139911832938,1.193867564201355,0.18824706623939125,7.817266464233398,17.349905014038086,8.299489614201798,13.744216665839343,0.7943802041482269,False,0.0,False
corner_recovery,planner,4,251,8.258357027242793,9.020554185649738,1.7913213968276978,0.08316607609809051,7.817266464233398,17.349905014038086,8.341021886264873,13.738584031102475,-0.49562879198556875,False,0.0,False
corner_recovery,planner,4,252,8.188737750350478,8.914173988844412,2.357234239578247,0.12713610811783008,7.817266464233398,17.349905014038086,8.443906018296543,13.782269925292743,-0.806613757119341,False,0.0,False
corner_recovery,planner,4,253,8.116758574041569,8.77311082989778,2.333808183670044,0.15836608422926934,7.817266464233398,17.349905014038086,8.582021556774391,13.853693016197372,-0.8698833562303597,False,0.0,False
corner_recovery,planner,4,254,8.023705777402736,8.674366996864213,1.6522175073623657,0.1356803873979909,7.817266464233398,17.349905014038086,8.677993839445325,13.879834917031419,-0.703391022957688,False,0.0,False
corner_recovery,planner,4,255,7.91548006979633,8.61650254702285,2.0916574001312256,0.12272366659430756,7.817266464233398,17.349905014038086,8.733954692073086,13.865022141968623,-0.45038999564545434,False,0.0,False
corner_recovery,planner,4,256,7.822992788546993,8.62602625684366,2.359804630279541,0.09297633162071377,7.817266464233398,17.349905014038086,8.723880636564115,13.804582387007152,0.11361095854865658,False,0.0,False
corner_recovery,planner,4,257,7.7197610632776,8.771093117227675,1.958870530128479,0.17804826054688272,7.817266464233398,17.349905014038086,8.579365994295348,13.626557182798177,0.8151418588709013,False,0.0,False
corner_recovery,planner,4,258,7.5776649784861165,8.901315628454327,1.7967700958251953,0.19274127669817898,7.817266464233398,17.349905014038086,8.451986244556416,13.438816960780706,0.6672113311974519,False,0.0,False
corner_recovery,planner,4,259,7.45462902754386,9.008956143657766,2.251394271850586,0.16347576498529398,7.817266464233398,17.349905014038086,8.348828299155965,13.280607628807422,0.636848921386731,False,0.0,False
corner_recovery,planner,4,260,7.410041693319922,9.049079924839537,2.2540040016174316,0.05998289914233747,7.817266464233398,17.349905014038086,8.310807973687854,13.222381343362171,0.6360017690298394,False,0.0,False
corner_recovery,planner,4,261,7.484445726863536,8.978654026041275,2.259056806564331,0.10244885274663797,7.817266464233398,17.349905014038086,8.377864450279738,13.322424513430805,-0.6510131389363207,False,0.0,False
corner_recovery,planner,4,262,7.516021430117033,8.914737192521654,1.8967745304107666,0.07129085946408403,7.817266464233398,17.349905014038086,8.440545287345245,13.393044077014052,-0.8782611887624769,False,0.0,False
corner_recovery,planner,4,263,7.511704880218803,8.862150091406924,1.5555330514907837,0.05276396314412645,7.817266464233398,17.349905014038086,8.493253293542764,13.434188133037654,-0.9989328594999473,False,0.0,False
corner_recovery,planner,4,264,7.468458055483601,8.833090043091987,1.654004454612732,0.052103495638428615,7.817266464233398,17.349905014038086,8.52395474855106,13.4342005237457,-0.5872374792510469,False,0.0,False
corner_recovery,planner,4,265,7.388125300186713,8.815446421749996,1.4878119230270386,0.08224748596552461,7.817266464233398,17.349905014038086,8.545241108486017,13.404425918181053,-0.25430730200669555,False,0.0,False
corner_recovery,planner,4,266,7.27316301676305,8.799425639925948,1.6302525997161865,0.11607321853139284,7.817266464233398,17.349905014038086,8.567773694996047,13.354840555542324,-0.18758815637852183,False,0.0,False
corner_recovery,planner,4,267,7.133389151096687,8.762282377549372,2.0831642150878906,0.1446248784383016,7.817266464233398,17.349905014038086,8.61480996459913,13.310579932629581,-0.3176821389367529,False,0.0,False
corner_recovery,planner,4,268,6.988690960654187,8.686193436616152,2.0707812309265137,0.16348422936073373,7.817266464233398,17.349905014038086,8.703242824481366,13.298271327401805,-0.5342137396562084,False,0.0,False
corner_recovery,planner,4,269,6.851094778195182,8.628759616060746,2.077848196029663,0.14910182148747397,7.817266464233398,17.349905014038086,8.774500827942479,13.275639627872708,-0.47130563613368703,False,0.0,False
corner_recovery,planner,4,270,6.811355582567921,8.62268006894423,1.8789842128753662,0.040201549251784464,7.817266464233398,17.349905014038086,8.785004948440351,13.260391158852668,-0.2591520387769351,False,0.0,False
corner_recovery,planner,4,271,6.801399236047118,8.713909456011496,1.6477808952331543,0.09177107333311117,7.817266464233398,17.349905014038086,8.695539402679852,13.17705852363148,0.9751365466838612,False,0.0,False
corner_recovery,planner,4,272,6.736630291896148,8.764658441852617,1.7833839654922485,0.08228290035197934,7.817266464233398,17.349905014038086,8.652989844105102,13.10019418245113,0.520579156892623,False,0.0,False
corner_recovery,planner,4,273,6.639836072421218,8.8480916885967,1.3012735843658447,0.12778977887929777,7.817266464233398,17.349905014038086,8.582958239920295,12.978924533819127,0.5531884285555924,False,0.0,False
corner_recovery,planner,4,274,6.5183579475864475,8.936939599726145,1.3642743825912476,0.15050211335870975,7.817266464233398,17.349905014038086,8.51264649783056,12.84057225177176,0.4740350135508723,False,0.0,False
corner_recovery,planner,4,275,6.410560398801319,8.999356268529926,1.7677221298217773,0.12456384735806364,7.817266464233398,17.349905014038086,8.46820443220588,12.732220824876215,0.3631664875840825,False,0.0,False
corner_recovery,planner,4,276,6.314833272811964,9.027608513494854,2.085970878601074,0.09980917791335717,7.817266464233398,17.349905014038086,8.456827096354692,12.659798347388621,0.11980747530895337,False,0.0,False
corner_recovery,planner,4,277,6.269534245165179,8.959265937035289,2.088231086730957,0.08199213171320655,7.817266464233398,17.349905014038086,8.532191930709727,12.696647915903165,-0.9184195533560918,False,0.0,False
corner_recovery,planner,4,278,6.23669057762817,8.887211068763811,1.9752938747406006,0.07918718670909816,7.817266464233398,17.349905014038086,8.609030662316156,12.743248690631503,-0.9700718261725689,False,0.0,False
corner_recovery,planner,4,279,6.209471081405459,8.81425369954603,1.6064109802246094,0.07786962628520637,7.817266464233398,17.349905014038086,8.685755543165648,12.79368795183509,-0.9851672117843189,False,0.0,False
corner_recovery,planner,4,280,6.150519550412946,8.781820642971816,1.2315359115600586,0.06728436791043958,7.817266464233398,17.349905014038086,8.728694923322735,12.793609296303572,-0.6358818611518204,False,0.0,False
corner_recovery,planner,4,281,6.139309519359727,8.836908178203077,1.2083966732025146,0.0562165574725945,7.817266464233398,17.349905014038086,8.676788267313354,12.739927016916946,0.9238087839879898,False,0.0,False
corner_recovery,planner,4,282,6.146999670030377,8.927617566850554,2.0463919639587402,0.09103478239736928,7.817266464233398,17.349905014038086,8.586309859705151,12.664251169700876,0.9939522536139341,False,0.0,False
corner_recovery,planner,4,283,6.084233839706269,8.913565280545399,1.4074406623840332,0.06431964090910916,7.817266464233398,17.349905014038086,8.612504291817965,12.646222210800952,-0.4041297494579646,False,0.0,False
corner_recovery,planner,4,284,6.0046410291118155,8.895506289895161,1.4481152296066284,0.08161582347578154,7.817266464233398,17.349905014038086,8.64652928953804,12.624004691311347,-0.41297745057140695,False,0.0,False
corner_recovery,planner,4,285,5.932175168901591,8.869607631136034,1.5187382698059082,0.0769548011597032,7.817266464233398,17.349905014038086,8.687290307926352,12.612546789582103,-0.5264732359217216,False,0.0,False
corner_recovery,planner,4,286,5.880758049105832,8.854662016434968,1.5398718118667603,0.05354522954366844,7.817266464233398,17.349905014038086,8.713163514486842,12.601661557113033,-0.48084057519643153,False,0.0,False
corner_recovery,planner,4,287,5.873413452046421,8.905739145969733,1.909082293510437,0.05160248315223046,7.817266464233398,17.349905014038086,8.665015968850776,12.55307171476162,0.9334303138062251,False,0.0,False
corner_recovery,planner,4,288,5.911226969250979,8.995285166505642,2.0776751041412354,0.09720263307748875,7.817266464233398,17.349905014038086,8.569285813486202,12.49185145799176,0.9850201092171083,False,0.0,False
corner_recovery,planner,4,289,5.898673614684597,9.16022099559337,1.8034411668777466,0.1654128605270024,7.817266464233398,17.349905014038086,8.411416221083616,12.340792489826212,0.9552575265251682,False,0.0,False
corner_recovery,planner,4,290,5.836391255805995,9.366488428292113,1.3806414604187012,0.21546541722423457,7.817266464233398,17.349905014038086,8.225497369334342,12.129922969108016,0.8661427910513304,False,0.0,False
corner_recovery,planner,4,291,5.764255195348655,9.523730936595925,1.816367506980896,0.1729994729355534,7.817266464233398,17.349905014038086,8.090973733772431,11.957376444937294,0.7817531059657941,False,0.0,False
corner_recovery,planner,4,292,5.688430423740176,9.656400185895139,1.9934661388397217,0.15280878802966488,7.817266464233398,17.349905014038086,7.982603549466909,11.804587997896537,0.7138819121783576,False,0.0,False
corner_recovery,planner,4,293,5.640175524833686,9.603444069092271,1.8869646787643433,0.07164415939429063,7.817266464233398,17.349905014038086,8.046575801543606,11.82793114519296,-0.8920068798296621,False,0.0,False
corner_recovery,planner,4,294,5.610842391533849,9.519159699722618,1.4498021602630615,0.08924285758101977,7.817266464233398,17.349905014038086,8.135654820987781,11.888211208695434,-0.9981437891252483,False,0.0,False
corner_recovery,planner,4,295,5.563922515055304,9.466801452351179,1.8044089078903198,0.07030548254987429,7.817266464233398,17.349905014038086,8.198834107211727,11.91240972254273,-0.8978080063476509,False,0.0,False
corner_recovery,planner,4,296,5.511535164132161,9.432743819979446,1.9497727155685425,0.06248485304065824,7.817266464233398,17.349905014038086,8.246080171874063,11.918218115123079,-0.754488272170944,False,0.0,False
corner_recovery,planner,4,297,5.507825719009582,9.459834520786474,1.4488838911056519,0.02734348283107546,7.817266464233398,17.349905014038086,8.221114823682958,11.892486387639378,0.9133032235937971,False,0.0,False
corner_recovery,planner,4,298,5.503926517068945,9.58810533513823,2.065992832183838,0.12833006502856847,7.817266464233398,17.349905014038086,8.099202180864282,11.777128581172562,0.9507539236768147,False,0.0,False
corner_recovery,planner,4,299,5.463362693789936,9.701436429184572,1.949042797088623,0.12037176012982144,7.817266464233398,17.349905014038086,8.002495526646614,11.657990544944797,0.8060345337903825,False,0.0,False
corner_recovery,planner,4,300,5.404445185036534,9.79447946860698,1.8134069442749023,0.1101284705363106,7.817266464233398,17.349905014038086,7.931340472952735,11.5481893418297,0.6501179308078011,False,0.0,False
corner_recovery,planner,4,301,5.344466261167718,9.690425745919155,1.6359341144561768,0.12010265822893287,7.817266464233398,17.349905014038086,8.048749188726493,11.612520868319963,-0.977233819776808,False,0.0,False
corner_recovery,planner,4,302,5.322818470571818,9.524218273699969,1.6366653442382812,0.16761130826759746,7.817266464233398,17.349905014038086,8.21362549371385,11.750506340057955,-0.9833454332778783,False,0.0,False
corner_recovery,planner,4,303,5.300605517759523,9.371099997344738,1.2554351091384888,0.15472110982874374,7.817266464233398,17.349905014038086,8.366296182536077,11.877286479720347,-0.9864996501088072,False,0.0,False
corner_recovery,planner,4,304,5.2864885019037136,9.226388763937495,1.3803462982177734,0.14539818159426451,7.817266464233398,17.349905014038086,8.50860466588159,12.000735800215436,-0.9783847109983793,False,0.0,False
corner_recovery,planner,4,305,5.269415148459918,9.10067464930754,1.4481462240219116,0.12686819150208595,7.817266464233398,17.349905014038086,8.633733140286482,12.106280564527909,-0.9860841444723466,False,0.0,False
corner_recovery,planner,4,306,5.242275316603544,9.147569893454937,1.5111020803451538,0.05418241778322738,7.817266464233398,17.349905014038086,8.59702744212928,12.052248326039274,0.679144438240653,False,0.0,False
corner_recovery,planner,4,307,5.20123181461727,9.260725144811047,1.762548804283142,0.1203689327225332,7.817266464233398,17.349905014038086,8.501674437703443,11.932511755899533,0.7947803461012766,False,0.0,False
corner_recovery,planner,4,308,5.143732661816764,9.425763524066824,1.508758306503296,0.1747679009433634,7.817266464233398,17.349905014038086,8.363001933860133,11.758931190597055,0.7972739105240134,False,0.0,False
corner_recovery,planner,4,309,5.03266402096558,9.561603426771644,1.4958055019378662,0.1754671540413883,7.817266464233398,17.349905014038086,8.271133681743397,11.58826260350994,0.5311787969676444,False,0.0,False
corner_recovery,planner,4,310,4.903154688985696,9.662686056673992,1.2047070264816284,0.16428744668370454,7.817266464233398,17.349905014038086,8.221032948303712,11.441196854656628,0.31396553426172324,False,0.0,False
corner_recovery,planner,4,311,4.847623139936561,9.663013802045766,1.9276123046875,0.05553251621190269,7.817266464233398,17.349905014038086,8.2405750999882,11.417212171259004,-0.3489454570948472,False,0.0,False
corner_recovery,planner,4,312,4.836294981874311,9.60862494361189,1.575417160987854,0.055556053556957606,7.817266464233398,17.349905014038086,8.29539680228836,11.461693797786943,-0.9866932707514442,False,0.0,False
corner_recovery,planner,4,313,4.849769558793447,9.621725302072095,1.5235785245895386,0.018793180011258934,7.817266464233398,17.349905014038086,8.278333138031982,11.455516159433852,0.9081699936467305,False,0.0,False
corner_recovery,planner,4,314,4.900120900404746,9.745728176565798,1.637956142425537,0.13383560992784682,7.817266464233398,17.349905014038086,8.144522307423268,11.364914230536893,0.9998178455675282,False,0.0,False
corner_recovery,planner,4,315,4.944739431973315,9.890254028681937,2.0759007930755615,0.15125652147670055,7.817266464233398,17.349905014038086,7.993610221570093,11.254217505215259,0.9977650801764227,False,0.0,False
corner_recovery,planner,4,316,4.9416128308515175,10.064517312714127,2.0990793704986572,0.17429133023836388,7.817266464233398,17.349905014038086,7.832385190846069,11.096546922326498,0.9266051665042092,False,0.0,False
corner_recovery,planner,4,317,4.82792443793089,10.288100012428185,1.7948033809661865,0.2508271801386394,7.817266464233398,17.349905014038086,7.66845849118198,10.845729839294714,0.6627174580373719,False,0.0,False
corner_recovery,planner,4,318,4.7314784711977955,10.48822232512305,1.6022844314575195,0.22215031968787008,7.817266464233398,17.349905014038086,7.523614614088029,10.623596521879762,0.6603354368306935,False,0.0,False
corner_recovery,planner,4,319,4.6483748103529265,10.683161877810976,2.337416887283325,0.2119142459769693,7.817266464233398,17.349905014038086,7.381553925730313,10.4120536385767,0.6781230820722948,False,0.0,False
corner_recovery,planner,4,320,4.595783183356268,10.835303736443834,2.324204683303833,0.16097522908328502,7.817266464233398,17.349905014038086,7.267598250798096,10.252457299187382,0.7133477177132219,False,0.0,False
corner_recovery,planner,4,321,4.599745766102241,10.962719546732943,1.9574636220932007,0.12747741279791122,7.817266464233398,17.349905014038086,7.151823378457862,10.140517694071557,0.9097354304289513,False,0.0,False
corner_recovery,planner,4,322,4.584921156539092,11.102563859702668,1.7979496717453003,0.14062788101466278,7.817266464233398,17.349905014038086,7.034012204057254,10.009289279581685,0.8406827083242542,False,0.0,False
corner_recovery,planner,4,323,4.4952906898635066,11.13878975654418,2.120056390762329,0.09667438212088618,7.817266464233398,17.349905014038086,7.043683396304383,9.936230943627463,-0.09323568124155891,False,0.0,False
corner_recovery,planner,4,324,4.329314117483902,11.136550163485916,1.898582935333252,0.16599168158660477,7.817266464233398,17.349905014038086,7.125418589253231,9.864263973163277,-0.4834792843966649,False,0.0,False
corner_recovery,planner,4,325,4.161399358448287,11.165862640720201,1.8982535600662231,0.17045406308914712,7.817266464233398,17.349905014038086,7.183853030940479,9.765204939125285,-0.33226106706200725,False,0.0,False
corner_recovery,planner,4,326,4.021053639560158,11.204204745928369,1.867093563079834,0.14548896123768304,7.817266464233398,17.349905014038086,7.223632299311575,9.67134357386651,-0.26404866822262557,False,0.0,False
corner_recovery,planner,4,327,3.9392839612060664,11.171411969662062,2.15881609916687,0.08810020699966403,5.966537952423096,20.12035369873047,9.175691625984781,9.667570777420854,-0.5615284915549075,False,0.0,False
corner_recovery,planner,4,328,3.8655408264502533,11.074242211312201,2.1050868034362793,0.12198365407456956,5.966537952423096,20.12035369873047,9.286889789706072,9.72684727870622,-0.9104590180575372,False,0.0,False
corner_recovery,planner,4,329,3.7674366331440066,10.97887326015302,1.786481499671936,0.13681984355155472,5.966537952423096,20.12035369873047,9.402271598999318,9.776211251867345,-0.8411843833676927,False,0.0,False
corner_recovery,planner,4,330,3.666684413850895,10.966632430447662,2.396275281906128,0.10149309141199123,5.966537952423096,20.12035369873047,9.438216958530678,9.749169412694448,-0.34944531152556374,False,0.0,False
corner_recovery,planner,4,331,3.592464692428679,10.98833279919588,2.0313782691955566,0.07732705252238711,5.966537952423096,20.12035369873047,9.435572560971433,9.701337449259016,0.03828926900598774,False,0.0,False
corner_recovery,planner,4,332,3.483130840255929,11.143811538580216,2.150167226791382,0.19007243259209078,5.966537952423096,20.12035369873047,9.313732873435733,9.516526389104738,0.6469505978557432,False,0.0,False
corner_recovery,planner,4,333,3.356514254174086,11.30291623133508,1.261201024055481,0.20333731366288996,5.966537952423096,20.12035369873047,9.195620000676922,9.322309478753033,0.5881044188417637,False,0.0,False
corner_recovery,planner,4,334,3.2353765857909886,11.433568377291854,1.9214602708816528,0.17816935186614802,5.966537952423096,20.12035369873047,9.106013487325018,9.157041683776407,0.5101662238276712,False,0.0,False
corner_recovery,planner,4,335,3.116370601407571,11.511034784158012,2.033034563064575,0.14199812855041197,5.966537952423096,20.12035369873047,9.06883818918443,9.042914140977597,0.2690638652192443,False,0.0,False
corner_recovery,planner,4,336,3.0154225042205467,11.542167776187522,2.163663148880005,0.10563986708809558,0.6457704901695251,18.530302047729492,7.3789749467521215,8.979292778672518,0.5952551015860951,False,0.0,False
corner_recovery,planner,4,337,2.9113151514301845,11.629931054775522,2.24737548828125,0.13616436381642505,0.6457704901695251,18.530302047729492,7.262768924629727,8.861930379931799,0.8559311648727777,False,0.0,False
corner_recovery,planner,4,338,2.8205565499397203,11.744690662261528,2.091575860977173,0.14631094031153996,0.6457704901695251,18.530302047729492,7.1256028713620605,8.72385645876638,0.938716697796317,False,0.0,False
corner_recovery,planner,4,339,2.738957405410126,11.951955401359143,1.9432826042175293,0.2227489449159394,0.6457704901695251,18.530302047729492,6.90333803764139,8.501347512621939,0.9978945168603306,False,0.0,False
corner_recovery,planner,4,340,2.6061246283886037,12.179516558478541,2.15330171585083,0.26349312492125637,0.6457704901695251,18.530302047729492,6.646462568743851,8.24329101984183,0.9758314795507876,False,0.0,False
corner_recovery,planner,4,341,2.455474955253357,12.370801137108174,1.653242826461792,0.24348534665821842,0.6457704901695251,18.530302047729492,6.4198505994212365,8.014613686599398,0.9331513808469358,False,0.0,False
corner_recovery,planner,4,342,2.3160760614072102,12.546695450450482,1.7216761112213135,0.22443453627214188,0.6457704901695251,18.530302047729492,6.21236417254402,7.804867521653335,0.9270255640722513,False,0.0,False
corner_recovery,planner,4,343,2.2301276099374783,12.702011859087111,1.9639972448349,0.1775114731554705,0.6457704901695251,18.530302047729492,6.039797513657593,7.631127050541788,0.9729285690651226,False,0.0,False
corner_recovery,planner,4,344,2.1741248946522043,12.8549693790096,1.7698053121566772,0.16288740595933673,0.6457704901695251,18.530302047729492,5.8775222744232005,7.468485899594169,0.9963429449352587,False,0.0,False
corner_recovery,planner,4,345,2.0443582058644485,12.964444461893548,2.0926992893218994,0.16977687501949618,0.6457704901695251,18.530302047729492,5.738886500384919,7.326557322758465,0.821388727335631,False,0.0,False
corner_recovery,planner,4,346,1.8668209206755075,12.940606931493736,1.9269152879714966,0.17913044266070827,0.6457704901695251,18.530302047729492,5.721508161866826,7.302057987002434,0.1124748278832684,False,0.0,False
corner_recovery,planner,4,347,1.6655585305648626,12.914575465445246,2.01493501663208,0.2029388747817508,0.6457704901695251,18.530302047729492,5.707569771304356,7.278552469660972,0.08633377927968691,False,0.0,False
corner_recovery,planner,4,348,1.3970895889277806,12.911758616957488,2.097783088684082,0.2684837187971329,0.6457704901695251,18.530302047729492,5.668554548703766,7.224612461839515,0.16834020024908103,False,0.0,False
corner_recovery,planner,4,349,1.1545500200718248,12.90979920649555,2.026007652282715,0.24254748349589456,0.6457704901695251,18.530302047729492,5.6434837466202055,7.1835877555062275,0.12453005266752287,False,0.0,False
corner_recovery,planner,4,350,0.9186201181285029,12.894877829185887,2.0201871395111084,0.23640128200118293,0.6457704901695251,18.530302047729492,5.6420256151869035,7.164260183970476,0.027111861657908486,False,0.0,False
corner_recovery,planner,4,351,0.7658920310200614,12.874820639481129,2.1885733604431152,0.15403947367689988,0.6457704901695251,18.530302047729492,5.656756945779021,7.166224356154651,-0.08210724845648963,False,0.0,False
corner_recovery,planner,4,352,0.6382261653166992,12.856894135457827,1.6573219299316406,0.12891831837363688,0.6457704901695251,18.530302047729492,5.673412928376025,7.17156147781999,-0.11799308580144979,False,0.0,False
corner_recovery,planner,4,353,0.5015806881741409,12.818554148916762,1.9334239959716797,0.14192230618012946,0.6457704901695251,18.530302047729492,5.713567603397294,7.198940734496284,-0.2714278009443822,False,0.0,False
corner_recovery,planner,4,354,0.3096008102312595,12.766463336851832,1.7644551992416382,0.19892140718521867,0.6457704901695251,18.530302047729492,5.773633755159886,7.240159205349326,-0.2861386364123664,False,0.0,False
corner_recovery,planner,4,355,0.0577968274176177,12.734675590788441,2.361205816268921,0.25380249518198866,0.6457704901695251,18.530302047729492,5.825375443392895,7.265554297116279,-0.18280000858031245,False,0.0,False
corner_recovery,planner,4,356,-0.25042097611143194,12.742725601517026,1.651617169380188,0.3083229104121233,0.6457704901695251,18.530302047729492,5.856551909185824,7.261593651544612,-0.07492307896821643,False,0.0,False
corner_recovery,planner,4,357,-0.502788879764126,12.739257832009653,1.0256373882293701,0.2523917277158896,0.6457704901695251,18.530302047729492,5.903844657059042,7.278129807007267,-0.1665871076851525,False,0.0,False
corner_recovery,planner,4,358,-0.7244909849973625,12.723763170149068,1.4166923761367798,0.22224290317358378,0.6457704901695251,18.530302047729492,5.96602968876115,7.312216462292509,-0.2624583209363427,False,0.0,False
corner_recovery,planner,4,359,-0.9218138633945712,12.67102330413494,1.790652871131897,0.20424938630543749,0.6457704901695251,18.530302047729492,6.065349792112399,7.386720531283119,-0.4731987044779338,False,0.0,False
corner_recovery,planner,4,360,-0.9851047713810316,12.590782083528444,1.6122015714645386,0.10219781073081222,0.6457704901695251,18.530302047729492,6.159354797694351,7.474419144278757,-0.918537235631836,False,0.0,False
corner_recovery,planner,4,361,-1.0197398768650374,12.528395221902588,1.5247482061386108,0.07135622632547078,0.6457704901695251,18.530302047729492,6.228708560256065,7.5408717915475,-0.9716165367234882,False,0.0,False
corner_recovery,planner,4,362,-1.0459031420345493,12.45983776540418,1.996263861656189,0.07338011505756475,0.6457704901695251,18.530302047729492,6.3017692976561674,7.612355739621131,-0.9955964631300542,False,0.0,False
corner_recovery,planner,4,363,-1.0687086859549269,12.385699561586687,2.061335802078247,0.0775665269223026,0.6457704901695251,18.530302047729492,6.379308626965521,7.688934218853525,-0.9996450489361016,False,0.0,False
corner_recovery,planner,4,364,-1.10573451019003,12.305872970827554,1.9785256385803223,0.0879954331344237,0.6457704901695251,18.530302047729492,6.466164790636474,7.77317435466793,-0.9868756520503553,False,0.0,False
corner_recovery,planner,4,365,-1.1304726496854718,12.224190942618307,1.9455089569091797,0.08534593884932189,0.6457704901695251,18.530302047729492,6.551494254129248,7.857555275564153,-0.9998044102444353,False,0.0,False
corner_recovery,planner,4,366,-1.1261656011964452,12.135910756999872,1.9049675464630127,0.08838519015939401,0.6457704901695251,18.530302047729492,6.635359635381049,7.944315488649005,-0.9481901226500494,False,0.0,False
corner_recovery,planner,4,367,-1.0572542495232842,12.10210966083084,1.9913517236709595,0.07675472944158056,0.6457704901695251,18.530302047729492,6.649958693630176,7.968341004103464,-0.1846294990203903,False,0.0,False
corner_recovery,planner,4,368,-0.9401718687464068,12.103307916166905,1.5222762823104858,0.11708851226415047,0.6457704901695251,18.530302047729492,6.619778450442564,7.9524630781698304,0.26597460171722226,False,0.0,False
corner_recovery,planner,4,369,-0.7981150047875388,12.127222113870303,1.7180354595184326,0.1440556887096984,0.6457704901695251,18.530302047729492,6.563858466019632,7.913129545584338,0.3974242364117803,False,0.0,False
corner_recovery,planner,4,370,-0.6650780161370754,12.136148015050008,1.784356713294983,0.13333608686718457,0.6457704901695251,18.530302047729492,6.527137933284202,7.891926051905882,0.28478480807285633,False,0.0,False
corner_recovery,planner,4,371,-0.5431350187292908,12.137060989144558,2.0467071533203125,0.12194641502927536,0.6457704901695251,18.530302047729492,6.502847648704847,7.881675300150497,0.20815904063082244,False,0.0,False
corner_recovery,planner,4,372,-0.4408583599078953,12.09842051169063,1.980259656906128,0.10933252689632512,0.6457704901695251,18.530302047729492,6.523025551955029,7.913868491677888,-0.17643517441491013,False,0.0,False
corner_recovery,planner,4,373,-0.3839439039464372,11.996161962477188,1.8874187469482422,0.11703019347427676,0.6457704901695251,18.530302047729492,6.614778785957289,8.01304163550113,-0.7805567916405323,False,0.0,False
corner_recovery,planner,4,374,-0.31006179241235937,11.900728421798657,1.4726570844650269,0.1206902112483642,0.6457704901695251,18.530302047729492,6.698123753265791,8.105204402886704,-0.685797156697145,False,0.0,False
corner_recovery,planner,4,375,-0.21167319056822356,11.834617596642765,2.0622260570526123,0.11853673766236707,0.6457704901695251,18.530302047729492,6.750362948328161,8.16812557032893,-0.433570487802701,False,0.0,False
corner_recovery,planner,4,376,-0.05629507920625481,11.884882677810625,1.974502444267273,0.1633062640415972,0.6457704901695251,18.530302047729492,6.682401863536479,8.115312581092665,0.42615846682239233,False,0.0,False
corner_recovery,planner,4,377,0.1770522386302955,11.944618300431046,1.7755643129348755,0.24087198955329234,0.6457704901695251,18.530302047729492,6.6023425553932675,8.057327213223651,0.3484046878214474,False,0.0,False
corner_recovery,planner,4,378,0.4202430641601715,11.98694338907647,1.1598641872406006,0.2468464922796062,0.6457704901695251,18.530302047729492,6.5472440885957415,8.024068823411225,0.24097192090857167,False,0.0,False
corner_recovery,planner,4,379,0.6448051377061683,12.02572977774699,1.6020768880844116,0.2278870527725924,0.6457704901695251,18.530302047729492,6.504572341617141,8.000297447165533,0.20404262515910646,False,0.0,False
corner_recovery,planner,4,380,0.8316065759249371,12.060431905695491,2.053403615951538,0.18999740788956737,0.6457704901695251,18.530302047729492,6.47253850552872,7.983001379257035,0.1827911833567813,False,0.0,False
corner_recovery,planner,4,381,0.9734976740019707,11.975418457093715,2.1188466548919678,0.165409703937445,0.6457704901695251,18.530302047729492,6.563071231809763,8.083415531818185,-0.5383741141337122,False,0.0,False
corner_recovery,planner,4,382,1.1305848661339333,11.887423178395194,1.7906473875045776,0.1800543112650585,0.6457704901695251,18.530302047729492,6.660546873327286,8.190978258179582,-0.531671001667675,False,0.0,False
corner_recovery,planner,4,383,1.2940341456824247,11.84737774198735,1.7062829732894897,0.16828340370344186,0.6457704901695251,18.530302047729492,6.714292445473167,8.254681947357835,-0.3080310639247958,False,0.0,False
corner_recovery,planner,4,384,1.4678070409640023,11.857149028003935,1.5174574851989746,0.17404739919045054,0.6457704901695251,18.530302047729492,6.723593928511329,8.274084811122059,-0.04051829483261351,False,0.0,False
corner_recovery,planner,4,385,1.6500506363363672,11.872701601276978,1.6915206909179688,0.1829060157284599,0.6457704901695251,18.530302047729492,6.73292078644845,8.293108365646734,-0.037426189267726416,False,0.0,False
corner_recovery,planner,4,386,1.84792314810093,11.869713609541039,1.7670354843139648,0.19789507069816337,0.6457704901695251,18.530302047729492,6.768205770800799,8.33764815473581,-0.16407261208847,False,0.0,False
corner_recovery,planner,4,387,2.0337375550846826,11.871485208227455,1.8008017539978027,0.1858228522131478,0.6457704901695251,18.530302047729492,6.80193312781926,8.379071617012645,-0.16822734346811105,False,0.0,False
corner_recovery,planner,4,388,2.1519775575038422,11.822978524383208,1.9851140975952148,0.12780295986262832,0.6457704901695251,18.530302047729492,6.874361685023727,8.4554531292355,-0.5603431788848836,False,0.0,False
corner_recovery,planner,4,389,2.250152165414295,11.70258661480024,1.8198336362838745,0.15534627620707503,0.6457704901695251,18.530302047729492,7.0136822420837905,8.597107283988654,-0.8946277461679216,False,0.0,False
corner_recovery,planner,4,390,2.334068832318131,11.601365154842059,1.6461149454116821,0.1314830443072982,0.6457704901695251,18.530302047729492,7.131656031926827,8.716934356544167,-0.8954276004402871,False,0.0,False
corner_recovery,planner,4,391,2.426772075982467,11.523340763702963,1.8912497758865356,0.12116805271405418,0.6457704901695251,18.530302047729492,7.2297630033435345,8.817197656685945,-0.8067509787746583,False,0.0,False
corner_recovery,planner,4,392,2.527932452441545,11.497950962660266,2.059680461883545,0.10429795665462539,0.6457704901695251,18.530302047729492,7.279869190850753,8.86990869837095,-0.47486556233665256,False,0.0,False
corner_recovery,planner,4,393,2.72606139838464,11.546932389395497,2.046673536300659,0.2040937514612849,0.6457704901695251,18.530302047729492,7.286635852555164,8.881765746585177,-0.019152402384340347,False,0.0,False
corner_recovery,planner,4,394,2.9394309940293337,11.585434688114788,1.5243017673492432,0.21681561602488314,0.6457704901695251,18.530302047729492,7.313826710389586,8.913201667001715,-0.11076642200011903,False,0.0,False
corner_recovery,planner,4,395,3.1313868943895535,11.60907730750106,1.7325814962387085,0.19340641440900244,0.6457704901695251,18.530302047729492,7.354022084116815,8.956180408737215,-0.19517766648892043,False,0.0,False
corner_recovery,planner,4,396,3.2603088715545048,11.55453942776541,1.9929484128952026,0.13998305798267294,0.6457704901695251,18.530302047729492,7.449635902366191,9.052923186192734,-0.6779613390626615,False,0.0,False
corner_recovery,planner,4,397,3.346960663833786,11.417624265337098,1.8601771593093872,0.1620317709832949,0.6457704901695251,18.530302047729492,7.608325281587186,9.21191179594015,-0.9789279600060001,False,0.0,False
corner_recovery,planner,4,398,3.449869565129016,11.290736416596276,1.5340421199798584,0.1633730948591752,0.6457704901695251,18.530302047729492,7.763651341326061,9.367650302055779,-0.9497128147667181,False,0.0,False
corner_recovery,planner,4,399,3.57749534788679,11.201431832638594,1.1000463962554932,0.15576793360762425,0.6457704901695251,18.530302047729492,7.893500444733238,9.498066895945568,-0.8305453913109904,False,0.0,False
corner_recovery,planner,4,400,3.7131352615771926,11.140502057544834,1.5569844245910645,0.1486964144790184,0.6457704901695251,18.530302047729492,8.001116830530972,9.606147888885287,-0.7192468204253933,False,0.0,False
corner_recovery,planner,4,401,3.840906041123018,11.18588290229735,1.390491247177124,0.13559053498013682,0.6457704901695251,18.530302047729492,8.009331044023408,9.614635688820949,-0.052138895993673794,False,0.0,False
corner_recovery,planner,4,402,4.001308952647703,11.22016089932463,1.6234066486358643,0.1640246173773871,0.6457704901695251,18.530302047729492,8.043494388807165,9.648629331064944,-0.19848642538513972,False,0.0,False
corner_recovery,planner,4,403,4.142744654886839,11.23597300818349,2.4727718830108643,0.14231683194352715,0.6457704901695251,18.530302047729492,8.089256112020712,9.693838372331252,-0.3136161998565396,False,0.0,False
corner_recovery,planner,4,404,4.2167541525496866,11.238793717826312,2.217212200164795,0.07406323073695935,0.6457704901695251,18.530302047729492,8.11899119608055,9.723155408705793,-0.39764242865621097,False,0.0,False
corner_recovery,planner,4,405,4.19915300050442,11.25207125356369,2.00203013420105,0.022047528400660647,0.6457704901695251,18.530302047729492,8.09933150067938,9.703563431769384,0.8919742924402455,False,0.0,False
corner_recovery,planner,4,406,4.12218856209388,11.280351207118368,1.9539504051208496,0.08199561301011526,0.6457704901695251,18.530302047729492,8.040352591900444,9.6449320170056,0.721736413852701,False,0.0,False
corner_recovery,planner,4,407,4.067412618434465,11.317392962526185,2.2615911960601807,0.06612484894101386,0.6457704901695251,18.530302047729492,7.9833384198169774,9.588092113438925,0.86327513157613,False,0.0,False
corner_recovery,planner,4,408,4.055681422943671,11.400794264590909,2.0974783897399902,0.08422231375196555,0.6457704901695251,18.530302047729492,7.902997772952127,9.507622788284305,0.9543866734201939,False,0.0,False
corner_recovery,planner,4,409,4.083482943530425,11.572132064273752,2.2174012660980225,0.17357870303437006,0.6457704901695251,18.530302047729492,7.761056399141619,9.365030213093096,0.8213733440388263,False,0.0,False
corner_recovery,planner,4,410,4.089488097184382,11.742968864072441,1.7908300161361694,0.1709423120115818,0.6457704901695251,18.530302047729492,7.610984345197163,9.214253962024808,0.88043546425754,False,0.0,False
corner_recovery,planner,4,411,4.052158822751916,11.877776785332228,1.4572910070419312,0.13988084344912738,0.6457704901695251,18.530302047729492,7.4739262666410635,9.07692134336826,0.9801873564952314,False,0.0,False
corner_recovery,planner,4,412,3.9973815319075174,12.010010697621267,1.7507331371307373,0.14313056679660324,0.6457704901695251,18.530302047729492,7.331268366755931,8.934147310390728,0.9967607898985144,False,0.0,False
corner_recovery,planner,4,413,3.909908212540287,12.158874070653955,1.642620325088501,0.1726611868133388,0.6457704901695251,18.530302047729492,7.158888847975268,8.76188553168511,0.9984070549422395,False,0.0,False
corner_recovery,planner,4,414,3.744721442308127,12.319946731710017,1.7158344984054565,0.23071859742858486,0.6457704901695251,18.530302047729492,6.940605892497579,8.54436404211887,0.9477906688527961,False,0.0,False
corner_recovery,planner,4,415,3.659021049974011,12.430528062434988,2.0215237140655518,0.13990278035524115,0.6457704901695251,18.530302047729492,6.8034492434233425,8.407457431217665,0.98076292419186,False,0.0,False
corner_recovery,planner,4,416,3.599218590509792,12.497945323489038,1.8135546445846558,0.0901189283447127,0.6457704901695251,18.530302047729492,6.716560379382631,8.32076912500469,0.9646240197408322,False,0.0,False
corner_recovery,planner,4,417,3.570015238472433,12.510910044950915,1.3143346309661865,0.03195183520241028,0.6457704901695251,18.530302047729492,6.692106352344665,8.296473778524373,0.7663256362073394,False,0.0,False
corner_recovery,planner,4,418,3.5306381837964307,12.495588898385833,2.243800640106201,0.0422526918317118,0.6457704901695251,18.530302047729492,6.688813377916406,8.293466824369126,0.0810729882882064,False,0.0,False
corner_recovery,planner,4,419,3.480697153694406,12.470947158849315,1.4625433683395386,0.055689512612672035,0.6457704901695251,18.530302047729492,6.689737727068261,8.294690431871194,-0.012436525121961016,False,0.0,False
corner_recovery,planner,4,420,3.413308830224439,12.451589846744854,0.9062355756759644,0.07011342005637974,0.6457704901695251,18.530302047729492,6.679072576793384,8.284272630246635,0.15723194130718626,False,0.0,False
corner_recovery,planner,4,421,3.329002009476987,12.433519050877662,1.62726628780365,0.08622177038206036,0.6457704901695251,18.530302047729492,6.661118096604099,8.266431414614962,0.2144107764487359,False,0.0,False
corner_recovery,planner,4,422,3.2031387466296763,12.40173645650753,1.8846931457519531,0.1298140756600284,0.6457704901695251,18.530302047729492,6.640741570416653,8.245829655439595,0.16647108395388233,False,0.0,False
corner_recovery,planner,4,423,3.068905735916892,12.314716748415508,1.1941893100738525,0.15997165611894892,0.6457704901695251,18.530302047729492,6.671213160455245,8.275370751394085,-0.17887348737956008,False,0.0,False
corner_recovery,planner,4,424,2.9582261197618487,12.237358025473752,1.4788116216659546,0.13503462314313,0.6457704901695251,18.530302047729492,6.7043713729236005,8.307208448108065,-0.23604295969113143,False,0.0,False
corner_recovery,planner,4,425,2.8737764628801057,12.155749590136848,1.8867689371109009,0.11743798902221414,0.6457704901695251,18.530302047729492,6.752697953339424,8.354092150032937,-0.4042320227222747,False,0.0,False
corner_recovery,planner,4,426,2.850914775983368,12.048470960554665,1.85866117477417,0.10968756124919384,0.6457704901695251,18.530302047729492,6.846663097007435,8.447161009774986,-0.8545003520116191,False,0.0,False
corner_recovery,planner,4,427,2.847684151753953,11.922824530761314,1.6159840822219849,0.12568795587774959,0.6457704901695251,18.530302047729492,6.964709822405532,8.564465458452256,-0.938122625300323,False,0.0,False
corner_recovery,planner,4,428,2.8146655097673214,11.787861339252204,1.7915784120559692,0.13894349132278924,0.6457704901695251,18.530302047729492,7.0826980955966095,8.68110380742117,-0.8463998394484608,False,0.0,False
corner_recovery,planner,4,429,2.718890334503737,11.73549675615922,1.7160791158676147,0.10915554845848355,0.6457704901695251,18.530302047729492,7.104027367579863,8.700251635355878,-0.18799098013827917,False,0.0,False
corner_recovery,planner,4,430,2.5906506125424134,11.6521015557284,1.7996405363082886,0.15297119252857463,0.6457704901695251,18.530302047729492,7.1478808536912,8.740645229737824,-0.27679639553134466,False,0.0,False
corner_recovery,planner,4,431,2.449902274404065,11.54466810767699,1.63359797000885,0.17706507405166544,0.6457704901695251,18.530302047729492,7.214843937279499,8.803105052392866,-0.36756908029292823,False,0.0,False
corner_recovery,planner,4,432,2.3438481499361608,11.434226083828047,1.4354676008224487,0.1531173339256672,0.6457704901695251,18.530302047729492,7.296421165479577,8.880659149687649,-0.5251766582711506,False,0.0,False
corner_recovery,planner,4,433,2.239244227788456,11.341046703844468,1.794681191444397,0.14008703502754086,0.6457704901695251,18.530302047729492,7.363732134730366,8.9438071813231,-0.4731105430561728,False,0.0,False
corner_recovery,planner,4,434,2.158792239353264,11.33348237738602,1.5380117893218994,0.08080681578893108,0.6457704901695251,18.530302047729492,7.354144966000177,8.931344335304209,0.12405264820790743,False,0.0,False
corner_recovery,planner,4,435,2.113862691232287,11.428404168958997,1.665992259979248,0.10501814514539332,0.6457704901695251,18.530302047729492,7.252051309202533,8.828401359708524,0.9725446706933082,False,0.0,False
corner_recovery,planner,4,436,2.060866355928553,11.554716404920619,2.161477565765381,0.1369795331764944,0.6457704901695251,18.530302047729492,7.1176745759728,8.693099857836394,0.9813541170648341,False,0.0,False
corner_recovery,planner,4,437,1.9762162097006357,11.694545240563933,2.4228813648223877,0.16345565311047755,0.6457704901695251,18.530302047729492,6.964025914607795,8.537330336148576,0.941338628457301,False,0.0,False
corner_recovery,planner,4,438,1.8186044259093852,11.822794580220462,2.429511070251465,0.20319785311906136,0.6457704901695251,18.530302047729492,6.809272785511861,8.37699292916074,0.7677155849995327,False,0.0,False
corner_recovery,planner,4,439,1.637812966194443,11.927175468645963,1.4524245262145996,0.20876044111458592,0.6457704901695251,18.530302047729492,6.67723212818283,8.237288827415618,0.6416951040983437,False,0.0,False
corner_recovery,planner,4,440,1.5330597268373412,12.014732325761539,2.490048885345459,0.13652635051067488,0.6457704901695251,18.530302047729492,6.575707641868829,8.131099061952714,0.7481955962980106,False,0.0,False
corner_recovery,planner,4,441,1.5082090509890982,12.116585553958677,2.2498083114624023,0.10484100430791703,0.6457704901695251,18.530302047729492,6.471441843488693,8.026388843654315,0.9946007748790918,False,0.0,False
corner_recovery,planner,4,442,1.5168451715114264,12.236878874274463,1.6070256233215332,0.12060292488274321,0.6457704901695251,18.530302047729492,6.353420050701485,7.909922179580761,0.9789926785816438,False,0.0,False
corner_recovery,planner,4,443,1.5463626334059737,12.39149438559216,1.5538995265960693,0.15740786796322798,0.6457704901695251,18.530302047729492,6.2045165582158965,7.764057900252282,0.9472747523546561,False,0.0,False
corner_recovery,planner,4,444,1.5598650036185344,12.538634249272095,2.0979888439178467,0.14775809109861493,0.6457704901695251,18.530302047729492,6.060994290262028,7.622673920328039,0.9720056304822645,False,0.0,False
corner_recovery,planner,4,445,1.5444619571713663,12.685060019717053,2.314894914627075,0.1472336921029057,0.6457704901695251,18.530302047729492,5.913924307843726,7.47620957787377,0.9989150916676341,False,0.0,False
corner_recovery,planner,4,446,1.4139868128024347,12.836781342673607,2.460521936416626,0.20010777880377503,0.6457704901695251,18.530302047729492,5.745113953374615,7.3014423396646855,0.8484754670065835,False,0.0,False
corner_recovery,planner,4,447,1.2756424412297958,12.980355887002492,1.644468069076538,0.19938107965671015,0.6457704901695251,18.530302047729492,5.585574371691854,7.134610508710849,0.8064160965580955,False,0.0,False
corner_recovery,planner,4,448,1.1720246384683624,13.143820347096902,2.2289352416992188,0.1935388301170188,0.6457704901695251,18.530302047729492,5.412127912369726,6.955633773140973,0.8995947587102906,False,0.0,False
corner_recovery,planner,4,449,1.1401013078678193,13.308379890374214,2.5591185092926025,0.16762739131857,0.6457704901695251,18.530302047729492,5.245267769599972,6.788049107346685,0.9955643329836273,False,0.0,False
corner_recovery,planner,4,450,1.2160946458158652,13.470401840437894,2.0002686977386475,0.1789583742520133,0.6457704901695251,18.530302047729492,5.091940666412293,6.641877619539437,0.8613118490839157,False,0.0,False
corner_recovery,planner,4,451,1.286158820662477,13.662915240896155,1.571374535560608,0.20486678098935188,0.6457704901695251,18.530302047729492,4.909333105541606,6.466285468182961,0.8954818076156541,False,0.0,False
corner_recovery,planner,4,452,1.323699619008584,13.837491048575902,1.554004192352295,0.17856658188893965,0.6457704901695251,18.530302047729492,4.741525385095539,6.303070462698763,0.9418742317444648,False,0.0,False
corner_recovery,planner,4,453,1.339592218269236,14.008467696757023,2.189746379852295,0.17171368301480938,0.6457704901695251,18.530302047729492,4.57475403579448,6.139459801322229,0.9722449398057532,False,0.0,False
corner_recovery,planner,4,454,1.3218862473764932,14.141840164022472,2.288184881210327,0.13454261938035816,0.6457704901695251,18.530302047729492,4.440239883372622,6.005449185103756,0.9997946387581231,False,0.0,False
corner_recovery,planner,4,455,1.2891434387029514,14.059175392279107,1.112109899520874,0.08891319366221687,0.6457704901695251,18.530302047729492,4.517178579598503,6.0790861011547594,-0.8628085133922739,False,0.0,False
corner_recovery,planner,4,456,1.281491087276139,13.99141010699241,1.414825677871704,0.06819598501632536,0.6457704901695251,18.530302047729492,4.583195471204957,6.1437262234836885,-0.96757190835799,False,0.0,False
corner_recovery,planner,4,457,1.2576598005289956,13.965279722842045,1.4904859066009521,0.035365621779776715,0.6457704901695251,18.530302047729492,4.605848168888439,6.164378070609234,-0.6382534954191625,False,0.0,False
corner_recovery,planner,4,458,1.217137521923032,13.949792132747872,1.5803167819976807,0.043381107758383206,0.6457704901695251,18.530302047729492,4.616008163578109,6.171421147858286,-0.22975217264122555,False,0.0,False
corner_recovery,planner,4,459,1.1779259979902617,13.95537833406523,1.733176350593567,0.03960743938060478,0.6457704901695251,18.530302047729492,4.605769910704566,6.158324507609954,0.26249673675961466,False,0.0,False
corner_recovery,planner,4,460,1.1723468919764397,14.032233472674964,2.080488443374634,0.07705737313609144,0.6457704901695251,18.530302047729492,4.528786108090444,6.081828225113559,0.9990612159955777,False,0.0,False
corner_recovery,planner,4,461,1.1553416966963477,14.116491612922294,2.3353700637817383,0.08595702917419178,0.6457704901695251,18.530302047729492,4.4431278812267045,5.995872361628364,0.9965896813961049,False,0.0,False
corner_recovery,planner,4,462,1.0582741497802368,14.192971385586228,2.220399856567383,0.12357695695815771,0.6457704901695251,18.530302047729492,4.356902172640598,5.902671048323243,0.7048851662940572,False,0.0,False
corner_recovery,planner,4,463,0.9656273710666481,14.259425158380306,2.0738470554351807,0.11401547932001031,0.6457704901695251,18.530302047729492,4.2828375906908045,5.821222872557797,0.6571641724762433,False,0.0,False
corner_recovery,planner,4,464,0.8809005789280252,14.303432260585529,0.8780763745307922,0.09547384118491473,0.6457704901695251,18.530302047729492,4.233404582143081,5.764275309151484,0.5259229941916888,False,0.0,False
corner_recovery,planner,4,465,0.8439674265328321,14.363427660286632,1.1059787273406982,0.07045215206891614,0.6457704901695251,18.530302047729492,4.171585332497839,5.699406000441649,0.8793786136201347,False,0.0,False
corner_recovery,planner,4,466,0.8379034694994013,14.396391833250789,1.987304925918579,0.03351728321499408,0.6457704901695251,18.530302047729492,4.13837271679552,5.66590740399608,0.9909828390498954,False,0.0,False
corner_recovery,planner,4,467,0.8971851968356905,14.329611949583443,2.0011377334594727,0.08929656241198981,0.6457704901695251,18.530302047729492,4.208207059472039,5.740926921650194,-0.7778592478444435,False,0.0,False
corner_recovery,planner,4,468,0.9740269097908986,14.251230811827272,1.0813641548156738,0.10976452799444121,0.6457704901695251,18.530302047729492,4.29164338207969,5.8307011242114735,-0.7546331561597354,False,0.0,False
corner_recovery,planner,4,469,1.007384971461186,14.191935266598435,1.941053032875061,0.06803471145219722,0.6457704901695251,18.530302047729492,4.353411462370779,5.894780778630267,-0.9064977326611442,False,0.0,False
corner_recovery,planner,4,470,0.9089154054369397,14.138307695585066,2.432979106903076,0.1121256964562419,0.6457704901695251,18.530302047729492,4.399870411239362,5.931742061644105,-0.40368003877966463,False,0.0,False
corner_recovery,planner,4,471,0.8306930433994378,14.147380360554614,1.5563756227493286,0.0787467534084782,0.6457704901695251,18.530302047729492,4.3868210433753685,5.911277998569688,0.1744161083207791,False,0.0,False
corner_recovery,planner,4,472,0.734856911737434,14.14113632547118,0.9618047475814819,0.09603932583093289,0.6457704901695251,18.530302047729492,4.390069717892315,5.904769109579275,-0.022892681447215575,False,0.0,False
corner_recovery,planner,4,473,0.6913448417723475,14.11042388111323,1.1799964904785156,0.05325931346803864,0.6457704901695251,18.530302047729492,4.420113124033723,5.930013874385674,-0.5599610705924126,False,0.0,False
corner_recovery,planner,4,474,0.6874753978935431,14.073698063062576,2.1073930263519287,0.03692909838353663,0.6457704901695251,18.530302047729492,4.456799117693921,5.96604366984161,-0.9933621686793961,False,0.0,False
corner_recovery,planner,4,475,0.8121598907233685,13.998288681102768,2.1444814205169678,0.14571478181636566,0.6457704901695251,18.530302047729492,4.535066767744436,6.056413331624498,-0.5254980033660974,False,0.0,False
corner_recovery,planner,4,476,1.0214803520809623,13.894017115255975,1.6497056484222412,0.23385383252599878,0.6457704901695251,18.530302047729492,4.651483190920771,6.190835896587343,-0.4784237494864563,False,0.0,False
corner_recovery,planner,4,477,1.1940856005997889,13.797410124833142,1.8590881824493408,0.19780162389324113,0.6457704901695251,18.530302047729492,4.764547765963068,6.316483323898051,-0.5572907611513268,False,0.0,False
corner_recovery,planner,4,478,1.3491897357839775,13.697894021426935,2.110415458679199,0.18428442036262876,0.6457704901695251,18.530302047729492,4.883335537086735,6.444909053532968,-0.6332855198539218,False,0.0,False
corner_recovery,planner,4,479,1.4366605964294012,13.577124339636617,2.1638927459716797,0.14911897096541984,0.6457704901695251,18.530302047729492,5.015922304833673,6.581589885264901,-0.8859363701275522,False,0.0,False
corner_recovery,planner,4,480,1.4872001762158662,13.459434702026266,1.6095856428146362,0.1280823950660204,0.6457704901695251,18.530302047729492,5.140204232740108,6.7075150973512345,-0.9695815108947999,False,0.0,False
corner_recovery,planner,4,481,1.551643445326599,13.332724220502346,1.985136866569519,0.1421565371754043,0.6457704901695251,18.530302047729492,5.275928456771213,6.845448393005461,-0.9535288385184464,False,0.0,False
corner_recovery,planner,4,482,1.5788956284914497,13.19841040854711,2.0231401920318604,0.13705065329722832,0.6457704901695251,18.530302047729492,5.41292813325203,6.982444584544134,-0.9996183836197694,False,0.0,False
corner_recovery,planner,4,483,1.5697272927389687,13.136388681603998,1.8259706497192383,0.06269571750507458,0.6457704901695251,18.530302047729492,5.47247636580384,7.040824106848808,-0.9492305693379766,False,0.0,False
corner_recovery,planner,4,484,1.6563936489194184,13.065348690989515,2.030499219894409,0.11206131161155708,0.6457704901695251,18.530302047729492,5.557614088828511,7.129728515009631,-0.7554135331072781,False,0.0,False
corner_recovery,planner,4,485,1.7405702437006083,12.976468543325293,1.7409532070159912,0.12241478569915694,0.6457704901695251,18.530302047729492,5.660711359447181,7.23599190824279,-0.8389946142935463,False,0.0,False
corner_recovery,planner,4,486,1.8210009916175731,12.869259309400274,1.9983322620391846,0.13402583724518116,0.6457704901695251,18.530302047729492,5.781744686227835,7.35958608945142,-0.9008756993055816,False,0.0,False
corner_recovery,planner,4,487,1.8980728899124932,12.706783531620015,1.9170351028442383,0.1798289628288015,0.6457704901695251,18.530302047729492,5.956645801780724,7.536158646821986,-0.9717563986792308,False,0.0,False
corner_recovery,planner,4,488,2.0038822346626466,12.517632191899096,1.7215099334716797,0.21673450753093113,0.6457704901695251,18.530302047729492,6.164143598728185,7.7460552558125535,-0.955864758459853,False,0.0,False
corner_recovery,planner,4,489,2.115442726086842,12.355746420943227,1.2398040294647217,0.19660301646918918,0.6457704901695251,18.530302047729492,6.347052360687135,7.931564203123871,-0.9282014272489394,False,0.0,False
corner_recovery,planner,4,490,2.2328615275568255,12.207153584119748,1.8570612668991089,0.1893858656127653,0.6457704901695251,18.530302047729492,6.519284044571563,8.106424974225142,-0.9068417611781827,False,0.0,False
corner_recovery,planner,4,491,2.369765120025345,12.084693494873905,1.94013249874115,0.183681972683457,0.6457704901695251,18.530302047729492,6.6721830835504505,8.262436916199738,-0.8280856201812471,False,0.0,False
corner_recovery,planner,4,492,2.607658636321433,12.02972899268826,1.9169121980667114,0.24416064710807325,0.6457704901695251,18.530302047729492,6.790173425026748,8.386006409106534,-0.4692247649039569,False,0.0,False
corner_recovery,planner,4,493,2.789359611600925,11.973954128142681,2.2066469192504883,0.1900686190105987,0.6457704901695251,18.530302047729492,6.897874481620359,8.496937058728184,-0.5571410134511724,False,0.0,False
corner_recovery,planner,4,494,2.8924970120415994,11.967131930125634,2.213596820831299,0.10336278709208549,0.6457704901695251,18.530302047729492,6.937073017973188,8.537769520939102,-0.3728177463505746,False,0.0,False
corner_recovery,planner,4,495,2.942165312416915,11.989910607119294,2.0965945720672607,0.05464254924282073,0.6457704901695251,18.530302047729492,6.931821504918586,8.533338667106172,0.10000872954382996,False,0.0,False
corner_recovery,planner,4,496,2.9879954454190165,12.049697427473687,1.5541386604309082,0.07533169969593667,0.6457704901695251,18.530302047729492,6.890881945373493,8.493257783475272,0.5472861871459177,False,0.0,False
corner_recovery,planner,4,497,3.063838829837383,12.115916298754701,2.0715112686157227,0.10068345382317628,0.6457704901695251,18.530302047729492,6.855027281634622,8.45848001614126,0.3624918637936041,False,0.0,False
corner_recovery,planner,4,498,3.1912386710509253,12.176039162176078,1.891266107559204,0.14087398002193788,0.6457704901695251,18.530302047729492,6.845149017998167,8.449755466722884,0.08034598677928681,False,0.0,False
corner_recovery,planner,4,499,3.3919931822018095,12.186669961787254,1.8676985502243042,0.20103578698282418,0.6457704901695251,18.530302047729492,6.91255431197679,8.517848556656848,-0.32225630811224365,False,0.0,False
corner_recovery,planner,4,500,3.587097687314681,12.190602278821363,1.7148112058639526,0.19514412887042057,0.6457704901695251,18.530302047729492,6.988790942685263,8.593832822779857,-0.3787074179876986,False,0.0,True
