scenario_name,mode,seed,step,x,y,action_norm,speed,subgoal_x,subgoal_y,dist_to_subgoal,dist_to_goal,alignment_cos,reached_goal,reward,done
corner_recovery,planner,7,0,20.0,0.0,0.0,0.0,20.003755569458008,-0.07193956524133682,0.07203752736641145,28.284271247461902,1.0,False,0.0,False
corner_recovery,planner,7,1,20.01653155473013,-0.0010082683933076808,1.382133960723877,0.016562273604435906,19.32671356201172,5.427053928375244,5.471718932389153,28.29667590431506,-0.1833032027242536,False,0.0,False
corner_recovery,planner,7,2,20.03704974995312,0.008288468158650392,1.8254420757293701,0.022526110310598934,19.32671356201172,5.427053928375244,5.465125489202921,28.304626700496417,0.2945843095487146,False,0.0,False
corner_recovery,planner,7,3,20.004748052763603,0.001611582459122773,1.7720799446105957,0.03298454856395364,19.32671356201172,5.427053928375244,5.467646241254914,28.28648942434148,-0.07342210303629268,False,0.0,False
corner_recovery,planner,7,4,19.96476672430749,0.0411200853452948,1.38716721534729,0.05620879313258837,19.32671356201172,5.427053928375244,5.4235961501029,28.230281574997136,0.7856700749943974,False,0.0,False
corner_recovery,planner,7,5,19.923654746094194,0.06658117509683308,2.111769437789917,0.048357645144760326,19.32671356201172,5.427053928375244,5.393607968317127,28.183207845995206,0.6228768687705051,False,0.0,False
corner_recovery,planner,7,6,19.78519403217326,0.01995739454940088,1.9326890707015991,0.14609978169740753,19.32671356201172,5.427053928375244,5.426499540922398,28.118606035974924,-0.2122735440381078,False,0.0,False
corner_recovery,planner,7,7,19.641245761171668,-0.02823702585198522,1.4681479930877686,0.15180186718934982,19.32671356201172,5.427053928375244,5.464350821422599,28.051895005764806,-0.2362291471008693,False,0.0,False
corner_recovery,planner,7,8,19.5171965826826,-0.06748245561728883,1.192460060119629,0.13010919429954076,20.073532104492188,2.9242091178894043,3.042980066286682,27.99329945814864,-0.4365765596088382,False,0.0,False
corner_recovery,planner,7,9,19.408083895156523,-0.0974005354491138,1.6758241653442383,0.11314004631423427,20.073532104492188,2.9242091178894043,3.0940178112700907,27.938848021414632,-0.436295060897892,False,0.0,False
corner_recovery,planner,7,10,19.333436764372884,-0.10410058534047752,1.6184555292129517,0.07494721344237174,20.073532104492188,2.9242091178894043,3.117434966626018,27.891874040076484,-0.3015194013173708,False,0.0,False
corner_recovery,planner,7,11,19.30581648601249,-0.09652193518210714,1.3030376434326172,0.028641154217815108,20.073532104492188,2.9242091178894043,3.116761679347362,27.867270122544248,0.028098853282170922,False,0.0,False
corner_recovery,planner,7,12,19.310968873028077,-0.10962148455578201,1.9024097919464111,0.014076408837190985,20.073532104492188,2.9242091178894043,3.1281992913358168,27.88028685410476,-0.8117703482712054,False,0.0,False
corner_recovery,planner,7,13,19.35316161605443,-0.16054251852604187,1.8245456218719482,0.06613001787908497,20.073532104492188,2.9242091178894043,3.1677478275550643,27.94624016175376,-0.5912525405984889,False,0.0,False
corner_recovery,planner,7,14,19.393117872739115,-0.2948906746614943,2.392961263656616,0.14016393796283133,20.073532104492188,2.9242091178894043,3.2902229409529933,28.070903233106257,-0.8685673500080084,False,0.0,False
corner_recovery,planner,7,15,19.437204387264163,-0.47534301002232215,1.288253903388977,0.18575969988171273,20.073532104492188,2.9242091178894043,3.4585933027897013,28.23197807044967,-0.9013502165430751,False,0.0,False
corner_recovery,planner,7,16,19.486520040393497,-0.6332200502914764,1.37281334400177,0.165400101232499,20.073532104492188,2.9242091178894043,3.6055353902051106,28.380525592885125,-0.8833647846168009,False,0.0,False
corner_recovery,planner,7,17,19.549913120326526,-0.7634943449957252,1.7305988073349,0.14487951699286145,20.073532104492188,2.9242091178894043,3.7246924263291397,28.518797317330627,-0.8159552056671489,False,0.0,False
corner_recovery,planner,7,18,19.612821954123273,-0.863095688981243,2.170252561569214,0.1178047074330573,20.073532104492188,2.9242091178894043,3.8152236556719004,28.634446855696858,-0.7620109385493053,False,0.0,False
corner_recovery,planner,7,19,19.77767060616435,-0.8121109514692232,1.7647417783737183,0.1725529528548539,20.073532104492188,2.9242091178894043,3.7480156999250753,28.710628987575358,0.4086749230745172,False,0.0,False
corner_recovery,planner,7,20,19.94751639262982,-0.7671547272382799,1.9143922328948975,0.17569477305024364,20.073532104492188,2.9242091178894043,3.693514179849865,28.795453212257147,0.33138865442239596,False,0.0,False
corner_recovery,planner,7,21,20.10808802204383,-0.7300842876177573,2.2221643924713135,0.1647952234329912,20.073532104492188,2.9242091178894043,3.654456786578679,28.880297755978887,0.25806122681131727,False,0.0,False
corner_recovery,planner,7,22,20.25864915303906,-0.7042443455388604,1.9268923997879028,0.15276241937467192,20.073532104492188,2.9242091178894043,3.6331725609895376,28.96685346090783,0.15982403703944045,False,0.0,False
corner_recovery,planner,7,23,20.32133798614395,-0.6956348174186252,1.695579171180725,0.06327727688914736,20.073532104492188,2.9242091178894043,3.628316120594721,29.004587189667898,0.08540554090022136,False,0.0,False
corner_recovery,planner,7,24,20.247808122544104,-0.6558879181485334,1.3933345079421997,0.08358502762216802,20.073532104492188,2.9242091178894043,3.5843363287944476,28.924720213935995,0.534497817830815,False,0.0,False
corner_recovery,planner,7,25,20.19165041238456,-0.5932204688400029,1.4194759130477905,0.08414806957500824,19.32671356201172,5.427053928375244,6.082090066161327,28.84065664394971,0.8362500696201857,False,0.0,False
corner_recovery,planner,7,26,20.14211283393008,-0.5223669093474813,1.7823909521102905,0.08645344742631168,20.073532104492188,2.9242091178894043,3.447258276946221,28.755386503690946,0.8383265541782808,False,0.0,False
corner_recovery,planner,7,27,20.08304161708655,-0.3937799364032022,2.04764461517334,0.14150624816716834,20.073532104492188,2.9242091178894043,3.3180026816196713,28.6222783979206,0.9168266796497627,False,0.0,False
corner_recovery,planner,7,28,19.989009251826946,-0.2505519468383096,2.0389363765716553,0.1713369274590758,20.073532104492188,2.9242091178894043,3.175886007200781,28.454267606480755,0.8375129840082485,False,0.0,False
corner_recovery,planner,7,29,19.885187750600004,-0.14024451201360102,1.879781723022461,0.15148146518509573,20.073532104492188,2.9242091178894043,3.070236089532655,28.30282920275474,0.7096925201626761,False,0.0,False
corner_recovery,planner,7,30,19.792398879783903,-0.11360857316628303,2.111905336380005,0.09653625114745797,19.32671356201172,5.427053928375244,5.560198177329384,28.218722565896197,0.3704764185740412,False,0.0,False
corner_recovery,planner,7,31,19.65008666318509,-0.12045755227298337,1.5879745483398438,0.14247692973977144,20.073532104492188,2.9242091178894043,3.0739715636553124,28.123988301510572,-0.13991042227985523,False,0.0,False
corner_recovery,planner,7,32,19.506318775958455,-0.11881755361019775,1.3616257905960083,0.14377724087359608,20.073532104492188,2.9242091178894043,3.0954389484407963,28.02254970456406,-0.12644516044138743,False,0.0,False
corner_recovery,planner,7,33,19.380227032253096,-0.09912211865536144,2.329054117202759,0.1276206800981651,20.073532104492188,2.9242091178894043,3.1018065202490877,27.920743359772764,-0.029331521902043675,False,0.0,False
corner_recovery,planner,7,34,19.274211793247616,-0.07093299173163088,1.9244400262832642,0.10969894155419711,20.073532104492188,2.9242091178894043,3.099966002522167,27.826922061369753,0.03445599382082108,False,0.0,False
corner_recovery,planner,7,35,19.230081706496936,-0.05001616521506049,1.7067036628723145,0.04883623847254088,20.073532104492188,2.9242091178894043,3.091508468132698,27.781274100802744,0.18082218410937137,False,0.0,False
corner_recovery,planner,7,36,19.20550769025976,-0.025215755819012482,1.574317216873169,0.034913358191908536,20.073532104492188,2.9242091178894043,3.074503776116311,27.746365378328903,0.49136118158282094,False,0.0,False
corner_recovery,planner,7,37,19.14787204584562,-0.0275336983005929,1.4198315143585205,0.05768223612500839,20.073532104492188,2.9242091178894043,3.0934822121846475,27.7081776723162,-0.3206517425893682,False,0.0,False
corner_recovery,planner,7,38,19.110494588498113,-0.06468082899743294,1.450788140296936,0.052697093247851934,20.073532104492188,2.9242091178894043,3.1402076956490057,27.709247918096814,-0.8848594617890572,False,0.0,False
corner_recovery,planner,7,39,19.12636182900427,-0.0642418900390238,1.9865131378173828,0.01587331057748975,20.073532104492188,2.9242091178894043,3.134959482602015,27.7198758914247,0.33288242219664643,False,0.0,False
corner_recovery,planner,7,40,19.126760008028807,-0.029385824517777784,1.2883814573287964,0.03485833975043814,20.073532104492188,2.9242091178894043,3.101628682878553,27.694931754964188,0.9566552187700782,False,0.0,False
corner_recovery,planner,7,41,19.16570388520699,-0.003445864971799606,2.322310447692871,0.04679216890588069,20.073532104492188,2.9242091178894043,3.0651779351943937,27.703105455675825,0.7819582296573077,False,0.0,False
corner_recovery,planner,7,42,19.22682550203131,-5.3677113934067714e-05,2.0848441123962402,0.06121567594727677,20.073532104492188,2.9242091178894043,3.0443759565618005,27.742980481069445,0.3486471508472392,False,0.0,False
corner_recovery,planner,7,43,19.29497829498309,0.016078512087891194,1.5208203792572021,0.07003606724803635,20.073532104492188,2.9242091178894043,3.010543083016851,27.778648373146304,0.4918961138394895,False,0.0,False
corner_recovery,planner,7,44,19.328610014250987,0.03067481417475896,1.7312535047531128,0.03666257731701119,20.073532104492188,2.9242091178894043,2.98788381422416,27.79152952718216,0.6218121024946737,False,0.0,False
corner_recovery,planner,7,45,19.325033693689477,-0.009267798881013006,1.8672385215759277,0.040102399011553005,20.073532104492188,2.9242091178894043,3.0274637392046593,27.817759167653495,-0.986797776726602,False,0.0,False
corner_recovery,planner,7,46,19.254215564252682,-0.15046084458986153,1.2211134433746338,0.15795785391511113,20.073532104492188,2.9242091178894043,3.1819608689112253,27.87052007487588,-0.9769602502604287,False,0.0,False
corner_recovery,planner,7,47,19.08641616765448,-0.21300907303684538,1.3719600439071655,0.17907796732310963,20.073532104492188,2.9242091178894043,3.2888502322601365,27.800306075861325,-0.5787731391501028,False,0.0,False
corner_recovery,planner,7,48,19.015345256730864,-0.25443964214061365,1.557544231414795,0.08226522008585839,20.073532104492188,2.9242091178894043,3.3501593013490294,27.781750852849324,-0.7397008131699754,False,0.0,False
corner_recovery,planner,7,49,19.089195896867547,-0.2660333327701528,0.4534018635749817,0.07475513835858628,20.073532104492188,2.9242091178894043,3.3386471307449006,27.840788549068357,0.1648907454043907,False,0.0,False
corner_recovery,planner,7,50,19.18360474532726,-0.27440936019495477,1.1039775609970093,0.09477968401988746,20.073532104492188,2.9242091178894043,3.320110069400255,27.911688697205395,0.20923190255515398,False,0.0,False
corner_recovery,planner,7,51,19.229816207097407,-0.2441347195908679,1.3025803565979004,0.055245389514787094,20.073532104492188,2.9242091178894043,3.278758787714628,27.921511812645292,0.7521605430464074,False,0.0,False
corner_recovery,planner,7,52,19.21874104850016,-0.2190036082823007,1.530248999595642,0.02746328264351833,20.073532104492188,2.9242091178894043,3.2573691825415994,27.895664795825134,0.7804913118326613,False,0.0,False
corner_recovery,planner,7,53,19.17896310792915,-0.22667674949820285,1.1611210107803345,0.040511253401863644,20.073532104492188,2.9242091178894043,3.2754137813282087,27.87384218625051,-0.44043721742947584,False,0.0,False
corner_recovery,planner,7,54,19.136618896770152,-0.22900829151014013,1.4651678800582886,0.04240835185233235,20.073532104492188,2.9242091178894043,3.2894659733373692,27.846417350499625,-0.3255914026694168,False,0.0,False
corner_recovery,planner,7,55,19.121656628647244,-0.15665263841707955,2.200880527496338,0.07388646697403459,20.073532104492188,2.9242091178894043,3.2245582771888164,27.783599439412008,0.881042521153584,False,0.0,False
corner_recovery,planner,7,56,19.088936137049,-0.017374817011012726,1.8535773754119873,0.14306971065201401,20.073532104492188,2.9242091178894043,3.101990532733717,27.6601297431708,0.8626019764531511,False,0.0,False
corner_recovery,planner,7,57,19.055152457135737,0.12100367391535836,1.7220655679702759,0.14244277370067457,20.073532104492188,2.9242091178894043,2.9824583596884597,27.536763246561367,0.8459510705543613,False,0.0,False
corner_recovery,planner,7,58,19.04714275642622,0.19766803405366173,1.7355660200119019,0.07708164126996478,20.073532104492188,2.9242091178894043,2.913331662490124,27.475916699415507,0.8993280722970269,False,0.0,False
corner_recovery,planner,7,59,19.092714312332447,0.1981624298331665,1.6163173913955688,0.04557423762282035,20.073532104492188,2.9242091178894043,2.8971251417361126,27.507171991457334,0.36243963211015007,False,0.0,False
corner_recovery,planner,7,60,19.077273345184505,0.17541389379809957,2.167771339416504,0.027493987673718145,19.11412811279297,3.6756176948547363,3.500397823509037,27.5128437746646,-0.8308429844484511,False,0.0,False
corner_recovery,planner,7,61,18.90138579780476,0.045704364521772595,2.2213821411132812,0.21854288208117922,19.11412811279297,3.6756176948547363,3.6361421972078443,27.48520146161423,-0.6019606408547217,False,0.0,False
corner_recovery,planner,7,62,18.744240753348365,-0.06689604418200297,1.4984909296035767,0.19332205522769486,19.11412811279297,3.6756176948547363,3.7607480300540814,27.45954985551462,-0.6290110783760341,False,0.0,False
corner_recovery,planner,7,63,18.692020774627597,-0.11278568628243607,1.6536481380462646,0.06951823810845079,20.073532104492188,2.9242091178894043,3.3364518571546906,27.45752699536936,-0.9082840465599831,False,0.0,False
corner_recovery,planner,7,64,18.68844523633176,-0.12652048294436455,2.2154078483581543,0.014192572474696906,20.073532104492188,2.9242091178894043,3.3504353045169863,27.46515632764085,-0.9852029550205518,False,0.0,False
corner_recovery,planner,7,65,18.82366877582532,-0.1315206550189715,1.9016737937927246,0.1353159538042052,20.073532104492188,2.9242091178894043,3.3014607048070252,27.560998350303578,0.3794763259477222,False,0.0,False
corner_recovery,planner,7,66,18.99086929985806,-0.16865579403711475,1.6744792461395264,0.17127473189796483,20.073532104492188,2.9242091178894043,3.276884513064883,27.702487132072424,0.16889504926898435,False,0.0,False
corner_recovery,planner,7,67,19.126661293425112,-0.226752995494902,1.2854292392730713,0.14769817309006053,20.073532104492188,2.9242091178894043,3.290156010409554,27.837936507115042,-0.06750111569960597,False,0.0,False
corner_recovery,planner,7,68,19.1283024291795,-0.2735174480094433,1.2819801568984985,0.046793240383084314,20.073532104492188,2.9242091178894043,3.334503610636367,27.873059816548626,-0.9470112870992831,False,0.0,False
corner_recovery,planner,7,69,19.135405130021766,-0.3453860079363894,1.4520310163497925,0.07221868362984606,20.073532104492188,2.9242091178894043,3.4015194409341265,27.930242771984584,-0.9264528589813882,False,0.0,False
corner_recovery,planner,7,70,19.130936102689653,-0.43128573350022203,1.308717966079712,0.08601590002573327,20.073532104492188,2.9242091178894043,3.485374143519805,27.989822308995176,-0.9742470620735423,False,0.0,False
corner_recovery,planner,7,71,19.129846350995255,-0.45159207568480303,1.4320179224014282,0.020335562241372535,20.073532104492188,2.9242091178894043,3.5052213196729984,28.003904010742858,-0.9758452028944121,False,0.0,False
corner_recovery,planner,7,72,19.143739952444147,-0.39296769038242596,2.0688512325286865,0.06024824240840738,20.073532104492188,2.9242091178894043,3.4450218320566,27.970625852629535,0.999204671790137,False,0.0,False
corner_recovery,planner,7,73,19.153617950598342,-0.25945469722845227,2.1884195804595947,0.13387790776848624,20.073532104492188,2.9242091178894043,3.3139036404556204,27.880218529031207,0.9801791384611471,False,0.0,False
corner_recovery,planner,7,74,19.123106366484343,-0.12140968826595963,1.9163631200790405,0.14137673523108493,20.073532104492188,2.9242091178894043,3.190470654288326,27.759040418337904,0.8781495538606211,False,0.0,False
corner_recovery,planner,7,75,19.08292223526577,-0.015282001210233993,2.2525484561920166,0.11348061667786967,20.073532104492188,2.9242091178894043,3.10192133238005,27.654465003416195,0.7872594086652702,False,0.0,False
corner_recovery,planner,7,76,19.052058573425338,0.08266028302971162,1.975528359413147,0.10269010012819542,20.073532104492188,2.9242091178894043,3.0195708230744738,27.562317705273482,0.8078400310130726,False,0.0,False
corner_recovery,planner,7,77,19.014893686804733,0.16810443744688205,1.881901502609253,0.09317688727140276,20.073532104492188,2.9242091178894043,2.9524275281471306,27.474902429753968,0.7280175026475767,False,0.0,False
corner_recovery,planner,7,78,19.074844979322346,0.13778715656536547,1.7453477382659912,0.06718106127906315,20.073532104492188,2.9242091178894043,2.9599870473583,27.538286257918788,-0.10129135575727409,False,0.0,False
corner_recovery,planner,7,79,19.162471000535934,0.13219559754447924,1.5357191562652588,0.08780424321186389,19.11412811279297,3.6756176948547363,3.5437518528392973,27.603078571431332,-0.05259766524933731,False,0.0,False
corner_recovery,planner,7,80,19.2282465771882,0.13278402063117492,1.6035394668579102,0.06577820859271931,19.11412811279297,3.6756176948547363,3.54467113666816,27.648358671068305,-0.0046964487683716916,False,0.0,False
corner_recovery,planner,7,81,19.179717662945603,0.25844118769055185,1.6984652280807495,0.13470255807130652,20.073532104492188,2.9242091178894043,2.811622825628272,27.524365823215263,0.7884005520327875,False,0.0,False
corner_recovery,planner,7,82,19.14039248757407,0.40350207477207245,2.0398075580596924,0.15029680761373335,20.073532104492188,2.9242091178894043,2.6878827247265487,27.39301654640913,0.8319157769631863,False,0.0,False
corner_recovery,planner,7,83,19.125272551679256,0.5387372619724713,2.3535895347595215,0.13607780244621148,19.11412811279297,3.6756176948547363,3.1369002293215695,27.285835107882527,0.9946676692232306,False,0.0,False
corner_recovery,planner,7,84,19.11940086704655,0.6388961629882947,2.133884906768799,0.10033086331295794,19.11412811279297,3.6756176948547363,3.0367261094867755,27.210362572049085,0.9984876627840424,False,0.0,False
corner_recovery,planner,7,85,19.113455115158448,0.702856063880177,1.4240890741348267,0.06423566678734083,19.11412811279297,3.6756176948547363,2.9727617071538615,27.160705633884085,0.9958661823817151,False,0.0,False
corner_recovery,planner,7,86,19.070903926042387,0.7658700634161908,1.358263373374939,0.07603530648794377,19.11412811279297,3.6756176948547363,2.910068660527183,27.085995107688557,0.8286198576946874,False,0.0,False
corner_recovery,planner,7,87,19.04229640099359,0.834189444668948,1.9034453630447388,0.0740670530274913,19.11412811279297,3.6756176948547363,2.8423360631308006,27.017352691670823,0.9165603994084851,False,0.0,False
corner_recovery,planner,7,88,18.97659254241497,0.8808983046918178,1.9000848531723022,0.08061460560441396,19.11412811279297,3.6756176948547363,2.7981015890906815,26.93791220856538,0.5586266773592935,False,0.0,False
corner_recovery,planner,7,89,19.02782775445143,0.9480386240330774,2.1178503036499023,0.08445631671856929,19.11412811279297,3.6756176948547363,2.728943997123104,26.926482527883355,0.8238286910574869,False,0.0,False
corner_recovery,planner,7,90,19.11423121010731,0.9751446321149624,1.5923587083816528,0.09055546821375739,19.63980484008789,4.391687393188477,3.4567314154812196,26.968480797449168,0.461660781972407,False,0.0,False
corner_recovery,planner,7,91,19.188649640415946,0.97870274433497,1.524762511253357,0.0745034424182637,19.63980484008789,4.391687393188477,3.4426741390234317,27.018771702485015,0.1990724843366083,False,0.0,False
corner_recovery,planner,7,92,19.24730140756718,0.9491618884058981,1.542437195777893,0.0656710892172848,19.63980484008789,4.391687393188477,3.4648291149231425,27.081230478467997,-0.3289104283352554,False,0.0,False
corner_recovery,planner,7,93,19.22476028946448,0.8340002749185762,1.864648461341858,0.11734691826512995,19.63980484008789,4.391687393188477,3.5818151279073263,27.146398539202057,-0.9968204564801907,False,0.0,False
corner_recovery,planner,7,94,19.090296904993046,0.671141286111041,1.7760770320892334,0.2111952935056217,19.63980484008789,4.391687393188477,3.7609071120703392,27.166969192426826,-0.8397106583493746,False,0.0,False
corner_recovery,planner,7,95,18.97649280338465,0.5354485228452983,1.6056441068649292,0.17709855884672432,19.11412811279297,3.6756176948547363,3.1431840396697046,27.184113804273895,-0.7712719415066933,False,0.0,False
corner_recovery,planner,7,96,18.904577280218348,0.40877191533067725,2.091609477996826,0.1456667613551442,19.11412811279297,3.6756176948547363,3.2735596677969494,27.224974931288433,-0.8904170991455267,False,0.0,False
corner_recovery,planner,7,97,18.89060726793613,0.33199899882767614,2.185605525970459,0.07803359501869764,19.11412811279297,3.6756176948547363,3.3510815496653037,27.27059416905904,-0.9932865948839296,False,0.0,False
corner_recovery,planner,7,98,18.883322121858935,0.28750092512372016,1.7086786031723022,0.04509048587816235,19.11412811279297,3.6756176948547363,3.3959691769483973,27.29766426152401,-0.9954406785526659,False,0.0,False
corner_recovery,planner,7,99,18.872856935899197,0.23344325327841317,1.9193917512893677,0.055061347627049576,19.11412811279297,3.6756176948547363,3.4506197511520997,27.329498614945045,-0.9924192056719474,False,0.0,False
corner_recovery,planner,7,100,18.935838081969607,0.1926703699201876,1.7793234586715698,0.07502701365298871,19.11412811279297,3.6756176948547363,3.4875076205450397,27.40248658317723,-0.48341762573072117,False,0.0,False
corner_recovery,planner,7,101,19.03331643609127,0.19096950790750247,1.8062653541564941,0.09749319183335013,19.11412811279297,3.6756176948547363,3.485585103520782,27.471163491796855,0.0336915530186446,False,0.0,False
corner_recovery,planner,7,102,19.0216502582615,0.1758891877079444,1.8697550296783447,0.019066089333605516,19.11412811279297,3.6756176948547363,3.500950124939608,27.473961273279368,-0.8049234066739257,False,0.0,False
corner_recovery,planner,7,103,19.01556322933821,0.1583395434233961,2.2579495906829834,0.018575304455839797,19.11412811279297,3.6756176948547363,3.518658925043278,27.482415006746315,-0.9531100762490662,False,0.0,False
corner_recovery,planner,7,104,19.033753101450664,0.12514454489748322,1.9583276510238647,0.03785207226299262,19.11412811279297,3.6756176948547363,3.5513827913948752,27.518968666870514,-0.8631611054460898,False,0.0,False
corner_recovery,planner,7,105,19.047839088326203,0.10909445268404262,1.6795693635940552,0.021354636178539988,19.11412811279297,3.6756176948547363,3.5671392279680525,27.540303146970118,-0.7364764513103911,False,0.0,False
corner_recovery,planner,7,106,19.02182314026037,0.10554444104723987,1.992862582206726,0.02625703974909507,20.073532104492188,2.9242091178894043,3.0084817277030798,27.52488179023647,-0.46622662156924377,False,0.0,False
corner_recovery,planner,7,107,18.9696243430397,0.03185710020837093,1.6318049430847168,0.09030248408093844,20.073532104492188,2.9242091178894043,3.0958540889354884,27.54221085139215,-0.9665939819547839,False,0.0,False
corner_recovery,planner,7,108,19.047141987724984,-0.0001698948952964306,2.308962821960449,0.0838731998490826,20.073532104492188,2.9242091178894043,3.099269152915412,27.61884164343668,-0.027193392715933518,False,0.0,False
corner_recovery,planner,7,109,19.0445405593999,-0.010329163913424892,1.9128295183181763,0.010487048026650023,20.073532104492188,2.9242091178894043,3.109716792127174,27.62440584640314,-0.9962294525121339,False,0.0,False
corner_recovery,planner,7,110,19.04058670419227,-0.012373268255217895,1.3067131042480469,0.004450992424509505,20.073532104492188,2.9242091178894043,3.1129555587280078,27.623161040471807,-0.727313705813788,False,0.0,False
corner_recovery,planner,7,111,19.06806009229556,-0.010216718383769004,2.3719475269317627,0.027557898345522767,20.073532104492188,2.9242091178894043,3.1019073093660046,27.64054429276095,0.40462533199594886,False,0.0,False
corner_recovery,planner,7,112,19.125390196094592,-0.02742218560234186,2.1218323707580566,0.05985623529605883,20.073532104492188,2.9242091178894043,3.100177483663188,27.692565600775023,0.03853991137320603,False,0.0,False
corner_recovery,planner,7,113,19.152690630332877,-0.016638258370378606,1.6326340436935425,0.02935313945974416,20.073532104492188,2.9242091178894043,3.0816444167012427,27.70363451873594,0.6342296678991266,False,0.0,False
corner_recovery,planner,7,114,19.140877580189663,-0.02518711960309156,1.9576901197433472,0.014581878550525413,20.073532104492188,2.9242091178894043,3.0933448930626635,27.701648212966045,-0.8015557833834955,False,0.0,False
corner_recovery,planner,7,115,19.107166624689476,-0.10477510017350489,1.2982585430145264,0.08643306758418363,20.073532104492188,2.9242091178894043,3.1794036600954745,27.736001843311954,-0.9955487352194088,False,0.0,False
corner_recovery,planner,7,116,19.0105460335828,-0.21119604393832508,1.7873589992523193,0.14373919402027716,20.073532104492188,2.9242091178894043,3.3106955335342074,27.74695129237587,-0.9096579603832018,False,0.0,False
corner_recovery,planner,7,117,18.94549573446131,-0.23298086095382392,2.061666488647461,0.06860116375247442,20.073532104492188,2.9242091178894043,3.3526578433566017,27.71832107369087,-0.6052010496357624,False,0.0,False
corner_recovery,planner,7,118,18.975324333960746,-0.23121632428437866,1.000186800956726,0.02988074526773924,20.073532104492188,2.9242091178894043,3.341073185126787,27.737430442256066,0.39148288953451615,False,0.0,False
corner_recovery,planner,7,119,19.01986696447316,-0.21537336986635258,1.3375967741012573,0.04727626399851261,20.073532104492188,2.9242091178894043,3.3116745650371424,27.75638052465341,0.6261865089212062,False,0.0,False
corner_recovery,planner,7,120,19.063146281946572,-0.15225335439612558,1.8161498308181763,0.07653257916682388,20.073532104492188,2.9242091178894043,3.2381323094929853,27.740166932206147,0.9618127658592636,False,0.0,False
corner_recovery,planner,7,121,19.05217876942893,-0.028655473700315046,1.8026165962219238,0.12408353010500806,20.073532104492188,2.9242091178894043,3.124511470823744,27.642947671087178,0.9187751224983549,False,0.0,False
corner_recovery,planner,7,122,19.052024982717164,0.06249462169342279,1.7749162912368774,0.09115022512665684,20.073532104492188,2.9242091178894043,3.038566546510922,27.57687032010853,0.9445115535196804,False,0.0,False
corner_recovery,planner,7,123,19.04605090930352,0.0553773767963267,1.9183886051177979,0.00929218639916571,20.073532104492188,2.9242091178894043,3.047279633569829,27.577890180755112,-0.9374942488825295,False,0.0,False
corner_recovery,planner,7,124,19.00018533898085,0.0320437683747582,1.6850240230560303,0.051459768975336884,20.073532104492188,2.9242091178894043,3.084913886637166,27.563133330296903,-0.7274059698217408,False,0.0,False
corner_recovery,planner,7,125,18.88249422727997,-0.014906373117699491,2.0653247833251953,0.1267103530085465,20.073532104492188,2.9242091178894043,3.1712727877671,27.516269103349185,-0.6705482173685946,False,0.0,False
corner_recovery,planner,7,126,18.820202022338215,-0.028480370173454412,1.5711510181427002,0.06375399746349475,20.073532104492188,2.9242091178894043,3.2076800818892446,27.483450112750525,-0.5642851778005141,False,0.0,False
corner_recovery,planner,7,127,18.821688604884557,-0.004055750499721994,1.8219162225723267,0.024469817610140956,20.073532104492188,2.9242091178894043,3.184626710770333,27.466674505814172,0.9425433456307929,False,0.0,False
corner_recovery,planner,7,128,18.84471320432478,0.009738661444155314,2.0476818084716797,0.02684060320224026,20.073532104492188,2.9242091178894043,3.1629312244974304,27.472418243340233,0.8097692075480685,False,0.0,False
corner_recovery,planner,7,129,18.894875765730117,0.038373965529877055,2.329144239425659,0.05776039479458159,20.073532104492188,2.9242091178894043,3.1172544476667197,27.48604817252583,0.794218286624973,False,0.0,False
corner_recovery,planner,7,130,18.987118026828654,0.07698085938879135,2.0583269596099854,0.09999563483474755,20.073532104492188,2.9242091178894043,3.047458663238919,27.521579581155624,0.706213337863024,False,0.0,False
corner_recovery,planner,7,131,19.047950710074854,0.07544320223191782,1.2902472019195557,0.06085211368937523,20.073532104492188,2.9242091178894043,3.027752374086566,27.564694626295562,0.3327760530035155,False,0.0,False
corner_recovery,planner,7,132,19.107999260380524,0.06663475423311296,1.0853283405303955,0.06069116204160355,20.073532104492188,2.9242091178894043,3.0162866105335575,27.61258201899724,0.19858459096146008,False,0.0,False
corner_recovery,planner,7,133,19.101561063092696,0.03655113675742396,1.1716736555099487,0.030764824471148488,20.073532104492188,2.9242091178894043,3.046850229550911,27.629855692029235,-0.993393397965724,False,0.0,False
corner_recovery,planner,7,134,19.048649525408887,-0.04217275872371782,0.9954962134361267,0.09485295219333358,20.073532104492188,2.9242091178894043,3.1384400167610704,27.650311709497732,-0.9645450706903774,False,0.0,False
corner_recovery,planner,7,135,19.040560355658183,-0.09776424426528489,1.3660621643066406,0.0561769341631774,20.073532104492188,2.9242091178894043,3.193642690637401,27.685069374584025,-0.9823495534730405,False,0.0,False
corner_recovery,planner,7,136,19.056105659115357,-0.12309116981381572,1.3018739223480225,0.029717160317170872,20.073532104492188,2.9242091178894043,3.212661764828078,27.71414730999327,-0.63725623520978,False,0.0,False
corner_recovery,planner,7,137,19.07385044388678,-0.14295922320515542,1.1925243139266968,0.02663863607892236,20.073532104492188,2.9242091178894043,3.2259704051902798,27.740774629117077,-0.49648809278151673,False,0.0,False
corner_recovery,planner,7,138,19.07334146410696,-0.16213820611953203,1.3283238410949707,0.019185735483588207,20.073532104492188,2.9242091178894043,3.2443675996303707,27.75435410253834,-0.9586602066129002,False,0.0,False
corner_recovery,planner,7,139,19.043839520639658,-0.16178699147118156,2.4057562351226807,0.029504033962784067,20.073532104492188,2.9242091178894043,3.2532504982293586,27.733832738684598,-0.2969392362916149,False,0.0,False
corner_recovery,planner,7,140,19.06481462936556,-0.20231507103192828,2.3413643836975098,0.045634202293298225,20.073532104492188,2.9242091178894043,3.2852190868397244,27.777701328247357,-0.6969684525048624,False,0.0,False
corner_recovery,planner,7,141,19.085166737556218,-0.22740767350209146,1.6159112453460693,0.032308621241548784,20.073532104492188,2.9242091178894043,3.302961473941121,27.809919284139852,-0.5457189627194471,False,0.0,False
corner_recovery,planner,7,142,19.07876661680978,-0.24610903694007125,1.630018711090088,0.019766196903005705,20.073532104492188,2.9242091178894043,3.3227211105245336,27.8191349030548,-0.9996661182423662,False,0.0,False
corner_recovery,planner,7,143,18.99161579618562,-0.3251309684879763,1.9430036544799805,0.11764238692336323,20.073532104492188,2.9242091178894043,3.424726835109433,27.81712457167556,-0.8626898630831288,False,0.0,False
corner_recovery,planner,7,144,19.054271238367875,-0.38538000804175415,1.8440680503845215,0.08692324891653874,20.073532104492188,2.9242091178894043,3.4629861240978506,27.90392392652979,-0.4299182699990389,False,0.0,False
corner_recovery,planner,7,145,19.121755102000503,-0.45404476629873497,2.1061344146728516,0.09627523501543231,20.073532104492188,2.9242091178894043,3.5097690477443537,28.000169025965448,-0.47531064674585194,False,0.0,False
corner_recovery,planner,7,146,19.169716797119424,-0.5402318212782791,1.768174171447754,0.09863332421006264,20.073532104492188,2.9242091178894043,3.5803956667975094,28.095892321718765,-0.7092055613565871,False,0.0,False
corner_recovery,planner,7,147,19.21664044568533,-0.5797799836446813,1.0273321866989136,0.061366814658216,20.073532104492188,2.9242091178894043,3.6072431216376892,28.156821805629473,-0.4305618382629083,False,0.0,False
corner_recovery,planner,7,148,19.25115741320822,-0.5139513339094816,2.142101764678955,0.074329214801018,20.073532104492188,2.9242091178894043,3.5351446116358973,28.1323525692063,0.9705979722271546,False,0.0,False
corner_recovery,planner,7,149,19.29784962350294,-0.3866828665963054,2.1422982215881348,0.13556336258167823,20.073532104492188,2.9242091178894043,3.400542463232205,28.07176229584641,0.99318042249921,False,0.0,False
corner_recovery,planner,7,150,19.323518803113092,-0.23453598113457919,1.454481840133667,0.15429705615325864,20.073532104492188,2.9242091178894043,3.2465659631145036,27.979185572601917,0.9980166429418159,False,0.0,False
corner_recovery,planner,7,151,19.290071040078402,-0.10413831514968473,1.592518925666809,0.1346191076568735,20.073532104492188,2.9242091178894043,3.1280504175359485,27.861859559726824,0.885040354111373,False,0.0,False
corner_recovery,planner,7,152,19.249099288302034,0.0057443370214793205,1.7267343997955322,0.11727268092694627,20.073532104492188,2.9242091178894043,3.03267639974622,27.754244412836364,0.8196142443437355,False,0.0,False
corner_recovery,planner,7,153,19.190979925675553,0.021268368488745838,1.6246929168701172,0.060156926991869475,20.073532104492188,2.9242091178894043,3.0341330463354512,27.70276932206653,-0.014301802624108656,False,0.0,False
corner_recovery,planner,7,154,19.12226663489105,0.0027833018473517866,1.1521939039230347,0.07115626479216143,20.073532104492188,2.9242091178894043,3.072398866080451,27.66856983887571,-0.5294367849674577,False,0.0,False
corner_recovery,planner,7,155,19.137149239129453,-0.03177224429932961,1.6251379251480103,0.03762416349119694,20.073532104492188,2.9242091178894043,3.1007480846002453,27.703833313247355,-0.7508376482635439,False,0.0,False
corner_recovery,planner,7,156,19.142196899016028,-0.11574826145839479,2.0729470252990723,0.08412758363479927,20.073532104492188,2.9242091178894043,3.179422295513834,27.76809374514328,-0.9334756268625483,False,0.0,False
corner_recovery,planner,7,157,19.156315628770557,-0.19425750998634544,1.6212005615234375,0.07976866950316355,20.073532104492188,2.9242091178894043,3.250556901903112,27.834734862195457,-0.8891925839456635,False,0.0,False
corner_recovery,planner,7,158,19.197412625479917,-0.25005612959671997,1.747709035873413,0.06929970482586788,20.073532104492188,2.9242091178894043,3.2929538719670637,27.903502016140436,-0.6051216233223732,False,0.0,False
corner_recovery,planner,7,159,19.22411796683855,-0.24528152244448526,1.864056944847107,0.02712880628666179,20.073532104492188,2.9242091178894043,3.281337424954953,27.91841928773828,0.43155997876708835,False,0.0,False
corner_recovery,planner,7,160,19.265077749537532,-0.14606705624242416,2.013664960861206,0.1073369186371022,20.073532104492188,2.9242091178894043,3.1749321613991572,27.874849569645075,0.9916029668622222,False,0.0,False
corner_recovery,planner,7,161,19.316375593770175,-0.06276767020913014,1.5611791610717773,0.09782768798474298,20.073532104492188,2.9242091178894043,3.081447113673731,27.85026054938066,0.9569467240944822,False,0.0,False
corner_recovery,planner,7,162,19.338878828803434,0.014939124852165003,1.6836808919906616,0.08089957716613987,20.073532104492188,2.9242091178894043,3.000594495740321,27.809978290867225,0.9994347716557256,False,0.0,False
corner_recovery,planner,7,163,19.296340604948785,0.0349634265745688,2.100142002105713,0.047015669177180634,20.073532104492188,2.9242091178894043,2.9919504159901886,27.76601242743384,0.19142486370721995,False,0.0,False
corner_recovery,planner,7,164,19.173544178443432,-0.02624755971128865,2.007134437561035,0.1372069502779359,20.073532104492188,2.9242091178894043,3.084667384570346,27.724995720208224,-0.6632863451352806,False,0.0,False
corner_recovery,planner,7,165,19.096086858075314,-0.04713973774372177,1.4345424175262451,0.08022542976854807,20.073532104492188,2.9242091178894043,3.127988687897581,27.686609488266708,-0.5307826159024511,False,0.0,False
corner_recovery,planner,7,166,19.098558725383946,-0.0007254738882748451,0.9705086350440979,0.046480038911714885,20.073532104492188,2.9242091178894043,3.0831502487143574,27.65472771279411,0.9651971611612661,False,0.0,False
corner_recovery,planner,7,167,19.129349120863715,0.05523708915171219,1.8196656703948975,0.06387375764588404,20.073532104492188,2.9242091178894043,3.020344683683111,27.63558512783543,0.9836200670798139,False,0.0,False
corner_recovery,planner,7,168,19.175572026159116,0.11277773318047879,1.9557886123657227,0.07380706395185281,20.073532104492188,2.9242091178894043,2.951352017839668,27.62615014837026,0.936312498934235,False,0.0,False
corner_recovery,planner,7,169,19.193044075856573,0.18072220971007885,2.016676425933838,0.07015500275469858,20.073532104492188,2.9242091178894043,2.88131559949999,27.58943118345234,0.9983498255802868,False,0.0,False
corner_recovery,planner,7,170,19.15595323192299,0.2499889444358787,2.1820878982543945,0.07857233128321812,20.073532104492188,2.9242091178894043,2.8272609577984067,27.513877969463447,0.695141858502899,False,0.0,False
corner_recovery,planner,7,171,19.080393693505833,0.2296352689444038,1.8310799598693848,0.07825289740211536,19.11412811279297,3.6756176948547363,3.446147543377605,27.475966681777443,-0.24829349328141428,False,0.0,False
corner_recovery,planner,7,172,19.066749070204132,0.22510898755316386,2.069835662841797,0.014375777136489371,19.11412811279297,3.6756176948547363,3.4508339735259077,27.469751266807656,-0.324130794080961,False,0.0,False
corner_recovery,planner,7,173,19.031527766705366,0.23628293857521573,2.2034120559692383,0.0369512841670675,19.11412811279297,3.6756176948547363,3.440326493652325,27.437265920986558,0.28928138239258816,False,0.0,False
corner_recovery,planner,7,174,18.996588226024837,0.28056428070855777,1.5957694053649902,0.05640575116153009,19.11412811279297,3.6756176948547363,3.3970874745709874,27.381134186085365,0.7699515950323323,False,0.0,False
corner_recovery,planner,7,175,18.985145668327714,0.3139457918310705,1.6122311353683472,0.03528820499082418,19.11412811279297,3.6756176948547363,3.3641454270823354,27.34915878659869,0.934182078623743,False,0.0,False
corner_recovery,planner,7,176,18.989614794625766,0.3434072224274084,1.6172499656677246,0.029798472824135943,19.11412811279297,3.6756176948547363,3.3345359795562803,27.331064920189053,0.9937125540984029,False,0.0,False
corner_recovery,planner,7,177,19.074914008703672,0.31859161275737863,1.413871169090271,0.08883563702481005,19.11412811279297,3.6756176948547363,3.3572551082456425,27.40821374232301,-0.24329409560149032,False,0.0,False
corner_recovery,planner,7,178,19.133057283048064,0.26230072558315554,2.3434088230133057,0.08092777230560803,19.11412811279297,3.6756176948547363,3.413369456446793,27.489100633591377,-0.687130121692635,False,0.0,False
corner_recovery,planner,7,179,19.122278209317155,0.15012870054457558,2.1763527393341064,0.11268873782127554,19.11412811279297,3.6756176948547363,3.5254984148451154,27.562273391711905,-0.994868927884207,False,0.0,False
corner_recovery,planner,7,180,19.048866133031446,-0.026487676766615988,1.596978783607483,0.19126598672818965,19.11412811279297,3.6756176948547363,3.702680557189624,27.63909386397893,-0.9225173669959015,False,0.0,False
corner_recovery,planner,7,181,18.98088179617613,-0.17863064665457762,1.3309239149093628,0.16664139144878157,19.11412811279297,3.6756176948547363,3.8565509018965707,27.70290613878836,-0.9200451291216174,False,0.0,False
corner_recovery,planner,7,182,18.92902835537531,-0.3390716646989455,1.5141818523406982,0.1686122759291198,20.073532104492188,2.9242091178894043,3.4581628500915085,27.784635154350365,-0.9996623343523653,False,0.0,False
corner_recovery,planner,7,183,18.91334126238,-0.4685899219411929,1.3288692235946655,0.13046479925908133,20.073532104492188,2.9242091178894043,3.5856837722805963,27.86893702852404,-0.9765937893987778,False,0.0,False
corner_recovery,planner,7,184,18.974979429425503,-0.5034669501612892,1.9480739831924438,0.07082140025581612,20.073532104492188,2.9242091178894043,3.599414008888618,27.936392059882703,-0.18436690153944096,False,0.0,False
corner_recovery,planner,7,185,19.054270331996804,-0.49920209542835425,1.9353736639022827,0.07940551754421524,20.073532104492188,2.9242091178894043,3.571923696881024,27.987184646441804,0.3559098270037485,False,0.0,False
corner_recovery,planner,7,186,19.13303203894949,-0.383180828216892,1.9070227146148682,0.1402296007533874,20.073532104492188,2.9242091178894043,3.4385125605253832,27.956161676440068,0.953238922285179,False,0.0,False
corner_recovery,planner,7,187,19.167214801497185,-0.28845611264849286,1.4213560819625854,0.10070368908290368,20.073532104492188,2.9242091178894043,3.3380576593604934,27.910635511962045,0.9976017694006575,False,0.0,False
corner_recovery,planner,7,188,19.174599889355658,-0.19273895528729937,1.9258837699890137,0.09600163402768128,20.073532104492188,2.9242091178894043,3.243985884415996,27.846220343760393,0.9804699707408068,False,0.0,False
corner_recovery,planner,7,189,19.159269799045443,-0.12488252520527172,2.224637985229492,0.06956656360922575,20.073532104492188,2.9242091178894043,3.1832114933115245,27.786480811465264,0.8761539946497304,False,0.0,False
corner_recovery,planner,7,190,19.160805581286997,-0.131482662128775,1.2629320621490479,0.006776461798199945,20.073532104492188,2.9242091178894043,3.1890942226019137,27.792320246778072,-0.867849969547642,False,0.0,False
corner_recovery,planner,7,191,19.19347425771366,-0.1350123754757171,1.4067192077636719,0.032858808496073096,20.073532104492188,2.9242091178894043,3.1832904295938156,27.817407813131638,0.18161924913647035,False,0.0,False
corner_recovery,planner,7,192,19.23465513665802,-0.1313714956127229,1.7027753591537476,0.04134151420553881,20.073532104492188,2.9242091178894043,3.1686412628716245,27.843205212771988,0.3600233798667036,False,0.0,False
corner_recovery,planner,7,193,19.27610376058167,-0.08123905343368029,1.3595696687698364,0.06504806057062106,20.073532104492188,2.9242091178894043,3.109438964537034,27.835666654669165,0.9118936260732645,False,0.0,False
corner_recovery,planner,7,194,19.345850467361718,0.053293981854530645,0.9967545866966248,0.15153791832581381,20.073532104492188,2.9242091178894043,2.961701248156373,27.78728146616434,0.9761292614218443,False,0.0,False
corner_recovery,planner,7,195,19.41935644664037,0.2227733362458617,1.5485656261444092,0.18473326867301473,20.073532104492188,2.9242091178894043,2.779514539208226,27.717324894570556,0.9870688407608744,False,0.0,False
corner_recovery,planner,7,196,19.49187986782176,0.3887733484630893,1.9484001398086548,0.18115090581052187,20.073532104492188,2.9242091178894043,2.60129849600351,27.650200569969595,0.9848461339729723,False,0.0,False
corner_recovery,planner,7,197,19.553529759099934,0.5008104176786905,1.6818774938583374,0.12787890354953904,19.11412811279297,3.6756176948547363,3.205070210461426,27.614469402965444,0.8153448715543941,False,0.0,False
corner_recovery,planner,7,198,19.565590968698576,0.5484819321043419,1.3962318897247314,0.04917363180219108,19.11412811279297,3.6756176948547363,3.159556422812376,27.589380295687878,0.9266724336635981,False,0.0,False
corner_recovery,planner,7,199,19.528576114054943,0.5980385100152529,0.84311443567276,0.061854295554387234,19.11412811279297,3.6756176948547363,3.105360008872933,27.528192724937256,0.8784685152936741,False,0.0,False
corner_recovery,planner,7,200,19.45703778481612,0.6565585777731973,1.3081252574920654,0.0924247308931796,19.11412811279297,3.6756176948547363,3.0384708317836764,27.43619954393979,0.730802244666692,False,0.0,False
corner_recovery,planner,7,201,19.365647752938248,0.7348040756976533,1.4097601175308228,0.12030999905279871,19.11412811279297,3.6756176948547363,2.9515499101317246,27.316223876894806,0.7319385711830106,False,0.0,False
corner_recovery,planner,7,202,19.265500276467613,0.8266007765652842,2.1348564624786377,0.13585341855697902,19.11412811279297,3.6756176948547363,2.853035389306461,27.180484518929763,0.7360651666027958,False,0.0,False
corner_recovery,planner,7,203,19.1449284140665,0.9299633276282248,1.8473689556121826,0.15881243957924762,19.11412811279297,3.6756176948547363,2.745827118161039,27.022112846062484,0.6902109881874394,False,0.0,False
corner_recovery,planner,7,204,19.00939085667008,1.0054141076617404,1.7670100927352905,0.1551233369698232,19.11412811279297,3.6756176948547363,2.6722569281187196,26.872871710389788,0.49616245436889717,False,0.0,False
corner_recovery,planner,7,205,18.90028198316567,0.9940769969455168,1.7254160642623901,0.10969629144503235,19.63980484008789,4.391687393188477,3.477161264676783,26.803838684808046,-0.28364705940980883,False,0.0,False
corner_recovery,planner,7,206,18.87073091289004,0.9443339702999997,1.6399462223052979,0.05785874570271867,19.63980484008789,4.391687393188477,3.532098572774608,26.818331287053756,-0.9486884480071043,False,0.0,False
corner_recovery,planner,7,207,18.911976007004046,0.9312312075067105,1.5451730489730835,0.043276323564860684,19.63980484008789,4.391687393188477,3.536169088617142,26.856671047452302,-0.08798677499452223,False,0.0,False
corner_recovery,planner,7,208,18.923671714758566,0.8867626371088279,1.9262897968292236,0.045980901830113906,19.63980484008789,4.391687393188477,3.5773375852683977,26.896490359490635,-0.8940493510200115,False,0.0,False
corner_recovery,planner,7,209,18.948169141427588,0.859302476417158,1.2400665283203125,0.03679924372343062,19.63980484008789,4.391687393188477,3.5994587287389255,26.93323997408108,-0.5978456003493572,False,0.0,False
corner_recovery,planner,7,210,18.962516391051352,0.8525454145612203,1.4151934385299683,0.01585879745414416,19.63980484008789,4.391687393188477,3.6033658693060815,26.94813620609655,-0.24430131788209306,False,0.0,False
corner_recovery,planner,7,211,18.916452547310993,0.9653087207180359,1.4929355382919312,0.12180903462203437,19.63980484008789,4.391687393188477,3.5019008190732497,26.83564139483611,0.838158960081764,False,0.0,False
corner_recovery,planner,7,212,18.81622361379356,1.1225219506196515,1.629852294921875,0.1864452701736894,19.63980484008789,4.391687393188477,3.371309645700124,26.653507247435922,0.7139869174705675,False,0.0,False
corner_recovery,planner,7,213,18.74828144521036,1.2546151578865883,1.7855392694473267,0.1485420939594364,19.63980484008789,4.391687393188477,3.261293634911757,26.512025762430046,0.7505843033732061,False,0.0,False
corner_recovery,planner,7,214,18.742698427073474,1.344059798291223,2.210566520690918,0.08961871338415436,19.63980484008789,4.391687393188477,3.1769220754451646,26.444902138937028,0.9430120597934974,False,0.0,False
corner_recovery,planner,7,215,18.755236681488224,1.4188292141775796,1.7310326099395752,0.07581341158235752,19.63980484008789,4.391687393188477,3.1016683542442753,26.401113816476414,0.9927930515735588,False,0.0,False
corner_recovery,planner,7,216,18.82742560217182,1.4104653426969251,1.8489314317703247,0.07267182821154038,19.63980484008789,4.391687393188477,3.0899263649048567,26.458321065033342,0.1729846520142462,False,0.0,False
corner_recovery,planner,7,217,18.924750493895562,1.3719776816397582,1.0195287466049194,0.10465865756204401,19.63980484008789,4.391687393188477,3.1032159866870663,26.554649249228046,-0.11031823260774638,False,0.0,False
corner_recovery,planner,7,218,19.01672525716558,1.3663164572528723,1.4246951341629028,0.09214882820814517,19.63980484008789,4.391687393188477,3.088866696161962,26.62423711353556,0.170205932863255,False,0.0,False
corner_recovery,planner,7,219,19.035255391649393,1.3661934182978939,1.5309243202209473,0.018530542964864578,19.63980484008789,4.391687393188477,3.085302874550002,26.637561741826186,0.19521011195374136,False,0.0,False
corner_recovery,planner,7,220,18.948893384568162,1.4685147736655473,1.998071312904358,0.13389569086185038,19.63980484008789,4.391687393188477,3.0037138350543535,26.504273338342692,0.622989792032203,False,0.0,False
corner_recovery,planner,7,221,18.893738564010388,1.5905526461932653,1.9030368328094482,0.13392272608430528,19.63980484008789,4.391687393188477,2.898787808571728,26.379558540615403,0.7920903840635453,False,0.0,False
corner_recovery,planner,7,222,18.874211858939713,1.7023264745528748,1.4827673435211182,0.11346665112305267,19.63980484008789,4.391687393188477,2.796210786666106,26.287653560939763,0.907604281234732,False,0.0,False
corner_recovery,planner,7,223,18.905281062524836,1.7971687119961823,1.5481570959091187,0.09980153012186997,19.63980484008789,4.391687393188477,2.696488896113111,26.24409874529112,0.9992304904452786,False,0.0,False
corner_recovery,planner,7,224,18.960289451949944,1.817779458021008,1.667137861251831,0.05874287836703453,19.63980484008789,4.391687393188477,2.6620937664617164,26.269482673606024,0.5926781598953352,False,0.0,False
corner_recovery,planner,7,225,19.029023264790613,1.8236628070836587,1.999408483505249,0.06898514929902781,19.63980484008789,4.391687393188477,2.6396599037681816,26.315070970121596,0.3367851230746967,False,0.0,False
corner_recovery,planner,7,226,19.092321384625055,1.8346503468224558,1.475948691368103,0.06424467296272182,19.63980484008789,4.391687393188477,2.614990743863884,26.353304610162436,0.3943624582955368,False,0.0,False
corner_recovery,planner,7,227,19.12692693296041,1.866434047489962,1.8509730100631714,0.04698667474627345,19.63980484008789,4.391687393188477,2.5768096956471207,26.356508646875778,0.8156449418797755,False,0.0,False
corner_recovery,planner,7,228,19.1490238217932,1.8799852836811142,1.933414340019226,0.025921197858068793,19.32671356201172,5.427053928375244,3.5515165231139187,26.36323285652229,0.5697215606906008,False,0.0,False
corner_recovery,planner,7,229,19.19410239230003,1.884954695969356,1.6866648197174072,0.045351654627255746,19.32671356201172,5.427053928375244,3.544580750179446,26.392582916667717,0.1591686813363964,False,0.0,False
corner_recovery,planner,7,230,19.192917144947828,1.9729150835688603,1.8624786138534546,0.08796837271395293,19.32671356201172,5.427053928375244,3.4567291823947555,26.331423416083137,0.9987051252674679,False,0.0,False
corner_recovery,planner,7,231,19.17369009055277,2.048464614045432,2.534522771835327,0.07795775250698858,19.32671356201172,5.427053928375244,3.3820529176405474,26.265719377198497,0.9588361697475287,False,0.0,False
corner_recovery,planner,7,232,19.16119291072509,2.10638061632981,1.8473387956619263,0.059248990069447185,19.32671356201172,5.427053928375244,3.324795983415094,26.21703508045254,0.9669573373734848,False,0.0,False
corner_recovery,planner,7,233,19.15551391064513,2.1955077980044986,1.1954364776611328,0.08930792548918123,19.32671356201172,5.427053928375244,3.236077828690494,26.152125262621347,0.9935730100733039,False,0.0,False
corner_recovery,planner,7,234,19.173626048437114,2.29617291923489,1.7976428270339966,0.1022815534088391,19.32671356201172,5.427053928375244,3.134621457242992,26.097000386077674,0.9921862162600602,False,0.0,False
corner_recovery,planner,7,235,19.172047367165185,2.329946446106588,1.9507051706314087,0.03381040301315071,19.32671356201172,5.427053928375244,3.1009670086205046,26.07293985814194,0.9954370219314205,False,0.0,False
corner_recovery,planner,7,236,19.127613805134274,2.3572894450161628,1.8776997327804565,0.0521726079866031,19.32671356201172,5.427053928375244,3.076214345015884,26.02173794359826,0.48095669374253186,False,0.0,False
corner_recovery,planner,7,237,19.081074332120426,2.379745196800016,2.0528085231781006,0.051673816741021686,19.32671356201172,5.427053928375244,3.0571930159537217,25.972307887394162,0.37536468600232187,False,0.0,False
corner_recovery,planner,7,238,19.09705350873878,2.4312068720029667,1.4839147329330444,0.05388541639529731,19.32671356201172,5.427053928375244,3.004636970624533,25.949180038875756,0.9757591389804506,False,0.0,False
corner_recovery,planner,7,239,19.12082749655163,2.503899857786371,1.671074628829956,0.07648184541858077,19.32671356201172,5.427053928375244,2.930395671637353,25.91755320895961,0.9714396327661364,False,0.0,False
corner_recovery,planner,7,240,19.120897865995374,2.519368827296417,1.867342472076416,0.015469129567023296,19.32671356201172,5.427053928375244,2.914960162294243,25.907165059070486,0.9978380851752897,False,0.0,False
corner_recovery,planner,7,241,19.146816499618566,2.5040285790861314,1.8985625505447388,0.030118080683311087,19.32671356201172,5.427053928375244,2.9285559830135437,25.93664585160349,-0.4473038528460634,False,0.0,False
corner_recovery,planner,7,242,19.13641259169717,2.4803261897384554,0.975149393081665,0.02588521896422221,19.32671356201172,5.427053928375244,2.952866205054699,25.94496593363788,-0.938633138603316,False,0.0,False
corner_recovery,planner,7,243,19.12022882867889,2.435203553615862,2.1434929370880127,0.047937109592504634,19.32671356201172,5.427053928375244,2.9989672572482986,25.963536443711824,-0.9610887405391075,False,0.0,False
corner_recovery,planner,7,244,19.115526350418246,2.3532462771241502,1.6355938911437988,0.08209207313578286,19.32671356201172,5.427053928375244,3.081053961752438,26.01559656454887,-0.9999328122121298,False,0.0,False
corner_recovery,planner,7,245,19.12093609287867,2.262874680462801,1.9986510276794434,0.09053336841524078,19.32671356201172,5.427053928375244,3.1708633965723845,26.080947292399443,-0.9917696585376478,False,0.0,False
corner_recovery,planner,7,246,19.13373518453193,2.197055018115799,1.8514676094055176,0.06705255176816098,19.32671356201172,5.427053928375244,3.2357585840807,26.13512334273154,-0.9671563434165885,False,0.0,False
corner_recovery,planner,7,247,19.19082760288857,2.1641231251636732,2.0263729095458984,0.06590943640496526,19.32671356201172,5.427053928375244,3.265759087935564,26.199358159659393,-0.44710323247347816,False,0.0,False
corner_recovery,planner,7,248,19.27704530914411,2.1848490914832928,1.7815626859664917,0.08867388878270988,19.32671356201172,5.427053928375244,3.242585255580566,26.248506200239635,0.27398680435073103,False,0.0,False
corner_recovery,planner,7,249,19.391299465728306,2.2099530846246913,1.9476943016052246,0.11697958269890173,19.32671356201172,5.427053928375244,3.217749085590641,26.3155517559638,0.22953693052550897,False,0.0,False
corner_recovery,planner,7,250,19.50506594042802,2.198726106668775,1.4102978706359863,0.11431909639086445,19.32671356201172,5.427053928375244,3.2332507009650193,26.40706249407232,-0.11816232431456473,False,0.0,False
corner_recovery,planner,7,251,19.573306378860604,2.073337998897864,1.6964622735977173,0.14275480730203308,19.32671356201172,5.427053928375244,3.3627694766296123,26.542033326452298,-0.9033774191893796,False,0.0,False
corner_recovery,planner,7,252,19.48033718993882,1.9047647965314445,2.595961332321167,0.19251024555811141,19.32671356201172,5.427053928375244,3.525637665353947,26.5879874022567,-0.8378873433991816,False,0.0,False
corner_recovery,planner,7,253,19.38533584079447,1.745188333666185,1.62749183177948,0.18571457627185411,19.32671356201172,5.427053928375244,3.6823322540303143,26.62760587498823,-0.8361507445720558,False,0.0,False
corner_recovery,planner,7,254,19.30145572396423,1.6059894632428255,1.7075228691101074,0.16251830520465507,19.32671356201172,5.427053928375244,3.821147943364733,26.662442061643297,-0.848186722619002,False,0.0,False
corner_recovery,planner,7,255,19.259756693686004,1.4885467877810354,1.9201033115386963,0.12462580449396457,19.32671356201172,5.427053928375244,3.939076251956486,26.713519572084746,-0.9445535086438716,False,0.0,False
corner_recovery,planner,7,256,19.328121112146952,1.3934299410182007,1.843189001083374,0.11713628067173829,19.63980484008789,4.391687393188477,3.0144144532160397,26.828729285704508,-0.7293925339543627,False,0.0,False
corner_recovery,planner,7,257,19.38064910687821,1.2671150934277449,1.4555763006210327,0.13680142891171512,19.63980484008789,4.391687393188477,3.135301221651201,26.954230405018464,-0.8786935519227994,False,0.0,False
corner_recovery,planner,7,258,19.40157116451046,1.1051451305484554,2.1635897159576416,0.1633156494971797,19.63980484008789,4.391687393188477,3.2951654477883383,27.082032866629504,-0.9777773539005681,False,0.0,False
corner_recovery,planner,7,259,19.425046091558,0.8561222541248972,2.0370006561279297,0.2501268981580149,19.63980484008789,4.391687393188477,3.54208161574967,27.27307226566462,-0.9861954725998637,False,0.0,False
corner_recovery,planner,7,260,19.45484257935327,0.6253241439507166,1.5333373546600342,0.23271355427844528,19.63980484008789,4.391687393188477,3.770902168328539,27.456674312713037,-0.9821813935482425,False,0.0,False
corner_recovery,planner,7,261,19.496684901125143,0.4165291552985826,1.9390836954116821,0.21294630115948432,19.11412811279297,3.6756176948547363,3.281464277569587,27.633911276890057,-0.9962576263351629,False,0.0,False
corner_recovery,planner,7,262,19.569420774750323,0.2515147818476505,2.1489639282226562,0.18033372052231927,19.11412811279297,3.6756176948547363,3.4542397379012106,27.80224627383211,-0.9558323214683861,False,0.0,False
corner_recovery,planner,7,263,19.6981066842846,0.13736013245359127,1.888566255569458,0.1720213570779644,19.11412811279297,3.6756176948547363,3.5861257019031414,27.973914088902568,-0.7564199646325341,False,0.0,False
corner_recovery,planner,7,264,19.82408769096621,-0.027672714439783502,1.5420433282852173,0.2076223846271008,20.073532104492188,2.9242091178894043,2.96240254986969,28.179817727157744,-0.7067449304430876,False,0.0,False
corner_recovery,planner,7,265,19.918738817058347,-0.1976050504730158,1.421170949935913,0.19451435551192936,20.073532104492188,2.9242091178894043,3.1256494786880573,28.36722414754535,-0.8295474512910382,False,0.0,False
corner_recovery,planner,7,266,19.893944352053673,-0.3244289104773771,1.387575387954712,0.1292248310553118,20.073532104492188,2.9242091178894043,3.253598131327335,28.440313507759665,-0.9897180799263502,False,0.0,False
corner_recovery,planner,7,267,19.813082036549964,-0.41421179592046886,2.4103708267211914,0.12082913798876742,19.32671356201172,5.427053928375244,5.861479297485967,28.44816800842819,-0.673786089021254,False,0.0,False
corner_recovery,planner,7,268,19.701024643556696,-0.4743574828726664,1.946731448173523,0.1271784690244363,19.32671356201172,5.427053928375244,5.913270282219004,28.41354758460288,-0.39818120365756404,False,0.0,False
corner_recovery,planner,7,269,19.545503023673415,-0.47798481865867093,1.521169900894165,0.15556391553321147,20.073532104492188,2.9242091178894043,3.4429258330778496,28.308559671619495,-0.13210360007872365,False,0.0,False
corner_recovery,planner,7,270,19.462201934754333,-0.5389873199923525,1.8552000522613525,0.1032490996768044,20.073532104492188,2.9242091178894043,3.5167391350210497,28.295358352209675,-0.70757412634224,False,0.0,False
corner_recovery,planner,7,271,19.406138854231592,-0.6059342694667844,2.1817195415496826,0.08732103435960559,20.073532104492188,2.9242091178894043,3.592676729931045,28.305525120500818,-0.8666109725265748,False,0.0,False
corner_recovery,planner,7,272,19.365656804386724,-0.6478751572034525,1.462893009185791,0.058290946327729284,20.073532104492188,2.9242091178894043,3.641548229649727,28.308362933464544,-0.835996343362495,False,0.0,False
corner_recovery,planner,7,273,19.288924614376334,-0.6763840827098677,1.7636014223098755,0.08185711830574567,20.073532104492188,2.9242091178894043,3.685088914768219,28.276765577322156,-0.5238514020822085,False,0.0,False
corner_recovery,planner,7,274,19.164244018785745,-0.6840818664635957,2.0371782779693604,0.12491800027035085,20.073532104492188,2.9242091178894043,3.721097774927559,28.197508603955303,-0.27271922975588425,False,0.0,False
corner_recovery,planner,7,275,19.076486281903353,-0.6233382476209898,1.6657016277313232,0.10672960045280237,20.073532104492188,2.9242091178894043,3.684995615042382,28.093316097239814,0.3509584259299751,False,0.0,False
corner_recovery,planner,7,276,18.960555064323408,-0.534289334658245,2.109914779663086,0.14618398034468424,20.073532104492188,2.9242091178894043,3.6331707141582736,27.949234100896206,0.37186042906592137,False,0.0,False
corner_recovery,planner,7,277,18.864526912714386,-0.433603407732223,1.7093501091003418,0.13913684552410152,20.073532104492188,2.9242091178894043,3.5688371370752083,27.810115495355486,0.4774306961123593,False,0.0,False
corner_recovery,planner,7,278,18.839546080132486,-0.34400482469556615,1.865493893623352,0.09301584853486847,20.073532104492188,2.9242091178894043,3.493414358878983,27.727369669924908,0.8153228724388933,False,0.0,False
corner_recovery,planner,7,279,18.902962709180084,-0.26342735161939423,1.928107500076294,0.10253973867287687,20.073532104492188,2.9242091178894043,3.395770747707192,27.711522643460246,0.9536194844400759,False,0.0,False
corner_recovery,planner,7,280,19.06939008470264,-0.148150560836528,1.9689418077468872,0.202451993856624,20.073532104492188,2.9242091178894043,3.2322894658999752,27.741478136982764,0.8178781024723472,False,0.0,False
corner_recovery,planner,7,281,19.243885065990444,0.010732500558267667,1.59505033493042,0.23599221532248366,20.073532104492188,2.9242091178894043,3.029300283601808,27.747034573036586,0.8696484934460494,False,0.0,False
corner_recovery,planner,7,282,19.391522161943605,0.16059143739819595,1.48397958278656,0.21036732886139095,20.073532104492188,2.9242091178894043,2.8465277524834933,27.742264937654024,0.8773374939200577,False,0.0,False
corner_recovery,planner,7,283,19.52360499218128,0.3130948579218636,1.6802177429199219,0.20175025976442507,20.073532104492188,2.9242091178894043,2.6683960552100303,27.726258059173947,0.8907433342910663,False,0.0,False
corner_recovery,planner,7,284,19.600055609554186,0.40935050506021886,1.6122956275939941,0.12292211559651113,20.073532104492188,2.9242091178894043,2.5590415850040245,27.712014137034515,0.8944280116136336,False,0.0,False
corner_recovery,planner,7,285,19.564848578097195,0.5492846413273377,1.6181749105453491,0.1442951750989553,19.11412811279297,3.6756176948547363,3.1586559324215746,27.58828787453068,0.9951239359373905,False,0.0,False
corner_recovery,planner,7,286,19.503919421687645,0.694499514081482,1.8839823007583618,0.1574792728259238,19.11412811279297,3.6756176948547363,3.0064934512196535,27.44276264918466,0.9678929799775466,False,0.0,False
corner_recovery,planner,7,287,19.458949460162234,0.8317510148267324,1.4568150043487549,0.14443085507058512,19.11412811279297,3.6756176948547363,2.864695351232842,27.314327435445744,0.982639227461126,False,0.0,False
corner_recovery,planner,7,288,19.482486841807,0.9085899079737259,1.5531152486801147,0.08036307507024844,19.11412811279297,3.6756176948547363,2.7914388631335734,27.2772658608429,0.9139400618913407,False,0.0,False
corner_recovery,planner,7,289,19.562168615708714,0.9289017982076261,1.5347416400909424,0.08222990926054856,19.11412811279297,3.6756176948547363,2.783017877978317,27.32005174906935,0.11698229188695942,False,0.0,False
corner_recovery,planner,7,290,19.59892038432441,0.9504446934886337,2.092994213104248,0.042600338419665165,19.11412811279297,3.6756176948547363,2.767957989910856,27.331359966290044,0.36021281487085327,False,0.0,False
corner_recovery,planner,7,291,19.54112550192147,0.8733942537291828,2.0670149326324463,0.09631728141457366,19.11412811279297,3.6756176948547363,2.8345692766831605,27.343786008070015,-0.6825047715053504,False,0.0,False
corner_recovery,planner,7,292,19.481660046757973,0.7479524154294362,1.9306910037994385,0.13882289131775666,19.11412811279297,3.6756176948547363,2.950644626320912,27.38934855698498,-0.8287722854125116,False,0.0,False
corner_recovery,planner,7,293,19.44350185594708,0.6300005158492384,1.5958991050720215,0.12397055352194576,19.11412811279297,3.6756176948547363,3.063375762738348,27.445339211571394,-0.9057015423811764,False,0.0,False
corner_recovery,planner,7,294,19.429696443978063,0.5365774384850406,2.432891845703125,0.09443760259468242,19.11412811279297,3.6756176948547363,3.154862453856978,27.501598530144086,-0.9678045538704881,False,0.0,False
corner_recovery,planner,7,295,19.48560355787184,0.454608977856823,2.2524633407592773,0.09921912074641387,19.11412811279297,3.6756176948547363,3.2423588884133556,27.599113323130926,-0.8783542885695922,False,0.0,False
corner_recovery,planner,7,296,19.61529251528624,0.3892594454708664,1.4849567413330078,0.14522323181329078,19.11412811279297,3.6756176948547363,3.3243520122904933,27.736994169471537,-0.5493447530219153,False,0.0,False
corner_recovery,planner,7,297,19.739189717272716,0.2943529142529538,1.3841984272003174,0.15606974827907696,19.11412811279297,3.6756176948547363,3.4385539876425986,27.891721670820107,-0.7208318051824949,False,0.0,False
corner_recovery,planner,7,298,19.82455113448672,0.17926271101303168,1.5466127395629883,0.14329105495664973,19.11412811279297,3.6756176948547363,3.5678003087038386,28.0334524160496,-0.898100256320396,False,0.0,False
corner_recovery,planner,7,299,19.854276210047455,0.05642947202666879,1.5659689903259277,0.12637873522461157,20.073532104492188,2.9242091178894043,2.8761490302961277,28.141398139202373,-0.946724448126054,False,0.0,False
corner_recovery,planner,7,300,19.773292280974342,-0.1278505881735624,1.783957839012146,0.2012896851692105,20.073532104492188,2.9242091178894043,3.066791874418476,28.21548257479709,-0.9435030016640348,False,0.0,False
corner_recovery,planner,7,301,19.71935947414678,-0.3461132395631863,1.626588225364685,0.2248273396273849,20.073532104492188,2.9242091178894043,3.2894447211862445,28.334033634972464,-0.9896225493964114,False,0.0,False
corner_recovery,planner,7,302,19.67432335668751,-0.5389688207863045,1.2125080823898315,0.1980442553691273,20.073532104492188,2.9242091178894043,3.4861108787951522,28.441663800922964,-0.9926239778328075,False,0.0,False
corner_recovery,planner,7,303,19.611627291957678,-0.717349891393756,1.262755036354065,0.189078298288481,20.073532104492188,2.9242091178894043,3.6707367208686996,28.52760963629957,-0.9751896252774326,False,0.0,False
corner_recovery,planner,7,304,19.603033596321616,-0.7959637596880407,2.052466869354248,0.07908218442150167,20.073532104492188,2.9242091178894043,3.7498073397514147,28.57885643045873,-0.9998506024069403,False,0.0,False
corner_recovery,planner,7,305,19.65661758251512,-0.7717956915956844,2.2758960723876953,0.05878213241881014,20.073532104492188,2.9242091178894043,3.7194447529668015,28.59807879978366,0.522274312484502,False,0.0,False
corner_recovery,planner,7,306,19.71286411501219,-0.6889923778903589,1.7170069217681885,0.10010025563666916,20.073532104492188,2.9242091178894043,3.631157728292818,28.576763589135506,0.8849746692598862,False,0.0,False
corner_recovery,planner,7,307,19.764012770493768,-0.6304545962487194,1.703229546546936,0.07773581437855553,20.073532104492188,2.9242091178894043,3.5681138348893895,28.569771746377683,0.814665624033459,False,0.0,False
corner_recovery,planner,7,308,19.787879704941925,-0.586638742725504,1.8834781646728516,0.04989448446392178,20.073532104492188,2.9242091178894043,3.522449430971735,28.554682241985102,0.9163547440682538,False,0.0,False
corner_recovery,planner,7,309,19.77333087404616,-0.6074350964060576,2.0135717391967773,0.02538024442042023,20.073532104492188,2.9242091178894043,3.5443802892928855,28.55960425333473,-0.8631789779063045,False,0.0,False
corner_recovery,planner,7,310,19.667955736787533,-0.611271072525851,1.5460317134857178,0.1054449347530072,20.073532104492188,2.9242091178894043,3.5586672177739787,28.48952400601622,-0.12088997069531386,False,0.0,False
corner_recovery,planner,7,311,19.53006156297515,-0.6026342607260822,1.8129748106002808,0.13816438647301502,20.073532104492188,2.9242091178894043,3.568470883555129,28.388234237705653,-0.051641892520203896,False,0.0,False
corner_recovery,planner,7,312,19.425593660682043,-0.5690829744592134,2.0393621921539307,0.10972343149794052,20.073532104492188,2.9242091178894043,3.552874029491124,28.292063612966064,0.15721034551776553,False,0.0,False
corner_recovery,planner,7,313,19.339108114494433,-0.5034136631311176,1.9894776344299316,0.10859193409123749,20.073532104492188,2.9242091178894043,3.5054210197999156,28.18494411038589,0.4493486947420192,False,0.0,False
corner_recovery,planner,7,314,19.322379480109607,-0.318831332550161,2.0023319721221924,0.18533883557171368,20.073532104492188,2.9242091178894043,3.3288949560333227,28.039423237541513,0.9549047548439078,False,0.0,False
corner_recovery,planner,7,315,19.288374998850504,-0.11510354700228148,1.7304201126098633,0.20654615791619915,20.073532104492188,2.9242091178894043,3.139091135266803,27.868598830994443,0.9237669853444476,False,0.0,False
corner_recovery,planner,7,316,19.230035111330672,0.06452050116832232,2.1532018184661865,0.18886063951237178,20.073532104492188,2.9242091178894043,2.981493948019458,27.698692987781005,0.8435979198052961,False,0.0,False
corner_recovery,planner,7,317,19.156440226272615,0.22940377145433946,1.0393778085708618,0.18056217745397402,20.073532104492188,2.9242091178894043,2.846582752753082,27.528997028132707,0.7605489360190292,False,0.0,False
corner_recovery,planner,7,318,19.10435119392505,0.318297601839764,1.1811473369598389,0.10303096802174641,20.073532104492188,2.9242091178894043,2.78030330483706,27.428919844400944,0.6539044666893483,False,0.0,False
corner_recovery,planner,7,319,19.11920395764144,0.35829681992395035,1.3342751264572144,0.04266781031833167,19.11412811279297,3.6756176948547363,3.3173247582129313,27.410590358255725,0.9384662823641287,False,0.0,False
corner_recovery,planner,7,320,19.157167173749365,0.4090103345467941,1.1178008317947388,0.06334876749123426,19.11412811279297,3.6756176948547363,3.2668908777591623,27.40080163416528,0.7996267279540932,False,0.0,False
corner_recovery,planner,7,321,19.217716137340688,0.47830236548762484,1.8438730239868164,0.0920193596146398,19.11412811279297,3.6756176948547363,3.1989929343835097,27.393745491785726,0.7442817074591938,False,0.0,False
corner_recovery,planner,7,322,19.29867706056658,0.6331563593968103,2.2897090911865234,0.17474103845180364,19.11412811279297,3.6756176948547363,3.0480533610619047,27.340694374642553,0.8707236450908371,False,0.0,False
corner_recovery,planner,7,323,19.414529340437763,0.852818393151261,1.5948415994644165,0.24834081385163545,19.11412811279297,3.6756176948547363,2.838738592274415,27.267902614546017,0.8546504466285942,False,0.0,False
corner_recovery,planner,7,324,19.5113126306606,1.0406914564791863,1.5017287731170654,0.21133691866443197,19.11412811279297,3.6756176948547363,2.664693570171563,27.205637302217298,0.8355206602453041,False,0.0,False
corner_recovery,planner,7,325,19.610147912417165,1.2176690710442541,2.2219667434692383,0.20270542414311743,19.11412811279297,3.6756176948547363,2.507498171267742,27.153892101716963,0.7906485680118055,False,0.0,False
corner_recovery,planner,7,326,19.708112119883783,1.3417295992750295,2.0326087474823,0.158075933049473,19.11412811279297,3.6756176948547363,2.4082879070759646,27.139284030284948,0.6467162282418452,False,0.0,False
corner_recovery,planner,7,327,19.809383928386396,1.4225199213150648,1.6745723485946655,0.129549432004631,19.11412811279297,3.6756176948547363,2.357929224180808,27.15758563819967,0.4115541431293262,False,0.0,False
corner_recovery,planner,7,328,19.93221752625989,1.5377745360928696,1.3547251224517822,0.16843906611628903,19.11412811279297,3.6756176948547363,2.2890267931790507,27.168862040841585,0.4388052599854303,False,0.0,False
corner_recovery,planner,7,329,20.041845896449964,1.6707237906808674,2.249990224838257,0.1723191337200717,20.02374839782715,5.514272212982178,3.8435910284565002,27.15949103526354,0.7859649653709189,False,0.0,False
corner_recovery,planner,7,330,20.08929511882787,1.8414194826634287,2.1018404960632324,0.1771678525175306,20.02374839782715,5.514272212982178,3.673437565992355,27.079767812445446,0.962197054099519,False,0.0,False
corner_recovery,planner,7,331,20.135757863605814,2.047347833497306,1.256651520729065,0.2111048846650898,20.02374839782715,5.514272212982178,3.468733309652183,26.976776392912427,0.9713963337571674,False,0.0,False
corner_recovery,planner,7,332,20.17334590378329,2.217850058591158,1.4269111156463623,0.17459630444639437,19.32671356201172,5.427053928375244,3.3190022295820722,26.891796918250677,0.8995991131030001,False,0.0,False
corner_recovery,planner,7,333,20.205356072556878,2.369886393372874,1.1375102996826172,0.1553695529979141,19.32671356201172,5.427053928375244,3.180925336817821,26.81561708783503,0.8936200638541416,False,0.0,False
corner_recovery,planner,7,334,20.242125891935824,2.4907464107486,1.3818968534469604,0.12632958251027818,19.32671356201172,5.427053928375244,3.075692047628927,26.76411070590039,0.8390842746151207,False,0.0,False
corner_recovery,planner,7,335,20.229015958251438,2.487057526602835,2.0037851333618164,0.013619039152961341,19.32671356201172,5.427053928375244,3.0753420064595502,26.756611159033383,0.02791485666677526,False,0.0,False
corner_recovery,planner,7,336,20.166493434962902,2.4972878508991814,1.9692444801330566,0.06335396951710197,19.32671356201172,5.427053928375244,3.04774662722205,26.702666346952757,0.44392067275013697,False,0.0,False
corner_recovery,planner,7,337,20.09497654951476,2.534568664724055,1.9342072010040283,0.08065062915840981,19.32671356201172,5.427053928375244,2.9927744683497934,26.624225326810674,0.6886926643502642,False,0.0,False
corner_recovery,planner,7,338,19.991802423103575,2.6386388507299143,1.5928751230239868,0.14654522843138099,19.32671356201172,5.427053928375244,2.8666359793995944,26.478085751802276,0.8670917529058267,False,0.0,False
corner_recovery,planner,7,339,19.892260579085573,2.7163575637602957,1.2951781749725342,0.12628846766669988,19.32671356201172,5.427053928375244,2.769064500812112,26.35197007455093,0.7814866788788136,False,0.0,False
corner_recovery,planner,7,340,19.797637571628787,2.778304751240225,2.0045385360717773,0.11309715989732212,17.627185821533203,7.313706874847412,5.027994950505973,26.23991693315211,0.861104163716532,False,0.0,False
corner_recovery,planner,7,341,19.690875872427014,2.8230754782986094,1.8574212789535522,0.11576907366730597,17.627185821533203,7.313706874847412,4.9421237303236305,26.130008202209865,0.7469242174889635,False,0.0,False
corner_recovery,planner,7,342,19.535452630897666,2.8513291883986978,1.552314043045044,0.15797042806142547,17.627185821533203,7.313706874847412,4.853276916912677,25.994438253186257,0.5733534067496361,False,0.0,False
corner_recovery,planner,7,343,19.365720957105907,2.9061776016314482,1.5608506202697754,0.17837373551703908,17.627185821533203,7.313706874847412,4.738018437266411,25.830793878149723,0.656866741443929,False,0.0,False
corner_recovery,planner,7,344,19.287897079003148,2.9919671707556375,2.081704616546631,0.11582921122699197,17.627185821533203,7.313706874847412,4.629837572810807,25.715679155932712,0.9355297118238566,False,0.0,False
corner_recovery,planner,7,345,19.255316890910045,3.111920696493803,1.3789621591567993,0.12429930407367029,17.627185821533203,7.313706874847412,4.506197717330389,25.61199818699978,0.9948367285472889,False,0.0,False
corner_recovery,planner,7,346,19.234566407878315,3.2402737446921606,1.7411572933197021,0.130019565942438,17.627185821533203,7.313706874847412,4.379101484917376,25.51189857795644,0.9781576461404641,False,0.0,False
corner_recovery,planner,7,347,19.195113682987234,3.3836535601621005,1.4750995635986328,0.1487087387665075,17.627185821533203,7.313706874847412,4.231278392518367,25.38809481452906,0.9942460644599364,False,0.0,False
corner_recovery,planner,7,348,19.186146400366216,3.5484766522477185,1.6262000799179077,0.16506684658728207,17.627185821533203,7.313706874847412,4.075207567171701,25.27371824955568,0.947568880107005,False,0.0,False
corner_recovery,planner,7,349,19.202163747550138,3.7102340406409406,1.9338271617889404,0.16254847926266808,17.627185821533203,7.313706874847412,3.9326291376513787,25.180936590969406,0.8817433941877346,False,0.0,False
corner_recovery,planner,7,350,19.151462149771383,3.7519823059146495,1.660537600517273,0.06567777151123949,17.627185821533203,7.313706874847412,3.8741838146591006,25.11526590465322,0.891617639448058,False,0.0,False
corner_recovery,planner,7,351,19.129702737080073,3.692329230339089,1.8984227180480957,0.06349772804041308,17.627185821533203,7.313706874847412,3.920705692301978,25.137335832197923,-0.7288581466145526,False,0.0,False
corner_recovery,planner,7,352,19.159200835938215,3.655561186189701,1.5409880876541138,0.04713838040085846,17.627185821533203,7.313706874847412,3.965992925335015,25.183638672959955,-0.9602666327176598,False,0.0,False
corner_recovery,planner,7,353,19.20857252978349,3.6474469238718763,1.6728764772415161,0.05003404247223973,17.627185821533203,7.313706874847412,3.9927742171525065,25.226479158605155,-0.5307607591525925,False,0.0,False
corner_recovery,planner,7,354,19.2258490974983,3.7077699670283413,2.11728835105896,0.06274830139263729,17.627185821533203,7.313706874847412,3.9444271134210633,25.200595885157952,0.7736855490418818,False,0.0,False
corner_recovery,planner,7,355,19.260128157390973,3.863361715654847,2.169436454772949,0.15932308742859333,17.627185821533203,7.313706874847412,3.817248012613301,25.1265523253573,0.8055736737066677,False,0.0,False
corner_recovery,planner,7,356,19.321232219261915,4.029365550035627,1.5194584131240845,0.17689256458723576,17.627185821533203,7.313706874847412,3.695496060818366,25.067332909686133,0.7004756265656884,False,0.0,False
corner_recovery,planner,7,357,19.37713894265567,4.166653777793342,1.7150391340255737,0.14823501341275577,17.627185821533203,7.313706874847412,3.6008719946429473,25.023356413463976,0.6502219345471341,False,0.0,False
corner_recovery,planner,7,358,19.42898315670772,4.2737418547574295,1.5628206729888916,0.11897763974184863,17.627185821533203,7.313706874847412,3.5338167695018763,24.996011316896954,0.5748682396141855,False,0.0,False
corner_recovery,planner,7,359,19.376512992947,4.306542063465711,1.965046763420105,0.06187868596199846,19.178232192993164,7.855777263641357,3.5547694414400763,24.934591991280204,0.5879925454912323,False,0.0,False
corner_recovery,planner,7,360,19.307975685889485,4.366410742464827,1.8644092082977295,0.09100341303377123,19.178232192993164,7.855777263641357,3.4917777840315876,24.843651868439526,0.6988573241451169,False,0.0,False
corner_recovery,planner,7,361,19.271864451015997,4.49633160026547,1.9826327562332153,0.134846025435469,19.178232192993164,7.855777263641357,3.360750238401764,24.73395425861504,0.9727607468392991,False,0.0,False
corner_recovery,planner,7,362,19.23587576582511,4.7056432458962085,2.198688507080078,0.21238302770799902,19.178232192993164,7.855777263641357,3.1506613767975806,24.575114750496244,0.9898769263485548,False,0.0,False
corner_recovery,planner,7,363,19.2474553786272,4.919364560345587,2.058830499649048,0.21403478147865668,19.178232192993164,7.855777263641357,2.9372285259247537,24.451791423452104,0.9973784775686467,False,0.0,False
corner_recovery,planner,7,364,19.333010725120083,5.145147241896796,1.8176624774932861,0.2414488281230035,19.178232192993164,7.855777263641357,2.7150453971877315,24.380975250439317,0.9265053983813939,False,0.0,False
corner_recovery,planner,7,365,19.396841299549063,5.34294414058148,2.005175828933716,0.20784117821358897,14.555006980895996,8.300332069396973,5.673579375560917,24.311864158595633,0.2681420985445387,False,0.0,False
corner_recovery,planner,7,366,19.402062722451536,5.499647810377491,1.9335452318191528,0.15679063551329744,14.555006980895996,8.300332069396973,5.598015869972684,24.221896117129926,0.49254715765673335,False,0.0,False
corner_recovery,planner,7,367,19.330586588544435,5.64252954715122,1.6596633195877075,0.1597624124185131,14.555006980895996,8.300332069396973,5.465352215204753,24.07921376751408,0.8348111281689885,False,0.0,False
corner_recovery,planner,7,368,19.320057343402333,5.814610407259583,2.2213940620422363,0.17240268970899592,14.555006980895996,8.300332069396973,5.374431796835907,23.96851880384315,0.5387580937323955,False,0.0,False
corner_recovery,planner,7,369,19.292977716335386,5.968249279213944,1.2776212692260742,0.15600708053640855,14.555006980895996,8.300332069396973,5.28081213736561,23.856005899003584,0.609385909635554,False,0.0,False
corner_recovery,planner,7,370,19.272950269634347,6.124671027195615,1.8773146867752075,0.15769864255282742,14.555006980895996,8.300332069396973,5.195429707570293,23.748081316168335,0.5519820731589027,False,0.0,False
corner_recovery,planner,7,371,19.269551386965276,6.273316699970634,1.9651936292648315,0.14868452655920897,14.555006980895996,8.300332069396973,5.131834005956324,23.658770996698042,0.4394137482388218,False,0.0,False
corner_recovery,planner,7,372,19.293604597233436,6.387361243170073,1.7952953577041626,0.11655348453724176,15.890990257263184,7.216569900512695,3.502195217857387,23.612435543127173,0.06434671192193991,False,0.0,False
corner_recovery,planner,7,373,19.249471485145495,6.463612414285175,2.2207276821136475,0.08810205831302373,15.890990257263184,7.216569900512695,3.44185141081133,23.532444440136768,0.6916080740900737,False,0.0,False
corner_recovery,planner,7,374,19.164197998918716,6.54556979187041,1.9033665657043457,0.11827332410107229,15.890990257263184,7.216569900512695,3.341276711951836,23.41555417168661,0.8551157057135697,False,0.0,False
corner_recovery,planner,7,375,19.123822375470766,6.65699257315608,1.2488670349121094,0.11851256118338231,15.890990257263184,7.216569900512695,3.2809038830490143,23.318585494008172,0.5225536584474864,False,0.0,False
corner_recovery,planner,7,376,19.175913681428426,6.740761611048625,2.0627474784851074,0.09864459369786686,15.890990257263184,7.216569900512695,3.319204035751979,23.31358119578877,-0.3754971712247738,False,0.0,False
corner_recovery,planner,7,377,19.284699229279145,6.865957203854435,2.0721676349639893,0.16585605771023043,15.890990257263184,7.216569900512695,3.4117722447138243,23.332438889553377,-0.540922129477024,False,0.0,False
corner_recovery,planner,7,378,19.423957349288155,7.002958044830025,1.5964471101760864,0.19535110549076162,15.890990257263184,7.216569900512695,3.53941894923723,23.371204904570366,-0.6370164299293585,False,0.0,False
corner_recovery,planner,7,379,19.47983577670876,7.077072888403433,1.8732577562332153,0.09281922585817362,15.890990257263184,7.216569900512695,3.5915555931701806,23.37661324955307,-0.5527257076919743,False,0.0,False
corner_recovery,planner,7,380,19.446344013934084,7.1285458958176005,1.7744028568267822,0.061409841768353284,14.555006980895996,8.300332069396973,5.029737647965511,23.3202621397004,0.7313523654943805,False,0.0,False
corner_recovery,planner,7,381,19.363811262006283,7.195455083683731,1.9581581354141235,0.10624732731547185,14.555006980895996,8.300332069396973,4.934100907722034,23.214511778294245,0.9021373715477415,False,0.0,False
corner_recovery,planner,7,382,19.245844263777006,7.298115796224995,1.9377143383026123,0.1563823345864442,14.555006980895996,8.300332069396973,4.796706356728252,23.059496606640558,0.8821956691718493,False,0.0,False
corner_recovery,planner,7,383,19.156266196877322,7.39870087725314,1.0504066944122314,0.13469071458316131,14.555006980895996,8.300332069396973,4.688765848205666,22.92935398537354,0.8064183198766119,False,0.0,False
corner_recovery,planner,7,384,19.08237746276398,7.501502747414632,1.9834282398223877,0.12660082755484836,16.130706787109375,8.917095184326172,3.273570180240598,22.811171894584604,0.8858531931769871,False,0.0,False
corner_recovery,planner,7,385,19.05689637478423,7.614924099063791,2.0634067058563232,0.11624839291170423,16.130706787109375,8.917095184326172,3.2028479574138617,22.72785525541764,0.6195555842007223,False,0.0,False
corner_recovery,planner,7,386,19.105723392610145,7.7799449067866,1.44145667552948,0.17209283730376573,16.130706787109375,8.917095184326172,3.184938705330708,22.67947117628851,0.13064202889874998,False,0.0,False
corner_recovery,planner,7,387,19.138650835530296,7.95665783056476,1.2108227014541626,0.1797544823571462,16.130706787109375,8.917095184326172,3.1575571742932955,22.61260812941403,0.1798920526020819,False,0.0,False
corner_recovery,planner,7,388,19.155146106741952,8.124710912840838,1.4435667991638184,0.16886068943018187,15.971993446350098,7.5362958908081055,3.2370809531912426,22.53757114851183,-0.2277987400910922,False,0.0,False
corner_recovery,planner,7,389,19.15239958269052,8.281611892566854,1.6117557287216187,0.15692501659502484,15.971993446350098,7.5362958908081055,3.26656993412807,22.452951467712985,-0.16453493355775148,False,0.0,False
corner_recovery,planner,7,390,19.03825945531775,8.383123897099104,1.7178723812103271,0.1527503052069876,16.130706787109375,8.917095184326172,2.956177913114935,22.302626156534696,0.8680075025513917,False,0.0,False
corner_recovery,planner,7,391,18.867238223647533,8.480889494592171,1.0573172569274902,0.19699333424046217,16.130706787109375,8.917095184326172,2.7710791592659185,22.105713854649967,0.9435215363052459,False,0.0,False
corner_recovery,planner,7,392,18.759210186744795,8.53204677587895,2.389983892440796,0.11952875882277815,15.971993446350098,7.5362958908081055,2.9597461011133728,21.98685784692979,0.7264615774885775,False,0.0,False
corner_recovery,planner,7,393,18.701575103327094,8.551087016210515,2.298130989074707,0.06069871162099783,20.61578941345215,8.197210311889648,1.9466497237429576,21.927756835932108,-0.9901268161611374,False,0.0,False
corner_recovery,planner,7,394,18.662110290568794,8.601255951804752,2.00596284866333,0.06383097637281208,20.61578941345215,8.197210311889648,1.9950225548410923,21.867915455608024,-0.7508475410092895,False,0.0,False
corner_recovery,planner,7,395,18.594035370849056,8.622744128429956,2.002516031265259,0.07138582793191295,20.61578941345215,8.197210311889648,2.066051412187341,21.798626161746085,-0.9948209361854906,False,0.0,False
corner_recovery,planner,7,396,18.470474839112782,8.563755763433742,1.9266612529754639,0.13691907174633247,15.890990257263184,7.216569900512695,2.910094578747248,21.724321002523723,0.9994123997107833,False,0.0,False
corner_recovery,planner,7,397,18.312322765942096,8.49857328122341,1.7655564546585083,0.17105798500884578,15.890990257263184,7.216569900512695,2.739778054102013,21.62461517926803,0.9959196811980623,False,0.0,False
corner_recovery,planner,7,398,18.099952713224784,8.44933206516125,2.133941888809204,0.21800398310680885,15.53246021270752,7.1818132400512695,2.8633235430563175,21.471521091014612,0.977076532645715,False,0.0,False
corner_recovery,planner,7,399,17.84689997842278,8.409595911417664,1.77125084400177,0.25615356430295383,20.725364685058594,9.643080711364746,3.131619999145569,21.28025624320471,-0.9635058221363617,False,0.0,False
corner_recovery,planner,7,400,17.62153701621971,8.362085788911957,2.263350009918213,0.2303164702609225,20.725364685058594,9.643080711364746,3.3577811407534677,21.117755894001768,-0.9806432539833476,False,0.0,False
corner_recovery,planner,7,401,17.478065906874097,8.295408637823213,2.273569345474243,0.1582080961713767,12.588776588439941,8.06056022644043,4.894926334040518,21.035214446270285,0.9304324911090246,False,0.0,False
corner_recovery,planner,7,402,17.388125664827147,8.241697551026812,1.7951278686523438,0.10475747221231747,12.588776588439941,8.06056022644043,4.802766107919168,20.990583379633577,0.8821672678710776,False,0.0,False
corner_recovery,planner,7,403,17.259632227129565,8.19074003531714,1.9889761209487915,0.13822891137039278,12.588776588439941,8.06056022644043,4.672669384850359,20.912998960675893,0.942812110012269,False,0.0,False
corner_recovery,planner,7,404,17.11686862700886,8.140960493017687,1.5259969234466553,0.1511934137155706,12.588776588439941,8.06056022644043,4.5288057711296155,20.823640642847433,0.9530510048326853,False,0.0,False
corner_recovery,planner,7,405,16.9460710262812,8.05059537445748,1.6747068166732788,0.19322959159177833,12.588776588439941,8.06056022644043,4.357305832313978,20.735418831861203,0.8920732138647964,False,0.0,False
corner_recovery,planner,7,406,16.74030822419312,7.94435160193243,2.276498317718506,0.23157303367078794,12.588776588439941,8.06056022644043,4.153157758509725,20.629507452646973,0.8874923332803267,False,0.0,False
corner_recovery,planner,7,407,16.53057625140941,7.893792352019818,1.8259023427963257,0.21573997812059145,12.588776588439941,8.06056022644043,3.9453258556074924,20.489514753153003,0.9652136277631655,False,0.0,False
corner_recovery,planner,7,408,16.350207286818566,7.843561750743702,2.424825429916382,0.18723268061995307,12.443892478942871,7.433599472045898,3.927768380159913,20.3742059779005,0.9873114865529883,False,0.0,False
corner_recovery,planner,7,409,16.230259832741915,7.777284765579926,2.3237457275390625,0.13704025139304798,12.443892478942871,7.433599472045898,3.8019333659214416,20.317876413150074,0.9209701643473908,False,0.0,False
corner_recovery,planner,7,410,16.158959236767945,7.7175013318448125,2.2605464458465576,0.09304748215510197,12.588776588439941,8.06056022644043,3.586627043279455,20.297086912874025,0.7141430691959645,False,0.0,False
corner_recovery,planner,7,411,16.052685285523967,7.660913977485246,1.896789312362671,0.12040050409538343,12.588776588439941,8.06056022644043,3.4868869476996673,20.24701826805855,0.8336688068993661,False,0.0,False
corner_recovery,planner,7,412,15.934269631571691,7.599228603555297,1.9707058668136597,0.13351910896131242,12.588776588439941,8.06056022644043,3.377151250376087,20.19108912165238,0.8280859288893017,False,0.0,False
corner_recovery,planner,7,413,15.760369439250011,7.518560046538179,2.2470345497131348,0.19169948612539714,12.588776588439941,8.06056022644043,3.2175713521728806,20.104118686814367,0.8411623040530971,False,0.0,False
corner_recovery,planner,7,414,15.507891453917804,7.459079176017768,2.015350580215454,0.25938987458124957,12.588776588439941,8.06056022644043,2.980438063753613,19.944156850062328,0.9208168358160911,False,0.0,False
corner_recovery,planner,7,415,15.297784135200258,7.399190469704237,1.9751360416412354,0.21847595410613185,12.588776588439941,8.06056022644043,2.788571649344811,19.81924822655938,0.886588167205161,False,0.0,False
corner_recovery,planner,7,416,15.106543070368724,7.343495501332074,1.2255151271820068,0.19918602958007645,12.443892478942871,7.433599472045898,2.664174712281243,19.707733245142798,0.9566720534959843,False,0.0,False
corner_recovery,planner,7,417,15.010376412829482,7.264688799127596,2.258293390274048,0.12433230607776644,11.856768608093262,8.013473510742188,3.2412838089931197,19.68500829153734,0.629552014574212,False,0.0,False
corner_recovery,planner,7,418,14.928403780358966,7.241016150631893,1.8999717235565186,0.08532236963978031,11.856768608093262,8.013473510742188,3.1672753282100894,19.637945623151932,0.8706574592014216,False,0.0,False
corner_recovery,planner,7,419,14.822917973702541,7.241931518582494,1.538908839225769,0.10548977819884575,11.856768608093262,8.013473510742188,3.0648522158123837,19.557280195151183,0.9718834221035124,False,0.0,False
corner_recovery,planner,7,420,14.684047225936897,7.211089721082039,2.059217929840088,0.14225435338873885,9.548201560974121,7.356630325317383,5.137907430248051,19.472479787016304,0.9712703121287707,False,0.0,False
corner_recovery,planner,7,421,14.443886030991866,7.168730834249958,2.230018138885498,0.24386815054672134,9.548201560974121,7.356630325317383,4.899288994202763,19.3201271238108,0.979483907794075,False,0.0,False
corner_recovery,planner,7,422,14.182895948019686,7.136243638530946,1.662596583366394,0.26300426098356416,9.548201560974121,7.356630325317383,4.639931287532647,19.147604685693423,0.9868741419861875,False,0.0,False
corner_recovery,planner,7,423,13.94816068937044,7.103887164349853,2.2425360679626465,0.23695481230513218,9.548201560974121,7.356630325317383,4.407212206936937,18.996339460178092,0.9830290335202647,False,0.0,False
corner_recovery,planner,7,424,13.761512570179153,7.116167256836687,2.210073232650757,0.18705165347873762,9.552191734313965,7.666614055633545,4.245158840085318,18.85132288124645,0.9981021331017764,False,0.0,False
corner_recovery,planner,7,425,13.629394607667365,7.185057943153408,1.6816649436950684,0.14900027744757813,9.552191734313965,7.666614055633545,4.10554254148562,18.707836253609017,0.9391612978515246,False,0.0,False
corner_recovery,planner,7,426,13.503231804986017,7.228495279389339,1.4881725311279297,0.13343108693136704,9.552191734313965,7.666614055633545,3.9752566838072148,18.586247658087586,0.9771851267129061,False,0.0,False
corner_recovery,planner,7,427,13.367953064149612,7.232644802757044,1.5739057064056396,0.13534236685702813,9.548201560974121,7.356630325317383,3.8217631998615484,18.485332776498065,0.9999985166621984,False,0.0,False
corner_recovery,planner,7,428,13.209417474578885,7.132634896392922,1.7975364923477173,0.18744469726161464,9.548201560974121,7.356630325317383,3.6680616022923904,18.440656027572206,0.8280182034291673,False,0.0,False
corner_recovery,planner,7,429,13.010396326436625,7.099243827293745,2.008206367492676,0.20180282679746883,9.548201560974121,7.356630325317383,3.4717488969337684,18.322115663824803,0.9742710024905356,False,0.0,False
corner_recovery,planner,7,430,12.812451441140807,7.071096782457963,1.5845227241516113,0.19993607415312095,9.548201560974121,7.356630325317383,3.276714312274733,18.202072693519273,0.9768792325577244,False,0.0,False
corner_recovery,planner,7,431,12.640400646258788,7.058551194141674,1.260352373123169,0.17250758767583588,9.552191734313965,7.666614055633545,3.1475029352394754,18.0903517293775,0.9680513975914434,False,0.0,False
corner_recovery,planner,7,432,12.481805963735443,7.053933216979327,1.1884241104125977,0.15866190165806235,9.552191734313965,7.666614055633545,2.9929947115360624,17.983217878532553,0.9751229711157448,False,0.0,False
corner_recovery,planner,7,433,12.374240553919778,7.024194290083645,1.3601608276367188,0.1116007220483752,9.552191734313965,7.666614055633545,2.8942464814538087,17.930236002567582,0.8888819676578182,False,0.0,False
corner_recovery,planner,7,434,12.313362856608277,6.985826104030113,1.2768627405166626,0.07195979246071466,7.114391803741455,8.568133354187012,5.434426947015319,17.916127568005436,0.6615750268443698,False,0.0,False
corner_recovery,planner,7,435,12.277335493881452,6.958666738802485,1.071248173713684,0.04511764604473421,7.114391803741455,8.568133354187012,5.40799134000728,17.911151276758787,0.5886520988202415,False,0.0,False
corner_recovery,planner,7,436,12.280021864622759,6.921802688366963,1.550063967704773,0.03696180193486862,7.114391803741455,8.568133354187012,5.421636154068259,17.93984899372396,-0.36620825049213196,False,0.0,False
corner_recovery,planner,7,437,12.299913546139905,6.893958764469603,1.518442153930664,0.034219337976962125,7.114391803741455,8.568133354187012,5.449082151862138,17.97376393830572,-0.8009353672400679,False,0.0,False
corner_recovery,planner,7,438,12.299869784287718,6.858019283823169,2.462069511413574,0.035939507289820906,10.48306941986084,8.986400604248047,2.7983514091899155,17.999957051470922,-0.7542836090936378,False,0.0,False
corner_recovery,planner,7,439,12.303297728133455,6.756292264205119,1.9858484268188477,0.1017847597599002,10.48306941986084,8.986400604248047,2.8786479990728298,18.076695759409322,-0.7820178657936262,False,0.0,False
corner_recovery,planner,7,440,12.317027206485383,6.686070135229445,1.7955536842346191,0.07155170140319693,10.48306941986084,8.986400604248047,2.9419247831676683,18.137527054406572,-0.8816421540133812,False,0.0,False
corner_recovery,planner,7,441,12.348357670874169,6.636141393434056,1.6898996829986572,0.05894469659000378,10.48306941986084,8.986400604248047,3.0005030607190464,18.19545696112421,-0.9936595173181183,False,0.0,False
corner_recovery,planner,7,442,12.443458153296406,6.6185533918937605,2.0795552730560303,0.09671318190982957,10.48306941986084,8.986400604248047,3.0740566694898566,18.273006434039168,-0.7537390438508005,False,0.0,False
corner_recovery,planner,7,443,12.651927940759446,6.68319398645517,1.771660566329956,0.2182614458628401,10.48306941986084,8.986400604248047,3.16365421750219,18.368685391735397,-0.38098742472217567,False,0.0,False
corner_recovery,planner,7,444,12.825554584519955,6.729994546049533,1.92653489112854,0.17982353517235738,10.48306941986084,8.986400604248047,3.252476755662213,18.45502357485289,-0.4724565130978765,False,0.0,False
corner_recovery,planner,7,445,12.9164282181272,6.78591395267826,2.3968141078948975,0.10670050291677491,10.48306941986084,8.986400604248047,3.2807585319308576,18.47826258012521,-0.24980700922633972,False,0.0,False
corner_recovery,planner,7,446,12.986655415137612,6.8067060013228815,1.8392618894577026,0.07324048393327016,10.48306941986084,8.986400604248047,3.319489629109734,18.512596398318976,-0.5207802593180151,False,0.0,False
corner_recovery,planner,7,447,13.054577100448329,6.825370845655841,1.7376278638839722,0.07043956096840495,10.48306941986084,8.986400604248047,3.35897326110845,18.547043878366303,-0.5532556793959773,False,0.0,False
corner_recovery,planner,7,448,13.154269507907346,6.863327132801701,1.5565810203552246,0.10667359485305461,10.48306941986084,8.986400604248047,3.4121475459802286,18.59050780119911,-0.4865432154857592,False,0.0,False
corner_recovery,planner,7,449,13.253612600881704,6.9381210533554505,1.924690842628479,0.1243510380877962,9.548201560974121,7.356630325317383,3.7289704993988755,18.608356418315037,-0.7099992833395503,False,0.0,False
corner_recovery,planner,7,450,13.395148223561087,7.062491251373043,1.7518503665924072,0.18841517625227486,9.548201560974121,7.356630325317383,3.8581752707218766,18.622812047378098,-0.6723614941078846,False,0.0,False
corner_recovery,planner,7,451,13.615578799150834,7.2642603548722064,1.7648203372955322,0.29883174158995107,9.548201560974121,7.356630325317383,4.068425962098617,18.643579332959792,-0.6840190371184831,False,0.0,False
corner_recovery,planner,7,452,13.818962243466366,7.438735327606557,1.9941917657852173,0.26796705307239127,9.548201560974121,7.356630325317383,4.271549840341621,18.674824969896466,-0.744008330431074,False,0.0,False
corner_recovery,planner,7,453,14.02625195141258,7.569163380090272,2.1264219284057617,0.2449091666212616,9.552191734313965,7.666614055633545,4.475121390575717,18.74197009055862,-0.816787493871516,False,0.0,False
corner_recovery,planner,7,454,14.236808337711844,7.592522383456151,1.9564505815505981,0.21184814101061275,9.552191734313965,7.666614055633545,4.685202481933638,18.884708429037982,-0.9912656713246276,False,0.0,False
corner_recovery,planner,7,455,14.429916878609257,7.615749034140092,1.468242883682251,0.194500349278662,9.552191734313965,7.666614055633545,4.877990347848391,19.015577117431235,-0.9908315742268199,False,0.0,False
corner_recovery,planner,7,456,14.633551330602991,7.656689694346567,1.8189383745193481,0.2077092383523912,9.548201560974121,7.356630325317383,5.094194529501852,19.14414097960634,-0.9894516402529984,False,0.0,False
corner_recovery,planner,7,457,14.841937438765585,7.71607494993427,1.7012829780578613,0.2166826681033102,9.548201560974121,7.356630325317383,5.305924988348642,19.26597834452909,-0.9761843182717574,False,0.0,False
corner_recovery,planner,7,458,15.049965318325258,7.84711808919874,1.9801838397979736,0.245861552550172,9.548201560974121,7.356630325317383,5.523584224778313,19.344094572263483,-0.8802814828959644,False,0.0,False
corner_recovery,planner,7,459,15.266862579084625,7.990213582245395,2.129352331161499,0.259847535788166,11.438925743103027,7.832202434539795,3.831196672459409,19.424522202842915,-0.8369772329716849,False,0.0,False
corner_recovery,planner,7,460,15.48229641786907,8.122490827595167,1.645950436592102,0.25280231116571333,11.438925743103027,7.832202434539795,4.0537777152553245,19.51350113412051,-0.8730382284824235,False,0.0,False
corner_recovery,planner,7,461,15.685145995291919,8.22092644708347,1.8495638370513916,0.22547177704687088,12.588776588439941,8.06056022644043,3.1005194449337354,19.615564704046626,-0.9088032617398346,False,0.0,False
corner_recovery,planner,7,462,15.880874823395784,8.259001821557442,1.8764201402664185,0.1993978643121479,12.588776588439941,8.06056022644043,3.2980736582544603,19.74976514752916,-0.9901620305298179,False,0.0,False
corner_recovery,planner,7,463,16.053875515275355,8.13933310512355,1.9420348405838013,0.21035646194910557,12.588776588439941,8.06056022644043,3.4659941920280186,19.96001849325736,-0.7866975385534982,False,0.0,False
corner_recovery,planner,7,464,16.23264518515708,8.039088558896857,1.6686878204345703,0.20495746855827462,12.588776588439941,8.06056022644043,3.6439318575747848,20.16338692306219,-0.8608869031993998,False,0.0,False
corner_recovery,planner,7,465,16.418014412305066,7.9748359845895065,1.8307039737701416,0.19618905086309915,12.588776588439941,8.06056022644043,3.830197247839885,20.350817350666293,-0.9467634047889654,False,0.0,False
corner_recovery,planner,7,466,16.57574437724254,8.004013232505125,1.6408499479293823,0.16040590274396435,12.588776588439941,8.06056022644043,3.9873687704390472,20.461158329517904,-0.9790003486458217,False,0.0,False
corner_recovery,planner,7,467,16.774682300281828,8.076764011085142,1.907363772392273,0.21182297563575248,12.588776588439941,8.06056022644043,4.185937074427582,20.580415999749444,-0.9342055517526541,False,0.0,False
corner_recovery,planner,7,468,17.015490189724613,8.162339194726579,1.8729013204574585,0.25556124837923677,12.443892478942871,7.433599472045898,4.629316063160688,20.728172127260066,-0.981237873926012,False,0.0,False
corner_recovery,planner,7,469,17.24197124363173,8.229892677894819,1.736661672592163,0.23634115356205057,12.588776588439941,8.06056022644043,4.6562746888710285,20.87632627499622,-0.9645971110067789,False,0.0,False
corner_recovery,planner,7,470,17.46844175812927,8.271333308049515,1.9296313524246216,0.23023079673318733,12.588776588439941,8.06056022644043,4.884215132466031,21.040629264069626,-0.9895624867544773,False,0.0,False
corner_recovery,planner,7,471,17.657863588654752,8.225181806090951,2.0105135440826416,0.19496305037790085,12.588776588439941,8.06056022644043,5.071759387060217,21.223724697025986,-0.9604576494761514,False,0.0,False
corner_recovery,planner,7,472,17.790769953003903,8.074423814310334,1.4099761247634888,0.2009777942217341,12.588776588439941,8.06056022644043,5.202011838129177,21.418003242165106,-0.636602465613572,False,0.0,False
corner_recovery,planner,7,473,17.948920887688878,7.955843374495421,1.865141749382019,0.19766901337445292,12.588776588439941,8.06056022644043,5.361167086358356,21.61539890569221,-0.7984779623691564,False,0.0,False
corner_recovery,planner,7,474,18.124615185224577,7.934832816521537,1.8820562362670898,0.17694612098866921,12.588776588439941,8.06056022644043,5.537266144159535,21.773147103203957,-0.995055253475945,False,0.0,False
corner_recovery,planner,7,475,18.32244959442845,8.024814263579902,1.5002623796463013,0.21733640808608692,15.53246021270752,7.1818132400512695,2.914565400842097,21.888746710630343,-0.9896287977293564,False,0.0,False
corner_recovery,planner,7,476,18.593800456358867,8.101519607393715,1.9109283685684204,0.28198404217256057,15.53246021270752,7.1818132400512695,3.1965080775010613,22.074946230152573,-0.9998391138347137,False,0.0,False
corner_recovery,planner,7,477,18.861508106126482,8.162183185610056,1.8395861387252808,0.2744949097271392,15.53246021270752,7.1818132400512695,3.4704012890200713,22.268596609767044,-0.997619950661822,False,0.0,False
corner_recovery,planner,7,478,19.076509037427268,8.179336761192557,2.0985238552093506,0.21568413389832305,15.53246021270752,7.1818132400512695,3.6817570869392706,22.441953490289965,-0.9786973609712276,False,0.0,False
corner_recovery,planner,7,479,19.221579734583173,8.169696870614292,1.7161918878555298,0.14539062783983445,16.130706787109375,8.917095184326172,3.1799528010278273,22.57044969924374,-0.9840143210413106,False,0.0,False
corner_recovery,planner,7,480,19.37586094329711,8.171308161647056,1.4805467128753662,0.1542896225318649,16.130706787109375,8.917095184326172,3.3297483058962736,22.70114397779777,-0.9694795145669026,False,0.0,False
corner_recovery,planner,7,481,19.54855622715268,8.188071018219443,1.7167224884033203,0.17350692904441214,16.130706787109375,8.917095184326172,3.4947347581142614,22.840046340512913,-0.9483965198775497,False,0.0,False
corner_recovery,planner,7,482,19.692493455835265,8.304576939976297,2.0999362468719482,0.18517979264821793,16.130706787109375,8.917095184326172,3.6140701256581793,22.903650780193296,-0.628938369871341,False,0.0,False
corner_recovery,planner,7,483,19.84055611501357,8.487873494563026,2.2914581298828125,0.2356272012445006,14.555006980895996,8.300332069396973,5.2888752523882,22.938542317030237,-0.6290193041363298,False,0.0,False
corner_recovery,planner,7,484,20.04913974000694,8.68686864839022,1.4825724363327026,0.2882814594490662,14.555006980895996,8.300332069396973,5.507713255211806,23.020750319941826,-0.747563644283836,False,0.0,False
corner_recovery,planner,7,485,20.242762695242178,8.863822730944957,2.0779449939727783,0.26230248974574283,16.130706787109375,8.917095184326172,4.112400970953482,23.103763453249485,-0.697327045473256,False,0.0,False
corner_recovery,planner,7,486,20.42675151361577,9.025914399903371,1.9704325199127197,0.24520520881954133,17.627185821533203,7.313706874847412,3.2816493830304285,23.18798680690612,-0.9825264673644827,False,0.0,False
corner_recovery,planner,7,487,20.485140482659116,9.13721613121091,2.121000289916992,0.1256874977792152,17.627185821533203,7.313706874847412,3.3901461403742883,23.187088087431416,-0.8583461247722272,False,0.0,False
corner_recovery,planner,7,488,20.468857061525252,9.270816506518857,1.8747515678405762,0.13458904147904185,17.627185821533203,7.313706874847412,3.4504164308933913,23.11037619429724,-0.4319403547482366,False,0.0,False
corner_recovery,planner,7,489,20.48739465549091,9.44873120928604,1.8283545970916748,0.1788778461709848,17.627185821533203,7.313706874847412,3.5691908722418875,23.044795786982622,-0.6495047615674177,False,0.0,False
corner_recovery,planner,7,490,20.509133598249647,9.647782847594836,2.130854606628418,0.20023520256359456,17.627185821533203,7.313706874847412,3.7085756880880414,22.973745034743555,-0.6816471772251146,False,0.0,False
corner_recovery,planner,7,491,20.525773645417733,9.885609282953341,1.7484151124954224,0.2384078533209198,17.627185821533203,7.313706874847412,3.875112046069472,22.882488573579682,-0.6820768888583173,False,0.0,False
corner_recovery,planner,7,492,20.53679824195162,10.122882643724552,2.2087478637695312,0.23752934441958934,18.10642433166504,9.207406044006348,2.5970781175069195,22.788539428850303,-0.3143197687479094,False,0.0,False
corner_recovery,planner,7,493,20.529614837831893,10.349155412064107,2.2007853984832764,0.22638676415990705,18.10642433166504,9.207406044006348,2.678701896187306,22.684882337147332,-0.3226311191238343,False,0.0,False
corner_recovery,planner,7,494,20.484249754417526,10.495766210255676,2.2322614192962646,0.15346894454436505,15.53246021270752,7.1818132400512695,5.958397767362901,22.581739258335976,-0.26175672761246993,False,0.0,False
corner_recovery,planner,7,495,20.389747637638187,10.557483390332346,2.0048696994781494,0.11287010406831308,15.53246021270752,7.1818132400512695,5.91509848539213,22.470045141263547,0.39169810888523815,False,0.0,False
corner_recovery,planner,7,496,20.270394379901095,10.654864794160263,1.6901116371154785,0.1540400530509929,15.53246021270752,7.1818132400512695,5.874530387201957,22.320852141711597,0.2754785170594092,False,0.0,False
corner_recovery,planner,7,497,20.15077604631441,10.77604099969354,2.0478098392486572,0.17027101490711483,19.803606033325195,7.416557788848877,3.377373900216868,22.161570226589383,-0.6041574242568346,False,0.0,False
corner_recovery,planner,7,498,20.076190205481744,10.94574321569346,2.0471689701080322,0.18536960313923873,19.803606033325195,7.416557788848877,3.539696584166848,22.023464284322802,-0.869270741081484,False,0.0,False
corner_recovery,planner,7,499,20.073349133930737,11.197523645806417,1.4888741970062256,0.251796458822247,17.627185821533203,7.313706874847412,4.589961618717754,21.918552311200095,-0.8227651453704808,False,0.0,False
corner_recovery,planner,7,500,20.0435975209898,11.413259480873693,2.2935783863067627,0.2177776595630562,18.10642433166504,9.207406044006348,2.935716156302946,21.805456067833894,-0.6085373513371003,False,0.0,True
