scenario_name,mode,seed,step,x,y,action_norm,speed,subgoal_x,subgoal_y,dist_to_subgoal,dist_to_goal,alignment_cos,reached_goal,reward,done
corner_recovery,planner,1,0,20.0,0.0,0.0,0.0,19.84075355529785,-0.028101855888962746,0.16170697095264153,28.284271247461902,1.0,False,0.0,False
corner_recovery,planner,1,1,20.008266342419496,0.013650769660526469,1.7402377128601074,0.01595856915018111,17.0257511138916,-0.08286748826503754,2.9840765510478757,28.28046812883917,-0.5416100405937793,False,0.0,False
corner_recovery,planner,1,2,20.020227429646592,0.03961017390925556,1.5945557355880737,0.028582481988153784,17.0257511138916,-0.08286748826503754,2.996980010502116,28.270597240671812,-0.4476333138043496,False,0.0,False
corner_recovery,planner,1,3,20.02463616552288,0.05148323966379257,1.6886451244354248,0.012665174394316133,17.0257511138916,-0.08286748826503754,3.001893014581391,28.26533874728873,-0.38611941182871834,False,0.0,False
corner_recovery,planner,1,4,19.992175934563388,0.04402315908871428,1.1180646419525146,0.033306446765308556,17.0257511138916,-0.08286748826503754,2.9691374931254857,28.24762132062668,0.9836409068178006,False,0.0,False
corner_recovery,planner,1,5,19.958261465234852,0.04746758202617088,1.4213283061981201,0.03408893191650779,17.0257511138916,-0.08286748826503754,2.935405285694486,28.221193288111948,0.9896549903654468,False,0.0,False
corner_recovery,planner,1,6,19.916775445004543,0.07532568530598992,1.8907113075256348,0.04997162988034974,17.0257511138916,-0.08286748826503754,2.8953491608528847,28.172159851054428,0.8046200875760061,False,0.0,False
corner_recovery,planner,1,7,19.84086115633014,0.0963467091483251,1.8338961601257324,0.0787709506627972,17.0257511138916,-0.08286748826503754,2.8208087988363935,28.103650754789864,0.9477144569632429,False,0.0,False
corner_recovery,planner,1,8,19.705422601803914,0.09565564224530598,2.405954122543335,0.13544031757795602,17.0257511138916,-0.08286748826503754,2.68561162330993,28.008688013324825,0.9982909214969172,False,0.0,False
corner_recovery,planner,1,9,19.597002457393454,0.0871720625249612,2.114598512649536,0.10875154637455185,17.0257511138916,-0.08286748826503754,2.5768676567284063,27.938561555358778,0.9999331240177325,False,0.0,False
corner_recovery,planner,1,10,19.52191065928418,0.08473496070952548,1.9224082231521606,0.07513133572979167,17.0257511138916,-0.08286748826503754,2.5017799777272103,27.88768146286562,0.9994358646851248,False,0.0,False
corner_recovery,planner,1,11,19.496984385784568,0.06832330334806154,1.4761356115341187,0.029843954294422863,17.0257511138916,-0.08286748826503754,2.47585390109744,27.881967937708147,0.8701844706426914,False,0.0,False
corner_recovery,planner,1,12,19.486455232597542,0.038388597819275415,1.0884207487106323,0.03173247015173879,17.0257511138916,-0.08286748826503754,2.4636898746045266,27.896018843263274,0.38879731498327325,False,0.0,False
corner_recovery,planner,1,13,19.475472587233945,0.007581083579482945,0.9675383567810059,0.03270659616679127,17.0257511138916,-0.08286748826503754,2.451390674923786,27.91040749659076,0.38174553803402794,False,0.0,False
corner_recovery,planner,1,14,19.43255503268365,-0.08201426655325943,1.495802402496338,0.09934406501641842,17.0257511138916,-0.08286748826503754,2.406804070027314,27.944793649270828,0.4649912050012153,False,0.0,False
corner_recovery,planner,1,15,19.361333794347505,-0.20254254361671223,1.0960758924484253,0.13999832271144594,17.0257511138916,-0.08286748826503754,2.3386467403434428,27.982208124499145,0.5090343958345303,False,0.0,False
corner_recovery,planner,1,16,19.282878501201623,-0.3162681430213301,1.4933217763900757,0.13816202438639208,17.0257511138916,-0.08286748826503754,2.269162820994921,28.010357986845634,0.5249839630720995,False,0.0,False
corner_recovery,planner,1,17,19.22990696883728,-0.36598474412534054,0.9751386642456055,0.07264794330441744,17.0257511138916,-0.08286748826503754,2.2222642537414816,28.01004563773652,0.6548959742767475,False,0.0,False
corner_recovery,planner,1,18,19.234622185166,-0.3307120026180704,2.174373149871826,0.03558650809598101,17.0257511138916,-0.08286748826503754,2.2227321729816656,27.987649796642064,-0.005143353509178316,False,0.0,False
corner_recovery,planner,1,19,19.252069234585967,-0.25992931691060606,1.9614074230194092,0.07290122172792758,17.0257511138916,-0.08286748826503754,2.233347994759304,27.948289853576114,-0.12956798632455707,False,0.0,False
corner_recovery,planner,1,20,19.249571486050503,-0.1520674376727608,1.3879050016403198,0.10789079543902683,17.0257511138916,-0.08286748826503754,2.2248967797691166,27.868473664861504,0.10233748603715581,False,0.0,False
corner_recovery,planner,1,21,19.22739031874771,-0.058562861140354416,1.71383535861969,0.09609947978745338,17.0257511138916,-0.08286748826503754,2.2017733541986337,27.78558047843867,0.2609656812453087,False,0.0,False
corner_recovery,planner,1,22,19.184896493621753,0.0016919762683666492,2.190033197402954,0.07373174760567319,17.0257511138916,-0.08286748826503754,2.160800563183062,27.71267899866466,0.5672740003023942,False,0.0,False
corner_recovery,planner,1,23,19.126224339439766,0.03305587215701872,1.7614243030548096,0.06652905862605558,17.0257511138916,-0.08286748826503754,2.1036696500962906,27.649436075388255,0.8627784077481091,False,0.0,False
corner_recovery,planner,1,24,18.93707290373958,-0.008367987008441978,2.0378592014312744,0.19363419567731707,17.0257511138916,-0.08286748826503754,1.9127731595866668,27.549002153709527,0.9871536532971076,False,0.0,False
corner_recovery,planner,1,25,18.696626464726354,-0.048483916955099585,1.3900047540664673,0.24376992814870793,17.0257511138916,-0.08286748826503754,1.671229089024955,27.413601524241816,0.9920273912087113,False,0.0,False
corner_recovery,planner,1,26,18.495172213380556,-0.08083234598124903,2.086397647857666,0.20403488977563516,17.0257511138916,-0.08286748826503754,1.4694225088201973,27.300388695218444,0.9904048366780159,False,0.0,False
corner_recovery,planner,1,27,18.31194812231348,-0.10662780268656792,2.351022243499756,0.18503100587196653,17.0257511138916,-0.08286748826503754,1.286416455513067,27.195660051377107,0.9904266641216771,False,0.0,False
corner_recovery,planner,1,28,18.162164949601802,-0.07207649526428474,2.1209216117858887,0.15371659530501502,15.272933959960938,2.399031400680542,3.8018455971938154,27.06940136922657,0.894809926749798,False,0.0,False
corner_recovery,planner,1,29,17.988084438040982,-0.024667664486202844,1.549900770187378,0.18042067991508548,15.272933959960938,2.399031400680542,3.639554818533229,26.917624278959156,0.9040422894618833,False,0.0,False
corner_recovery,planner,1,30,17.799179949053972,-0.012216000384316538,1.9915857315063477,0.1893144207353195,15.272933959960938,2.399031400680542,3.4922818939127294,26.78244940450449,0.788196326621594,False,0.0,False
corner_recovery,planner,1,31,17.623543645996342,-0.10693605028464666,2.1362552642822266,0.1995494896131597,15.272933959960938,2.399031400680542,3.435875254048149,26.73720568744188,0.3089571857976557,False,0.0,False
corner_recovery,planner,1,32,17.434625182743954,-0.20933332966238236,1.60673189163208,0.2148845936348303,15.272933959960938,2.399031400680542,3.3876947190020013,26.690509715855416,0.2539145208727785,False,0.0,False
corner_recovery,planner,1,33,17.187431864594075,-0.2823981402603246,1.961571216583252,0.2577654031976761,15.272933959960938,2.399031400680542,3.294748337866645,26.58539991085519,0.3936829429229259,False,0.0,False
corner_recovery,planner,1,34,16.951971665938007,-0.3369948051252165,1.600394606590271,0.24170705609378482,15.272933959960938,2.399031400680542,3.2101412767896362,26.47570019973891,0.3822259381654345,False,0.0,False
corner_recovery,planner,1,35,16.729263722088824,-0.38019169178482903,1.9300960302352905,0.22685854462773597,15.272933959960938,2.399031400680542,3.137670692369141,26.367033926422074,0.3511815053713613,False,0.0,False
corner_recovery,planner,1,36,16.528395897436308,-0.3739676494390332,2.1792378425598145,0.2009642298613265,15.272933959960938,2.399031400680542,3.0439626161327076,26.235213525389455,0.49135372162031077,False,0.0,False
corner_recovery,planner,1,37,16.35444889347766,-0.29227627213942875,1.3846429586410522,0.19217450744387624,15.272933959960938,2.399031400680542,2.9004847079754317,26.062319062474188,0.7605730560852847,False,0.0,False
corner_recovery,planner,1,38,16.17868719522327,-0.23278288503168207,1.8337022066116333,0.18555763978564646,15.272933959960938,2.399031400680542,2.783313736837284,25.9058955188527,0.6506861629839693,False,0.0,False
corner_recovery,planner,1,39,15.989221027115324,-0.17590190083722615,2.133985757827759,0.197820310434591,15.272933959960938,2.399031400680542,2.6727043738202374,25.743391512505767,0.5835672413965245,False,0.0,False
corner_recovery,planner,1,40,15.784593154306659,-0.11774685707113533,1.9932060241699219,0.21273122818626097,15.272933959960938,2.399031400680542,2.568261655254402,25.571021091309206,0.5211651418891545,False,0.0,False
corner_recovery,planner,1,41,15.580624878983167,-0.15121661579368512,1.3693867921829224,0.2066961104795768,15.272933959960938,2.399031400680542,2.568742619878347,25.47209066245307,0.037913335120697,False,0.0,False
corner_recovery,planner,1,42,15.421952300618367,-0.16151794736302638,1.9840954542160034,0.1590066179661567,15.272933959960938,2.399031400680542,2.5648819523749307,25.383526522222827,0.05521195366855325,False,0.0,False
corner_recovery,planner,1,43,15.383702235249519,-0.07615330477609605,1.7799192667007446,0.09354244867820966,15.272933959960938,2.399031400680542,2.477661990049666,25.292493470982517,0.9347922261688969,False,0.0,False
corner_recovery,planner,1,44,15.36900765563868,0.03258805387350969,1.3860902786254883,0.10972973047857856,15.272933959960938,2.399031400680542,2.3683927606392583,25.19730017572111,0.9959887865513672,False,0.0,False
corner_recovery,planner,1,45,15.333892149021123,0.14887414467407706,1.9987066984176636,0.12147244016107286,15.272933959960938,2.399031400680542,2.2509828025935787,25.083768579736997,0.9682429551074635,False,0.0,False
corner_recovery,planner,1,46,15.252232729421678,0.2858551052620646,2.5513129234313965,0.15947427495657734,15.272933959960938,2.399031400680542,2.113277690334235,24.925451092470997,0.8725050930752244,False,0.0,False
corner_recovery,planner,1,47,15.164989751373566,0.41771560235453914,2.3654582500457764,0.15810922778945505,15.272933959960938,2.399031400680542,1.98425407769866,24.767776977143793,0.8285383346938023,False,0.0,False
corner_recovery,planner,1,48,15.054654343301358,0.475725345203728,2.051527261734009,0.12465565586803393,15.272933959960938,2.399031400680542,1.93565290640725,24.654409710885446,0.4165198268137328,False,0.0,False
corner_recovery,planner,1,49,15.075005354250676,0.44727228508246053,1.3413196802139282,0.03498199932713551,12.900012016296387,4.691531658172607,4.769101974817597,24.689369119610795,-0.9890075484317322,False,0.0,False
corner_recovery,planner,1,50,15.100670461216243,0.4432871680682584,0.912192702293396,0.025972656259437253,12.900012016296387,4.691531658172607,4.784399527516388,24.70820238643217,-0.5872084535184718,False,0.0,False
corner_recovery,planner,1,51,15.140478333207703,0.4772606872398521,1.7431185245513916,0.05233418268580408,12.900012016296387,4.691531658172607,4.7728156400243105,24.705696396424905,0.22654587184776018,False,0.0,False
corner_recovery,planner,1,52,15.188258446454322,0.6142206469291709,2.1611361503601074,0.14505505775380442,12.900012016296387,4.691531658172607,4.675525297497331,24.62705089453949,0.6790731685795821,False,0.0,False
corner_recovery,planner,1,53,15.256121126682594,0.8037873553357628,1.5931780338287354,0.20134766028904963,12.900012016296387,4.691531658172607,4.545965893436204,24.520273484020894,0.656078078712661,False,0.0,False
corner_recovery,planner,1,54,15.322311955270127,0.9298286168009976,1.8933539390563965,0.1423644105134844,12.900012016296387,4.691531658172607,4.474142014489103,24.463128995269514,0.516180110413837,False,0.0,False
corner_recovery,planner,1,55,15.343860400806685,0.9741284638174538,2.0255510807037354,0.04926268314579939,12.900012016296387,4.691531658172607,4.448761786820631,24.442132470608303,0.5192458808867627,False,0.0,False
corner_recovery,planner,1,56,15.328664150493742,0.990987526524856,1.5633152723312378,0.02269700462496645,12.900012016296387,4.691531658172607,4.426327830065683,24.419469688250107,0.9884692445070262,False,0.0,False
corner_recovery,planner,1,57,15.254839387787285,0.9914607557997098,1.5201908349990845,0.07382627943091243,12.900012016296387,4.691531658172607,4.385856430859237,24.372826855855042,0.5540310077132484,False,0.0,False
corner_recovery,planner,1,58,15.141266657045025,1.0192844870578297,1.7079719305038452,0.11693128404912938,12.900012016296387,4.691531658172607,4.302164763283456,24.280146567988155,0.7222353785175634,False,0.0,False
corner_recovery,planner,1,59,15.063223340737292,1.1153460120918932,2.2179861068725586,0.12376823426137609,12.900012016296387,4.691531658172607,4.179543875762414,24.156383290052887,0.9909953315545351,False,0.0,False
corner_recovery,planner,1,60,15.022765814692068,1.2805015972602558,1.5087006092071533,0.1700387565409845,12.900012016296387,4.691531658172607,4.017612445850274,24.002148094978008,0.9542142334903887,False,0.0,False
corner_recovery,planner,1,61,14.99312223809524,1.4450943344717238,1.2662782669067383,0.16724087651114308,12.900012016296387,4.691531658172607,3.8627018649278377,23.85536079591167,0.9292281607102261,False,0.0,False
corner_recovery,planner,1,62,14.950256027859602,1.58526535634629,2.2501909732818604,0.14657908225025135,12.900012016296387,4.691531658172607,3.7218800148329034,23.719456302679717,0.9621838861678331,False,0.0,False
corner_recovery,planner,1,63,14.957762463700245,1.730865636231471,2.4729554653167725,0.1457936489757792,12.900012016296387,4.691531658172607,3.6055346617759114,23.611351683499787,0.805126994802672,False,0.0,False
corner_recovery,planner,1,64,15.086209650445895,1.8036600696618283,1.8222510814666748,0.1476404731817076,12.900012016296387,4.691531658172607,3.622052236963001,23.636846415662692,-0.09165913306604484,False,0.0,False
corner_recovery,planner,1,65,15.170210456902815,1.8064746421279312,1.791013479232788,0.08404794645665026,12.900012016296387,4.691531658172607,3.6711517192238827,23.688386400391597,-0.5765414591060907,False,0.0,False
corner_recovery,planner,1,66,15.245991502622145,1.8409857112002217,1.523694396018982,0.08326932675858231,12.900012016296387,4.691531658172607,3.6917789676607082,23.710547375353045,-0.23707214120142445,False,0.0,False
corner_recovery,planner,1,67,15.278347414467449,1.8580264545077865,1.7064543962478638,0.03656900277305086,12.900012016296387,4.691531658172607,3.6993554851337445,23.71832843693888,-0.20244397921590307,False,0.0,False
corner_recovery,planner,1,68,15.302514447518865,1.9249820588746678,1.713691234588623,0.0711835545799911,12.900012016296387,4.691531658172607,3.6641253550343373,23.682762127516423,0.5021839498783544,False,0.0,False
corner_recovery,planner,1,69,15.28909496137871,2.082234441282113,1.6204586029052734,0.15782393475351975,12.900012016296387,4.691531658172607,3.5378170224809122,23.55425115250393,0.8080539963991077,False,0.0,False
corner_recovery,planner,1,70,15.257877635600975,2.2286460154623686,1.6541438102722168,0.14970260679979386,12.900012016296387,4.691531658172607,3.409594692594244,23.422720857891683,0.8621496966775758,False,0.0,False
corner_recovery,planner,1,71,15.202147000166041,2.3315010596395758,2.19594144821167,0.11698317758838966,12.900012016296387,4.691531658172607,3.2969030786434588,23.308391798238137,0.9645502795175879,False,0.0,False
corner_recovery,planner,1,72,15.113105196738465,2.338208875787515,2.0300395488739014,0.08929410705701572,12.900012016296387,4.691531658172607,3.23046584000078,23.245318117913424,0.7500726567423194,False,0.0,False
corner_recovery,planner,1,73,14.990614292900075,2.3126344870489923,1.2981549501419067,0.12513221360822618,12.900012016296387,4.691531658172607,3.1669811539888366,23.185370725248898,0.5217232899055732,False,0.0,False
corner_recovery,planner,1,74,15.027486044861782,2.2903047087400963,1.5118099451065063,0.043106207117421864,12.900012016296387,4.691531658172607,3.208120416209659,23.22624903288925,-0.9537628901279102,False,0.0,False
corner_recovery,planner,1,75,15.09314660437429,2.288503428222387,1.333111047744751,0.06568526232724631,12.900012016296387,4.691531658172607,3.2533650264551204,23.27015653650025,-0.6834290046557245,False,0.0,False
corner_recovery,planner,1,76,15.175820186698893,2.28577136691626,1.3251575231552124,0.08271871235315059,12.900012016296387,4.691531658172607,3.311643913142931,23.32593866073092,-0.6981405560731583,False,0.0,False
corner_recovery,planner,1,77,15.186250857168849,2.221713807910426,1.5194414854049683,0.06490123074517723,12.900012016296387,4.691531658172607,3.36554427262331,23.38139591694013,-0.8274579198766592,False,0.0,False
corner_recovery,planner,1,78,15.137171386362294,2.158320646174645,1.1039901971817017,0.0801716122421795,12.900012016296387,4.691531658172607,3.3796508811386756,23.397852032714955,-0.16441326597829709,False,0.0,False
corner_recovery,planner,1,79,15.075490962993998,2.128558145015823,1.1235538721084595,0.0684856269747246,12.900012016296387,4.691531658172607,3.361776595294187,23.380736980501577,0.2704351288037936,False,0.0,False
corner_recovery,planner,1,80,14.98174457156615,2.1390370560721776,1.4363240003585815,0.09433023631196018,12.900012016296387,4.691531658172607,3.2937575996757578,23.312371558724237,0.7278081618990961,False,0.0,False
corner_recovery,planner,1,81,14.871462126669822,2.1614454971963206,1.8483856916427612,0.11253602039314214,12.900012016296387,4.691531658172607,3.207483674105787,23.224435677416842,0.7736768214605259,False,0.0,False
corner_recovery,planner,1,82,14.81001291748391,2.165278104304012,1.9249070882797241,0.06156861365026811,12.900012016296387,4.691531658172607,3.1670270698197163,23.182186862176273,0.6625514601557475,False,0.0,False
corner_recovery,planner,1,83,14.799586769721822,2.150121552346995,1.4631394147872925,0.018396348126262282,12.900012016296387,4.691531658172607,3.1728771753479292,23.187193214154068,-0.3153929832719876,False,0.0,False
corner_recovery,planner,1,84,14.792805765256302,2.093592152839522,1.9924800395965576,0.05693465579273228,12.900012016296387,4.691531658172607,3.214336299996011,23.226419104060152,-0.7239732811394446,False,0.0,False
corner_recovery,planner,1,85,14.757482491819989,2.0213915014554025,2.0332090854644775,0.08037827882299885,12.900012016296387,4.691531658172607,3.2526673706291667,23.259700192399592,-0.46722378123642916,False,0.0,False
corner_recovery,planner,1,86,14.864413063655586,1.989237062491337,1.8713330030441284,0.11166044571907165,12.900012016296387,4.691531658172607,3.34084832890003,23.352480752975914,-0.7832646269817998,False,0.0,False
corner_recovery,planner,1,87,14.991082045778114,2.0434382912105264,1.737817406654358,0.13777809777547065,12.900012016296387,4.691531658172607,3.3741624662048038,23.391679061256276,-0.22238093369023573,False,0.0,False
corner_recovery,planner,1,88,15.048212788833299,2.1126496154406644,1.5373220443725586,0.08974480042724918,12.900012016296387,4.691531658172607,3.3563967509002066,23.375329129618713,0.2107358364845863,False,0.0,False
corner_recovery,planner,1,89,15.037867999467027,2.2292800481181083,2.254415988922119,0.11708831066148448,12.900012016296387,4.691531658172607,3.2608451659032323,23.279518070132113,0.8218907528562179,False,0.0,False
corner_recovery,planner,1,90,15.027816271594682,2.3389992001868727,1.2387007474899292,0.11017862571255962,12.900012016296387,4.691531658172607,3.1720592546076336,23.18935555688872,0.8117596521125305,False,0.0,False
corner_recovery,planner,1,91,15.037783775924906,2.4438268914117214,1.3595080375671387,0.10530050327565031,12.900012016296387,4.691531658172607,3.1019743414130336,23.116101641716938,0.6748159649625842,False,0.0,False
corner_recovery,planner,1,92,15.052533323036698,2.5516823767691474,1.8751002550125122,0.10885933520690329,12.900012016296387,4.691531658172607,3.0351775768633247,23.04392647363462,0.624546411882176,False,0.0,False
corner_recovery,planner,1,93,15.050391168993736,2.6636067839081927,2.072519540786743,0.11194490491920814,12.900012016296387,4.691531658172607,2.955775667403687,22.957891978199537,0.7184580143451864,False,0.0,False
corner_recovery,planner,1,94,14.974939656168457,2.721346055578021,1.0173271894454956,0.09500923260707547,12.900012016296387,4.691531658172607,2.8612857283703903,22.864835443032952,0.9947094906618281,False,0.0,False
corner_recovery,planner,1,95,14.852172771452873,2.6998186175210757,1.4521154165267944,0.12464003599191266,12.900012016296387,4.691531658172607,2.7888801426871166,22.80094980257964,0.5953478497442144,False,0.0,False
corner_recovery,planner,1,96,14.720471672679539,2.7051066821323215,2.334944486618042,0.13180721924627725,12.900012016296387,4.691531658172607,2.694430838963085,22.711354454162016,0.7280685569750646,False,0.0,False
corner_recovery,planner,1,97,14.571150501548129,2.7717423566570676,1.952767014503479,0.16351490839499533,12.900012016296387,4.691531658172607,2.545249457146197,22.563937784973845,0.9174276912170202,False,0.0,False
corner_recovery,planner,1,98,14.403814148835565,2.870046876117244,1.3586468696594238,0.19407532940958708,12.900012016296387,4.691531658172607,2.3620388788266493,22.380910527961465,0.9481670212733687,False,0.0,False
corner_recovery,planner,1,99,14.251108394138797,2.9307578751436414,2.409560203552246,0.16433159440683584,12.900012016296387,4.691531658172607,2.219411123974334,22.23630178735808,0.8765083750488816,False,0.0,False
corner_recovery,planner,1,100,14.092153162419088,2.9639828394489713,1.9305380582809448,0.1623904675285985,12.900012016296387,4.691531658172607,2.098958178085542,22.109153340814917,0.758204729150154,False,0.0,False
corner_recovery,planner,1,101,13.92785413540086,3.002275213924771,1.7872462272644043,0.16870233022140232,12.900012016296387,4.691531658172607,1.9773838161161377,21.97516254138201,0.7399610737957582,False,0.0,False
corner_recovery,planner,1,102,13.759452399707024,2.977244588848468,1.6468708515167236,0.1702518040327532,12.900012016296387,4.691531658172607,1.9176594923731822,21.888278418543845,0.38855197854544643,False,0.0,False
corner_recovery,planner,1,103,13.599601315230611,2.985215856926138,2.175816059112549,0.16004971203676518,12.900012016296387,4.691531658172607,1.844163441988443,21.781919919249997,0.492138345601502,False,0.0,False
corner_recovery,planner,1,104,13.498497242645886,3.0622227951585375,2.1827821731567383,0.12709092032535607,12.900012016296387,4.691531658172607,1.7357511161611887,21.65866395811537,0.8624138680251439,False,0.0,False
corner_recovery,planner,1,105,13.469797096851366,3.253666593767912,1.9033288955688477,0.19358312528372282,12.429635047912598,7.774738311767578,4.639183825561232,21.49128000801791,0.9972459325993819,False,0.0,False
corner_recovery,planner,1,106,13.441624469042983,3.454886610621843,1.7848930358886719,0.20318265708550493,12.429635047912598,7.774738311767578,4.436805304312046,21.317083417629053,0.9962152934368479,False,0.0,False
corner_recovery,planner,1,107,13.38715696301744,3.627597501113237,2.404574155807495,0.18109599914678653,12.429635047912598,7.774738311767578,4.256245425407326,21.148795122607336,0.9971602357511815,False,0.0,False
corner_recovery,planner,1,108,13.30232716850419,3.783975011772839,2.3405704498291016,0.17790452461152875,12.429635047912598,7.774738311767578,4.085068329162629,20.974064329946458,0.963735892073821,False,0.0,False
corner_recovery,planner,1,109,13.150319719108257,3.881594840566359,2.2494471073150635,0.1806540773011595,12.429635047912598,7.774738311767578,3.959286865415674,20.802256935208366,0.7076483456933182,False,0.0,False
corner_recovery,planner,1,110,12.970715794392879,3.9594388248736787,1.4351069927215576,0.19574793911049357,12.429635047912598,7.774738311767578,3.8534761643098965,20.628598377783277,0.5580428147897833,False,0.0,False
corner_recovery,planner,1,111,12.847982061676714,4.072498133941304,2.222656488418579,0.1668711374483073,12.429635047912598,7.774738311767578,3.7258014652201314,20.46352752460997,0.7740866295991295,False,0.0,False
corner_recovery,planner,1,112,12.87474413276002,4.204004623837848,2.3846704959869385,0.13420195726433318,12.429635047912598,7.774738311767578,3.5983692372420535,20.37823609657555,0.9513268167837928,False,0.0,False
corner_recovery,planner,1,113,12.95379172605548,4.3632349108894575,1.7913097143173218,0.17777178156372933,12.429635047912598,7.774738311767578,3.451535263827499,20.305396881963418,0.8338185536252476,False,0.0,False
corner_recovery,planner,1,114,13.043033098747372,4.555269641145717,1.5925836563110352,0.2117577866916059,12.429635047912598,7.774738311767578,3.2773824448610807,20.21535080756044,0.832342919686027,False,0.0,False
corner_recovery,planner,1,115,13.090009138716086,4.735173644469815,2.0995254516601562,0.18593600711852243,12.429635047912598,7.774738311767578,3.1104738073948632,20.108785714611404,0.9031757117322737,False,0.0,False
corner_recovery,planner,1,116,13.11484592795477,4.899373622078591,2.2496917247772217,0.1660677534815516,12.429635047912598,7.774738311767578,2.955881602642165,20.000702505651336,0.934460248283752,False,0.0,False
corner_recovery,planner,1,117,13.048544961058564,5.057802010805868,2.0540547370910645,0.17174216886394825,12.429635047912598,7.774738311767578,2.7865376983048065,19.837686517057477,0.9868413571779897,False,0.0,False
corner_recovery,planner,1,118,12.975637450030161,5.207817984861818,1.879603624343872,0.16679417746525868,12.429635047912598,7.774738311767578,2.6243472689032834,19.676783680357993,0.9740279669658414,False,0.0,False
corner_recovery,planner,1,119,12.936166318132512,5.37290528533555,1.8262896537780762,0.16974035180529656,12.429635047912598,7.774738311767578,2.4546640940402082,19.52680974460884,0.9996849340017125,False,0.0,False
corner_recovery,planner,1,120,12.91183504928577,5.5612695907543355,1.8700207471847534,0.18992925577591754,12.429635047912598,7.774738311767578,2.2653831067235157,19.369884361318213,0.9968504357716778,False,0.0,False
corner_recovery,planner,1,121,12.921932014477154,5.7599806964827,1.5732094049453735,0.19896746529486956,12.429635047912598,7.774738311767578,2.074030991002081,19.22900092961969,0.9650229389932723,False,0.0,False
corner_recovery,planner,1,122,12.923795250778324,5.95058369937545,1.7811546325683594,0.19061210969203346,12.429635047912598,7.774738311767578,1.8899032663096202,19.089541169768726,0.9690545393558905,False,0.0,False
corner_recovery,planner,1,123,12.939383083766174,6.073684875490283,1.9735304117202759,0.12408416538024597,12.429635047912598,7.774738311767578,1.775788797443934,19.00973139041166,0.9247170756872158,False,0.0,False
corner_recovery,planner,1,124,12.900489487728384,6.13504366903709,2.0771067142486572,0.0726471841042065,12.429635047912598,7.774738311767578,1.7059608509263338,18.938311516143646,0.9627495401210329,False,0.0,False
corner_recovery,planner,1,125,12.809541132557047,6.178430790714484,2.154529333114624,0.10076728455119044,12.429635047912598,7.774738311767578,1.6408919327367513,18.844631050613337,0.6629536059437553,False,0.0,False
corner_recovery,planner,1,126,12.692910492107565,6.231491420484302,2.1121091842651367,0.128133277189129,12.429635047912598,7.774738311767578,1.565543013453017,18.726500080496933,0.613593421804746,False,0.0,False
corner_recovery,planner,1,127,12.613254886555014,6.29017523587845,0.9998148679733276,0.09893839338274117,12.429635047912598,7.774738311767578,1.4958755868843026,18.629371806266697,0.7200808112023209,False,0.0,False
corner_recovery,planner,1,128,12.548286284258005,6.329089583097148,2.216118574142456,0.07573140500402953,11.552350044250488,10.650186538696289,4.434384725511362,18.556758345645406,0.7021058744315147,False,0.0,False
corner_recovery,planner,1,129,12.615892841869796,6.401282760745539,2.026181697845459,0.09890652926419219,11.552350044250488,10.650186538696289,4.379989337504381,18.54955155120301,0.5577466905304468,False,0.0,False
corner_recovery,planner,1,130,12.701974482772318,6.494686028912978,1.574869155883789,0.1270205471757599,11.552350044250488,10.650186538696289,4.311591450550016,18.540055588337307,0.5487745751524594,False,0.0,False
corner_recovery,planner,1,131,12.76797538917922,6.61272841225727,1.833152413368225,0.13524098458726672,11.552350044250488,10.650186538696289,4.216492986117915,18.499736109000853,0.7111064571114073,False,0.0,False
corner_recovery,planner,1,132,12.821796958690314,6.709923132272505,2.0042402744293213,0.11110164239774943,11.552350044250488,10.650186538696289,4.139706653928894,18.46685193529167,0.6980174179943631,False,0.0,False
corner_recovery,planner,1,133,12.862702895001851,6.797025127661256,2.2060482501983643,0.0962291703498769,11.552350044250488,10.650186538696289,4.0698743780320426,18.432787940100035,0.731189120197625,False,0.0,False
corner_recovery,planner,1,134,12.769703190526824,6.846092282063913,2.2609987258911133,0.1051500388664524,11.552350044250488,10.650186538696289,3.9941309187471963,18.332774144305862,0.726552043890105,False,0.0,False
corner_recovery,planner,1,135,12.655678503389886,6.893200470987888,1.6814781427383423,0.12337264988794532,11.552350044250488,10.650186538696289,3.915645285480026,18.219615590754845,0.6453610231166935,False,0.0,False
corner_recovery,planner,1,136,12.591407662953557,6.975402284748991,1.8641226291656494,0.10434500043608792,11.552350044250488,10.650186538696289,3.818858474471644,18.115840929385733,0.929425735117175,False,0.0,False
corner_recovery,planner,1,137,12.553772988335314,7.084363002655543,2.0143613815307617,0.11527708697018738,11.552350044250488,10.650186538696289,3.70377448059701,18.011410141624957,0.9983754862119608,False,0.0,False
corner_recovery,planner,1,138,12.544627572525703,7.221541454691482,1.87788724899292,0.1374829674298132,11.552350044250488,10.650186538696289,3.569344730505909,17.906889281154903,0.9786072313448315,False,0.0,False
corner_recovery,planner,1,139,12.562813113681173,7.411268627929232,2.248901605606079,0.19059673179754275,11.552350044250488,10.650186538696289,3.392878548868338,17.784837106013608,0.9296736414794153,False,0.0,False
corner_recovery,planner,1,140,12.521051157889069,7.535453898640481,2.6315793991088867,0.13101924443839466,11.552350044250488,10.650186538696289,3.2618922831071004,17.667530433294633,0.9997580100964193,False,0.0,False
corner_recovery,planner,1,141,12.436625043380587,7.632459243891426,2.2492640018463135,0.12859940053613914,11.552350044250488,10.650186538696289,3.14461767149789,17.53926186655664,0.9152564437972054,False,0.0,False
corner_recovery,planner,1,142,12.316898580885344,7.737395489714249,1.9407638311386108,0.1592044016634369,11.552350044250488,10.650186538696289,3.0114591413300618,17.380375715947448,0.8440049616359165,False,0.0,False
corner_recovery,planner,1,143,12.207540791163728,7.828528695184355,1.3718682527542114,0.14235303759334955,11.552350044250488,10.650186538696289,2.89672710152219,17.23858363937934,0.8142504679281654,False,0.0,False
corner_recovery,planner,1,144,12.105416634396061,7.907101559154899,2.3047595024108887,0.12885277780490695,11.552350044250488,10.650186538696289,2.7982848064699986,17.110794972557724,0.7732498573994757,False,0.0,False
corner_recovery,planner,1,145,12.079209764486707,7.98470552850592,2.2108428478240967,0.08190956042782757,11.552350044250488,10.650186538696289,2.717051744169194,17.037447278603306,0.9919816699458409,False,0.0,False
corner_recovery,planner,1,146,12.167486019546832,8.092551898626525,1.2101551294326782,0.1393683491888694,11.552350044250488,10.650186538696289,2.630567851280133,17.02454217659818,0.6363128895338477,False,0.0,False
corner_recovery,planner,1,147,12.23419875840123,8.197478966581397,1.6437721252441406,0.12433937073614912,11.552350044250488,10.650186538696289,2.5457203505685286,16.99926827849819,0.695015004882146,False,0.0,False
corner_recovery,planner,1,148,12.275496763636651,8.307423924928084,1.7974613904953003,0.11744538774374977,11.552350044250488,10.650186538696289,2.451831528108936,16.952998438783567,0.8077507693659016,False,0.0,False
corner_recovery,planner,1,149,12.281560878351803,8.421247584201561,2.2178544998168945,0.11398508190848063,11.552350044250488,10.650186538696289,2.3451902488784966,16.879106762948677,0.9384709905634236,False,0.0,False
corner_recovery,planner,1,150,12.197514900387677,8.55044696887061,2.051710367202759,0.15413048825851103,11.552350044250488,10.650186538696289,2.1966210307393146,16.72936443376806,0.9662469995667409,False,0.0,False
corner_recovery,planner,1,151,12.075427661811892,8.709943888783755,1.5664047002792358,0.20085955612029294,11.552350044250488,10.650186538696289,2.009515298407386,16.53122258667105,0.9375721531181022,False,0.0,False
corner_recovery,planner,1,152,11.987009979723625,8.873962606869886,1.5438843965530396,0.18633256931755013,11.552350044250488,10.650186538696289,1.8286335651240673,16.354727644547413,0.9734195728727834,False,0.0,False
corner_recovery,planner,1,153,11.92262345829254,9.039407739329487,2.440822124481201,0.17753229564383624,11.552350044250488,10.650186538696289,1.6527887770782788,16.19517004643353,0.9914130828866742,False,0.0,False
corner_recovery,planner,1,154,11.896418510972854,9.208605103991882,2.294029712677002,0.17121462400369594,11.552350044250488,10.650186538696289,1.4820729208365884,16.06172397938053,0.9973882196381569,False,0.0,False
corner_recovery,planner,1,155,12.001313609376332,9.411213079418294,1.7330131530761719,0.22815120726278215,9.929605484008789,15.379069328308105,6.317221126739753,16.004809802058997,0.7064746436142868,False,0.0,False
corner_recovery,planner,1,156,12.079924331947021,9.596762442759388,2.010861396789551,0.2015147933511859,9.929605484008789,15.379069328308105,6.169193145498244,15.942143003308788,0.7419194277598014,False,0.0,False
corner_recovery,planner,1,157,12.132534794568777,9.773032410351483,2.2925596237182617,0.18395369594599975,9.929605484008789,15.379069328308105,6.023333584720083,15.867869000629645,0.7984500748716552,False,0.0,False
corner_recovery,planner,1,158,12.093571515713913,9.905261630451461,2.271798849105835,0.13785029469453544,9.929605484008789,15.379069328308105,5.886027497343881,15.753038270610606,0.996142357549197,False,0.0,False
corner_recovery,planner,1,159,11.959626407261974,10.002574616604074,1.7455166578292847,0.1655630071970802,9.929605484008789,15.379069328308105,5.746971405342743,15.587853543636056,0.8440411869352061,False,0.0,False
corner_recovery,planner,1,160,11.87178058304725,10.109014423188526,1.6957595348358154,0.13800841009771705,9.929605484008789,15.379069328308105,5.6165401109846975,15.452209223690648,0.9463789701437012,False,0.0,False
corner_recovery,planner,1,161,11.810649573933402,10.21543694957733,2.212775945663452,0.12273041350151535,9.929605484008789,15.379069328308105,5.495582426905921,15.337180883263711,0.9858692548065602,False,0.0,False
corner_recovery,planner,1,162,11.800083519358745,10.360922414745307,2.1417720317840576,0.1458686466805581,9.929605484008789,15.379069328308105,5.355416559598933,15.236593705891133,0.9619221118359386,False,0.0,False
corner_recovery,planner,1,163,11.826869335240131,10.561857370574737,1.8545641899108887,0.2027124475867392,9.929605484008789,15.379069328308105,5.177368169921716,15.131205324303076,0.8826550993609148,False,0.0,False
corner_recovery,planner,1,164,11.825128525139517,10.745627625598559,2.150219440460205,0.1837784999702817,9.929605484008789,15.379069328308105,5.006175147941333,15.015894002028412,0.9338658535036412,False,0.0,False
corner_recovery,planner,1,165,11.7948744208016,10.925449194679672,2.366300582885742,0.18234886217381013,9.929605484008789,15.379069328308105,4.828453220362058,14.88175174234605,0.9755384396311056,False,0.0,False
corner_recovery,planner,1,166,11.693317704612909,11.095804102488431,2.14865779876709,0.19832942600018094,9.929605484008789,15.379069328308105,4.632174628813597,14.697563863520905,0.9900819979170226,False,0.0,False
corner_recovery,planner,1,167,11.552033458680638,11.250442085354415,1.3111660480499268,0.20946155707792907,9.929605484008789,15.379069328308105,4.435970631581908,14.491523064613125,0.9394779618423869,False,0.0,False
corner_recovery,planner,1,168,11.446771646551111,11.42756164580571,2.150400161743164,0.20603734561300258,9.929605484008789,15.379069328308105,4.232753965167223,14.300883905016072,0.9869413770336817,False,0.0,False
corner_recovery,planner,1,169,11.492257327598129,11.590163573940162,2.3804807662963867,0.16884411216667378,9.929605484008789,15.379069328308105,4.09849821273057,14.240692651581798,0.8024807953005582,False,0.0,False
corner_recovery,planner,1,170,11.594236898607672,11.761666342827066,1.616442322731018,0.1995320341177466,9.929605484008789,15.379069328308105,3.9820349202181307,14.223096382572397,0.5997312878812209,False,0.0,False
corner_recovery,planner,1,171,11.686176482873362,11.95374939744827,1.944325566291809,0.2129525464218737,9.929605484008789,15.379069328308105,3.8494620796674583,14.188335686327925,0.6389224216230027,False,0.0,False
corner_recovery,planner,1,172,11.804050155792504,12.1073853182117,2.352544069290161,0.19364451687635173,9.929605484008789,15.379069328308105,3.7706046052985798,14.199611494531998,0.4282090800439859,False,0.0,False
corner_recovery,planner,1,173,11.793730779481388,12.220947160587274,2.274468421936035,0.11402973985406283,9.929605484008789,15.379069328308105,3.6672467524657417,14.128189862019193,0.9091092150720499,False,0.0,False
corner_recovery,planner,1,174,11.684687278933543,12.317591627854371,1.704922080039978,0.1457073713477423,9.929605484008789,15.379069328308105,3.5288748656266886,13.983966361618746,0.9516059702280744,False,0.0,False
corner_recovery,planner,1,175,11.62264676210926,12.444604745556415,1.8146321773529053,0.14135543072771292,9.929605484008789,15.379069328308105,3.3878416664265956,13.86253639157126,0.9978116251036745,False,0.0,False
corner_recovery,planner,1,176,11.599775486229404,12.569912359421947,2.003124237060547,0.12737775847080118,9.929605484008789,15.379069328308105,3.268154022098604,13.775376353392287,0.9418288919179955,False,0.0,False
corner_recovery,planner,1,177,11.623381311821573,12.707071717055703,2.262242555618286,0.1391758757414246,9.929605484008789,15.379069328308105,3.163613090980221,13.72187290642833,0.7604216638001915,False,0.0,False
corner_recovery,planner,1,178,11.72655131630647,12.91364898328405,1.487835168838501,0.23090737698867694,9.929605484008789,15.379069328308105,3.0507887179990907,13.701400530824584,0.5163946277682626,False,0.0,False
corner_recovery,planner,1,179,11.808661103173462,13.12208241073565,1.7443091869354248,0.22402346033075313,9.929605484008789,15.379069328308105,2.9368077849950516,13.665658689368536,0.5360013370672998,False,0.0,False
corner_recovery,planner,1,180,11.861066447782534,13.336471345597593,1.834389328956604,0.22070100936523526,9.929605484008789,15.379069328308105,2.8111826645657265,13.604687111681567,0.5946102495424783,False,0.0,False
corner_recovery,planner,1,181,11.87485795757429,13.53133751231506,2.254344940185547,0.19535359907996575,9.929605484008789,15.379069328308105,2.6829312420831175,13.522420119643812,0.6762793501735518,False,0.0,False
corner_recovery,planner,1,182,11.735036690332448,13.6324602186141,2.135228157043457,0.17255662404659058,9.929605484008789,15.379069328308105,2.512016166913221,13.35127892716577,0.9910958360928197,False,0.0,False
corner_recovery,planner,1,183,11.619912635165948,13.741671601207347,1.1264055967330933,0.15868419633318318,9.929605484008789,15.379069328308105,2.353340090587792,13.198069707196725,0.9999520615176081,False,0.0,False
corner_recovery,planner,1,184,11.519692970416262,13.81595181729511,2.181091070175171,0.12474586848703283,9.929605484008789,15.379069328308105,2.229734192154997,13.074623438503822,0.9913438526649226,False,0.0,False
corner_recovery,planner,1,185,11.566999678054493,13.943321250602764,2.3265204429626465,0.1358708840358454,9.929605484008789,15.379069328308105,2.1777126278113843,13.056754536465515,0.40887655561520636,False,0.0,False
corner_recovery,planner,1,186,11.653691116746224,14.116028390892097,1.858298420906067,0.19324378864367503,9.929605484008789,15.379069328308105,2.1372280361721696,13.054870299674281,0.2519212690955743,False,0.0,False
corner_recovery,planner,1,187,11.710554503701259,14.303927544295766,1.4838430881500244,0.1963148915029456,9.929605484008789,15.379069328308105,2.0803147037101875,13.022377978110999,0.3319757782407952,False,0.0,False
corner_recovery,planner,1,188,11.747354265573197,14.472920207080655,1.8791687488555908,0.17295300676472414,9.929605484008789,15.379069328308105,2.031087605885125,12.982640073505008,0.32282836001908527,False,0.0,False
corner_recovery,planner,1,189,11.76099112814325,14.636219897384985,1.5085475444793701,0.16386809596210133,7.817266464233398,17.349905014038086,4.78717569523779,12.92637030668211,0.5214871601255292,False,0.0,False
corner_recovery,planner,1,190,11.638168334809986,14.746799266776097,1.9004602432250977,0.16526716400156952,7.817266464233398,17.349905014038086,4.623359237178533,12.768832371556845,0.9915237658199622,False,0.0,False
corner_recovery,planner,1,191,11.49399433066816,14.878037648468059,1.3562920093536377,0.1949606532083133,7.817266464233398,17.349905014038086,4.430401344888296,12.58357675718404,0.9901583164882997,False,0.0,False
corner_recovery,planner,1,192,11.371169922253408,15.004852261397021,1.3264050483703613,0.17654399268951743,7.817266464233398,17.349905014038086,4.2578753154121385,12.419943894045215,0.9781375957166913,False,0.0,False
corner_recovery,planner,1,193,11.263460038647127,15.135908818050922,1.212632417678833,0.16963855713974868,7.817266464233398,17.349905014038086,4.096099279580037,12.268859566745212,0.9554551210865375,False,0.0,False
corner_recovery,planner,1,194,11.182118149187827,15.226615213128015,1.4504343271255493,0.1218365835399641,7.817266464233398,17.349905014038086,3.978766949745786,12.15832918726651,0.9641096855372218,False,0.0,False
corner_recovery,planner,1,195,11.15994493421531,15.198629242759498,1.8071786165237427,0.03570526571368659,7.817266464233398,17.349905014038086,3.975108400757255,12.14897247026275,0.10690511723057895,False,0.0,False
corner_recovery,planner,1,196,11.150118196269615,15.133202388989048,1.263439416885376,0.06616069809904722,7.817266464233398,17.349905014038086,4.002707982808151,12.165971181016527,-0.4102860947231564,False,0.0,False
corner_recovery,planner,1,197,11.123618061869081,15.063731056252323,2.1655051708221436,0.07435403953695563,7.817266464233398,17.349905014038086,4.019770174082823,12.169701305757174,-0.22067339833217445,False,0.0,False
corner_recovery,planner,1,198,11.05598229041405,14.988579019995093,1.7934839725494385,0.101106014331122,7.817266464233398,17.349905014038086,4.008134310735626,12.13874312459006,0.12749529526105555,False,0.0,False
corner_recovery,planner,1,199,10.95885937448002,14.831776177165528,2.1230897903442383,0.1844450929652559,7.817266464233398,17.349905014038086,4.026236313581331,12.116399476434506,-0.07535582002058443,False,0.0,False
corner_recovery,planner,1,200,10.888028805673716,14.650869142084835,1.07599675655365,0.194278987075576,7.817266464233398,17.349905014038086,4.088321904608108,12.131049921926826,-0.2979065490554843,False,0.0,False
corner_recovery,planner,1,201,10.843852273281895,14.479640334673041,1.5827627182006836,0.17683571613741028,7.817266464233398,17.349905014038086,4.171167820784039,12.16813473624161,-0.4516106838775785,False,0.0,False
corner_recovery,planner,1,202,10.840477150767214,14.322920471643712,2.2881104946136475,0.15675620217369604,7.817266464233398,17.349905014038086,4.2781349061321965,12.237041179451351,-0.6723377975282959,False,0.0,False
corner_recovery,planner,1,203,10.931673043021611,14.196530775676802,2.052685260772705,0.15585585010093048,7.817266464233398,17.349905014038086,4.432075972403893,12.376660719159748,-0.9872695672416156,False,0.0,False
corner_recovery,planner,1,204,11.126926761927443,14.104135845501764,1.4703052043914795,0.2160111984796338,7.817266464233398,17.349905014038086,4.6356087821938985,12.592446676225965,-0.9394985254361727,False,0.0,False
corner_recovery,planner,1,205,11.295829230663081,14.006649356973357,1.8099124431610107,0.19501707461294868,7.817266464233398,17.349905014038086,4.824702820743081,12.7873378753582,-0.968369793366068,False,0.0,False
corner_recovery,planner,1,206,11.449781450225867,13.901463425626154,2.0874884128570557,0.1864547292553522,7.817266464233398,17.349905014038086,5.008683910185276,12.972649829811635,-0.9862239933040099,False,0.0,False
corner_recovery,planner,1,207,11.446061721948869,13.882479447993717,2.2930872440338135,0.019344967955610363,7.817266464233398,17.349905014038086,5.019083091409865,12.978304459631172,-0.5361920939798422,False,0.0,False
corner_recovery,planner,1,208,11.407025053488114,13.895305656168539,1.7559720277786255,0.04108981748144836,7.817266464233398,17.349905014038086,4.982030053353823,12.93783264702838,0.9025219614126037,False,0.0,False
corner_recovery,planner,1,209,11.395258567137391,13.928855325649339,1.1634951829910278,0.03555320693429356,7.817266464233398,17.349905014038086,4.950313975786595,12.911650377423273,0.8928022392917122,False,0.0,False
corner_recovery,planner,1,210,11.37514528533135,13.991470346890576,1.7837862968444824,0.06576613862809534,7.817266464233398,17.349905014038086,4.892605146454755,12.864538812359006,0.8790133751191817,False,0.0,False
corner_recovery,planner,1,211,11.376642690805493,14.084246048806383,1.99033784866333,0.09278778523666056,7.817266464233398,17.349905014038086,4.830495585287787,12.822797811917683,0.6746059231226971,False,0.0,False
corner_recovery,planner,1,212,11.403303489374835,14.198107986909696,1.9561928510665894,0.11694160563716216,7.817266464233398,17.349905014038086,4.774252407016266,12.794423840187152,0.49025553933702315,False,0.0,False
corner_recovery,planner,1,213,11.412524987290942,14.250461829656432,2.090038537979126,0.05315976743898315,7.817266464233398,17.349905014038086,4.746833881739258,12.779002925024226,0.519862158940597,False,0.0,False
corner_recovery,planner,1,214,11.381982665543735,14.270233543756403,2.635965347290039,0.03638343161606535,7.817266464233398,17.349905014038086,4.710793771834141,12.742831437393825,0.9906357749537976,False,0.0,False
corner_recovery,planner,1,215,11.29603280932017,14.315547558645921,2.2792861461639404,0.09716345882202254,7.817266464233398,17.349905014038086,4.61618245423666,12.64568530318757,0.9742681779349919,False,0.0,False
corner_recovery,planner,1,216,11.208464555738818,14.379532086606257,1.4149616956710815,0.10845376366726567,7.817266464233398,17.349905014038086,4.508141504417305,12.538713540979472,0.9962828993730157,False,0.0,False
corner_recovery,planner,1,217,11.158269103816467,14.455024965227324,1.4777283668518066,0.09065736658531426,7.817266464233398,17.349905014038086,4.420704597086718,12.460084972801646,0.965178261835251,False,0.0,False
corner_recovery,planner,1,218,11.123976083415098,14.547616497960018,1.9487282037734985,0.09873805336362618,7.817266464233398,17.349905014038086,4.334414543272459,12.388354602517191,0.8765673992480563,False,0.0,False
corner_recovery,planner,1,219,11.156889505438683,14.703424290722122,1.8588029146194458,0.1592462295776619,7.817266464233398,17.349905014038086,4.2610963702118045,12.350299497610585,0.4748835936567456,False,0.0,False
corner_recovery,planner,1,220,11.202824607574167,14.894450430361715,1.9689857959747314,0.19647142192645398,7.817266464233398,17.349905014038086,4.182255510419981,12.311373424443877,0.42062582722554703,False,0.0,False
corner_recovery,planner,1,221,11.225460921225402,15.080924489493507,1.6291552782058716,0.18784295947627094,7.817266464233398,17.349905014038086,4.094393981706403,12.25594862799381,0.48528323289774217,False,0.0,False
corner_recovery,planner,1,222,11.226430993530057,15.265460747251055,1.4947218894958496,0.18453880748351156,7.817266464233398,17.349905014038086,3.995911746917821,12.1839490637606,0.5497842163505955,False,0.0,False
corner_recovery,planner,1,223,11.183441196962118,15.434535625402658,1.7715916633605957,0.17445468474916986,7.817266464233398,17.349905014038086,3.8729539406224442,12.079437982026606,0.7157975840894345,False,0.0,False
corner_recovery,planner,1,224,11.058260606643191,15.584000085716294,2.07131028175354,0.1949610347978319,7.817266464233398,17.349905014038086,3.6908621278782254,11.907400341274762,0.9372039743421774,False,0.0,False
corner_recovery,planner,1,225,10.94284746064562,15.729194519956598,1.9989650249481201,0.185476731703518,7.817266464233398,17.349905014038086,3.520789552182731,11.746731034433665,0.9209485910219974,False,0.0,False
corner_recovery,planner,1,226,10.909543862186617,15.865190670216785,2.186981678009033,0.14001457979764065,7.817266464233398,17.349905014038086,3.430241418419561,11.666824566892055,0.658272986775431,False,0.0,False
corner_recovery,planner,1,227,10.896210259872978,16.022022695972897,1.9893362522125244,0.15739780574526413,7.817266464233398,17.349905014038086,3.353083110711341,11.599642298739901,0.5076414590719077,False,0.0,False
corner_recovery,planner,1,228,10.8723663038407,16.230936819887383,1.470790147781372,0.21027041021081966,7.817266464233398,17.349905014038086,3.2535710918142615,11.507136320586948,0.4975895341882484,False,0.0,False
corner_recovery,planner,1,229,10.840781338819307,16.42302254400245,1.2923007011413574,0.1946651880131943,7.817266464233398,17.349905014038086,3.1623967667105912,11.41566063602136,0.49171797815334617,False,0.0,False
corner_recovery,planner,1,230,10.794097363410142,16.583032148473574,2.240593910217285,0.16668073398869215,7.817266464233398,17.349905014038086,3.074022803141275,11.322023104955354,0.5491443041685824,False,0.0,False
corner_recovery,planner,1,231,10.676766589650276,16.611307924368063,1.676743745803833,0.12068980890499494,7.817266464233398,17.349905014038086,2.953348375679403,11.201632862816165,0.99987755728591,False,0.0,False
corner_recovery,planner,1,232,10.508072414744943,16.622724636321156,1.4290024042129517,0.1690800578389156,7.817266464233398,17.349905014038086,2.787333486514463,11.037462333146857,0.9828999497652492,False,0.0,False
corner_recovery,planner,1,233,10.357663382648846,16.688254715476628,1.5166131258010864,0.1640642197744742,7.817266464233398,17.349905014038086,2.6251471617189717,10.874228596908727,0.9892237717528253,False,0.0,False
corner_recovery,planner,1,234,10.229378554176197,16.743687335582564,1.4848228693008423,0.13974896274415102,7.817266464233398,17.349905014038086,2.487123762123674,10.735164543363332,0.9883056705594502,False,0.0,False
corner_recovery,planner,1,235,10.157642484778382,16.796949730896667,1.927973747253418,0.08934733575906983,7.817266464233398,17.349905014038086,2.4048117312371833,10.650691614866036,0.9239762534296121,False,0.0,False
corner_recovery,planner,1,236,10.194466367387024,16.89122786000366,1.8657397031784058,0.10121444540326176,7.817266464233398,17.349905014038086,2.421046077873515,10.657936420067564,-0.13989279561315177,False,0.0,False
corner_recovery,planner,1,237,10.22487143590437,16.933121213501824,1.7418410778045654,0.05176409236977566,7.817266464233398,17.349905014038086,2.443413684991601,10.67491177349235,-0.4234122606220404,False,0.0,False
corner_recovery,planner,1,238,10.25609239729034,16.870878249094197,2.0194385051727295,0.06963429505720085,7.817266464233398,17.349905014038086,2.4854252298718764,10.722818388546386,-0.5942541341861332,False,0.0,False
corner_recovery,planner,1,239,10.271900247129214,16.781429520833886,1.4078519344329834,0.09083481218076823,7.817266464233398,17.349905014038086,2.519601435645562,10.764345340815334,-0.36055899666823493,False,0.0,False
corner_recovery,planner,1,240,10.270463941348396,16.64970484574946,1.9818127155303955,0.13173250548134696,7.817266464233398,17.349905014038086,2.5511679947417827,10.80309711106645,-0.21498572461486024,False,0.0,False
corner_recovery,planner,1,241,10.293554631978619,16.516125079209523,1.5822674036026,0.13556081300525272,7.817266464233398,17.349905014038086,2.6128896014638094,10.86713630287397,-0.4342449992883871,False,0.0,False
corner_recovery,planner,1,242,10.361783979312962,16.434233493620994,1.900029182434082,0.10659022294691888,7.817266464233398,17.349905014038086,2.704260290328878,10.958159426288756,-0.8518055967285412,False,0.0,False
corner_recovery,planner,1,243,10.47637792231614,16.48622605166936,1.8665904998779297,0.12583718792721016,7.817266464233398,17.349905014038086,2.795856773253101,11.049936729735611,-0.71695766188808,False,0.0,False
corner_recovery,planner,1,244,10.628272821466979,16.56717241580827,1.554090142250061,0.1721173270050193,7.817266464233398,17.349905014038086,2.917949118942824,11.168907215583864,-0.694062988810867,False,0.0,False
corner_recovery,planner,1,245,10.839860739030513,16.666466457667298,1.821569800376892,0.23372794785300174,7.817266464233398,17.349905014038086,3.0988972894193316,11.340856524946975,-0.7581371736725019,False,0.0,False
corner_recovery,planner,1,246,11.02519285665397,16.75491283667854,1.0933598279953003,0.20535519419531345,7.817266464233398,17.349905014038086,3.26263810900129,11.492844218206711,-0.7852860393127802,False,0.0,False
corner_recovery,planner,1,247,11.211762982759529,16.824295884408212,2.080483913421631,0.19905380997936817,7.817266464233398,17.349905014038086,3.4349485544089733,11.652841962858824,-0.858001343168054,False,0.0,False
corner_recovery,planner,1,248,11.38430040689143,16.822063009253313,2.0929503440856934,0.1725518717879611,7.817266464233398,17.349905014038086,3.6058769155490755,11.819542261505076,-0.9901207520558257,False,0.0,False
corner_recovery,planner,1,249,11.551355778854424,16.782659087421003,1.4139859676361084,0.17163964098500334,7.817266464233398,17.349905014038086,3.776928772273921,11.991042610108103,-0.9964127467028479,False,0.0,False
corner_recovery,planner,1,250,11.724388997600009,16.757474143942027,2.0416321754455566,0.17485644445514964,7.817266464233398,17.349905014038086,3.9517819811553236,12.164508674593012,-0.9999806391678616,False,0.0,False
corner_recovery,planner,1,251,11.889329899098493,16.741146728430188,1.663205862045288,0.1657470527171719,7.817266464233398,17.349905014038086,4.1173155414495,12.327866404825235,-0.9986579487961308,False,0.0,False
corner_recovery,planner,1,252,12.036625405414327,16.699888383783378,1.381664514541626,0.15296475797984535,7.817266464233398,17.349905014038086,4.2691347477130694,12.480828811811877,-0.9922338228718459,False,0.0,False
corner_recovery,planner,1,253,12.21524328489782,16.64436985279533,1.3750659227371216,0.18704719766478908,7.817266464233398,17.349905014038086,4.454209242823173,12.667771003379803,-0.9889938021979398,False,0.0,False
corner_recovery,planner,1,254,12.359593161159017,16.584423230510307,1.7662014961242676,0.15630254092626247,7.817266464233398,17.349905014038086,4.606375384455339,12.822858798943642,-0.9726195817650766,False,0.0,False
corner_recovery,planner,1,255,12.368146579840761,16.50659609834677,1.4627158641815186,0.07829574363875742,7.817266464233398,17.349905014038086,4.628356053061924,12.852039551779816,-0.27291018380824805,False,0.0,False
corner_recovery,planner,1,256,12.332407628746513,16.405693628203217,0.6058176755905151,0.1070447621623195,7.817266464233398,17.349905014038086,4.612812035691574,12.845517358826157,0.15653061915049976,False,0.0,False
corner_recovery,planner,1,257,12.283077308586355,16.30021193787107,1.7183855772018433,0.11644684402091283,7.817266464233398,17.349905014038086,4.587518070993665,12.828188487599517,0.22924125738229129,False,0.0,False
corner_recovery,planner,1,258,12.208762230390004,16.26273789813404,2.050513505935669,0.08322880812280138,7.817266464233398,17.349905014038086,4.524065362268157,12.767967857738407,0.7661874671309131,False,0.0,False
corner_recovery,planner,1,259,12.077978613371387,16.276895917602715,1.31199312210083,0.13154772516371221,7.817266464233398,17.349905014038086,4.3937474368521805,12.638792323375677,0.9909218680220155,False,0.0,False
corner_recovery,planner,1,260,11.970345286506676,16.282962175858373,1.464040994644165,0.10780413972195171,7.817266464233398,17.349905014038086,4.287940149297537,12.534174742051913,0.9819273030402107,False,0.0,False
corner_recovery,planner,1,261,11.878179349904565,16.284478840957156,2.5593981742858887,0.09217841473341912,7.817266464233398,17.349905014038086,4.198350437409435,12.445731884939281,0.9725116277126715,False,0.0,False
corner_recovery,planner,1,262,11.854094191543041,16.32998056484717,2.419883966445923,0.051483023709400035,7.817266464233398,17.349905014038086,4.163679140139562,12.409213986243206,0.6768016216166411,False,0.0,False
corner_recovery,planner,1,263,11.865527526126579,16.435167662741417,1.3771183490753174,0.10580664772646979,7.817266464233398,17.349905014038086,4.150320716173359,12.3894621782397,0.13875654076444885,False,0.0,False
corner_recovery,planner,1,264,11.840470294062575,16.53783127452614,1.1094785928726196,0.10567725423852502,7.817266464233398,17.349905014038086,4.104343164838568,12.33626155154906,0.445396507065161,False,0.0,False
corner_recovery,planner,1,265,11.786480881968776,16.639858794689736,1.6621819734573364,0.11543167454804978,7.817266464233398,17.349905014038086,4.032223794331024,12.256087487474923,0.6333527165182089,False,0.0,False
corner_recovery,planner,1,266,11.710699250604124,16.78208240116299,1.858657956123352,0.16115337381062608,7.817266464233398,17.349905014038086,3.934620868861295,12.144771328065627,0.6183054454196913,False,0.0,False
corner_recovery,planner,1,267,11.558551358274665,16.954174045705237,1.9874285459518433,0.22970527913296054,7.817266464233398,17.349905014038086,3.7621557194883657,11.95312366060557,0.7635457930567472,False,0.0,False
corner_recovery,planner,1,268,11.448206424339176,17.101844398083852,2.277770757675171,0.184343530987262,7.817266464233398,17.349905014038086,3.639403668608436,11.809349525998403,0.6795238826519692,False,0.0,False
corner_recovery,planner,1,269,11.380413926912318,17.197041028054322,2.510018825531006,0.1168683920703332,7.817266464233398,17.349905014038086,3.566424994165175,11.72051194045169,0.6342468828631176,False,0.0,False
corner_recovery,planner,1,270,11.355895252759975,17.2037715774461,2.029345750808716,0.025425689318167348,7.817266464233398,17.349905014038086,3.5416449122235916,11.695095142099307,0.9747867933164581,False,0.0,False
corner_recovery,planner,1,271,11.323410890866906,17.118947285451533,2.006242513656616,0.09083168103684768,7.817266464233398,17.349905014038086,3.5137430487739243,11.684181569430114,0.3187954168345252,False,0.0,False
corner_recovery,planner,1,272,11.253148248158789,17.05954084656179,1.0418035984039307,0.09201067297813424,7.817266464233398,17.349905014038086,3.448129200430942,11.630977840580634,0.7195461080200494,False,0.0,False
corner_recovery,planner,1,273,11.180179137400524,17.00879268555662,0.8083876371383667,0.08888119581924345,7.817266464233398,17.349905014038086,3.380168526566406,11.573406013025961,0.7699769278312828,False,0.0,False
corner_recovery,planner,1,274,11.088912175683587,16.897253482697355,1.9730051755905151,0.14412026948185047,7.817266464233398,17.349905014038086,3.3028107832686273,11.514816941256921,0.5519346895838987,False,0.0,False
corner_recovery,planner,1,275,10.93598017847869,16.823944855465655,2.191025733947754,0.16959466558732036,7.817266464233398,17.349905014038086,3.162753439619851,11.387843902390035,0.8340000876977559,False,0.0,False
corner_recovery,planner,1,276,10.762002389095684,16.772571964204772,1.7010129690170288,0.1814040935455979,7.817266464233398,17.349905014038086,3.000797080377875,11.235523447936828,0.898612681673385,False,0.0,False
corner_recovery,planner,1,277,10.612531799511643,16.717520719373606,1.3500062227249146,0.159286210037347,7.817266464233398,17.349905014038086,2.865906172704628,11.108577830820083,0.8543531790249305,False,0.0,False
corner_recovery,planner,1,278,10.479716354525193,16.6566793545052,1.0045748949050903,0.1460876932051405,7.817266464233398,17.349905014038086,2.7512181362715666,11.000102172702514,0.7948417776836512,False,0.0,False
corner_recovery,planner,1,279,10.363296457147213,16.581875494126546,1.9010355472564697,0.13838067073492874,7.817266464233398,17.349905014038086,2.659349181335965,10.91244649912991,0.677950458725231,False,0.0,False
corner_recovery,planner,1,280,10.27605130982214,16.493798494344766,1.906578540802002,0.1239728745425114,7.817266464233398,17.349905014038086,2.6035631910822254,10.85774744228085,0.46857458699043736,False,0.0,False
corner_recovery,planner,1,281,10.218864876938312,16.400155695000436,1.8339166641235352,0.10972357073582266,7.817266464233398,17.349905014038086,2.582575982409664,10.83439330988871,0.21157436018052772,False,0.0,False
corner_recovery,planner,1,282,10.12544874399844,16.43306799775942,2.1148524284362793,0.09904440199394833,7.817266464233398,17.349905014038086,2.483605353320071,10.735348907974421,0.9992837082047499,False,0.0,False
corner_recovery,planner,1,283,10.024324582095442,16.433495856174737,1.7697710990905762,0.10112506703783851,7.817266464233398,17.349905014038086,2.3897513009174323,10.639879469952925,0.9309211459696662,False,0.0,False
corner_recovery,planner,1,284,9.919893549277747,16.43735203381863,2.092191696166992,0.10450220438532283,7.817266464233398,17.349905014038086,2.292115529476973,10.540244236256507,0.9370727810979328,False,0.0,False
corner_recovery,planner,1,285,9.821563217750654,16.43277450992385,1.899657130241394,0.09843682148076122,7.817266464233398,17.349905014038086,2.2041628428354936,10.44931585020386,0.8978241886759499,False,0.0,False
corner_recovery,planner,1,286,9.74036701608893,16.448500874668756,1.6577399969100952,0.08270514924949482,7.817266464233398,17.349905014038086,2.123875032816011,10.367636936416213,0.9718522871826539,False,0.0,False
corner_recovery,planner,1,287,9.723136789337406,16.448735548540963,1.991007924079895,0.017231824794119308,7.817266464233398,17.349905014038086,2.1081859741627222,10.35137035509614,0.9111638248677315,False,0.0,False
corner_recovery,planner,1,288,9.722610958733991,16.390118560656862,1.6556475162506104,0.05861934634937749,7.817266464233398,17.349905014038086,2.1334309641555844,10.3711333932704,-0.4193354250517471,False,0.0,False
corner_recovery,planner,1,289,9.696333149371409,16.3433465368095,1.8080379962921143,0.053648350204592604,7.817266464233398,17.349905014038086,2.131678112491725,10.362914218185054,0.04523281797224695,False,0.0,False
corner_recovery,planner,1,290,9.629438943204974,16.357138647789377,1.98837411403656,0.06830122359020177,7.817266464233398,17.349905014038086,2.066289948554329,10.295461776547098,0.9586872325251686,False,0.0,False
corner_recovery,planner,1,291,9.506861616928518,16.353592863877466,1.8976528644561768,0.1226285998478119,7.817266464233398,17.349905014038086,1.9614713050586596,10.18217574027251,0.8627584488899291,False,0.0,False
corner_recovery,planner,1,292,9.361631794100584,16.35004460618789,1.8768573999404907,0.14527316190977888,7.817266464233398,17.349905014038086,1.839778548435148,10.048001006425757,0.8487284212119232,False,0.0,False
corner_recovery,planner,1,293,9.250973563426541,16.317530521797117,1.3432538509368896,0.1153360728466158,7.817266464233398,17.349905014038086,1.7667238433061951,9.956962053212443,0.6521765485063237,False,0.0,False
corner_recovery,planner,1,294,9.161580508639787,16.266727646384076,1.7590370178222656,0.10282047653235495,7.817266464233398,17.349905014038086,1.7263989862676967,9.893021777119538,0.416810454190314,False,0.0,False
corner_recovery,planner,1,295,9.128540275105383,16.143933376565,2.094285011291504,0.12716166770064197,7.817266464233398,17.349905014038086,1.7815180598209654,9.90956595207835,-0.4035476153438862,False,0.0,False
corner_recovery,planner,1,296,9.143797709606895,15.94863457648643,1.6208605766296387,0.19589387591166912,7.817266464233398,17.349905014038086,1.9295709326449673,10.001129853624219,-0.7322060878953862,False,0.0,False
corner_recovery,planner,1,297,9.140826030520303,15.771492076782593,1.2468456029891968,0.1771674238620568,7.817266464233398,17.349905014038086,2.059902261274814,10.071493423368251,-0.7145749344907466,False,0.0,False
corner_recovery,planner,1,298,9.129271735769782,15.613104799157442,1.880892038345337,0.15880815923839833,7.817266464233398,17.349905014038086,2.176656339192917,10.1285957530499,-0.7174769748953431,False,0.0,False
corner_recovery,planner,1,299,9.144921037946553,15.550644720065556,2.083862781524658,0.06439069916365715,7.817266464233398,17.349905014038086,2.2360689328747387,10.169874296045059,-0.92049042420066,False,0.0,False
corner_recovery,planner,1,300,9.137903354612417,15.494591057272523,1.9380791187286377,0.05649124703786668,7.817266464233398,17.349905014038086,2.277338726320495,10.188227886116682,-0.7246618591991041,False,0.0,False
corner_recovery,planner,1,301,9.133579064722028,15.411946733396318,1.9320377111434937,0.08275737883724367,7.817266464233398,17.349905014038086,2.3427251566739824,10.22117895884429,-0.7832706884759911,False,0.0,False
corner_recovery,planner,1,302,9.167224160308773,15.338825712178314,1.9945108890533447,0.08049022425739044,7.817266464233398,17.349905014038086,2.422153120585468,10.284189056352421,-0.9863521793344812,False,0.0,False
corner_recovery,planner,1,303,9.284588676205422,15.21765067517699,2.3714561462402344,0.16869445510723466,7.817266464233398,17.349905014038086,2.588347549951211,10.443871502032042,-0.9841556526065656,False,0.0,False
corner_recovery,planner,1,304,9.430216088581254,15.054735651815209,1.891762375831604,0.21851464040711466,7.817266464233398,17.349905014038086,2.8052466722144875,10.64822121064191,-0.9919849764922007,False,0.0,False
corner_recovery,planner,1,305,9.543849794839565,14.890103022957444,1.6585930585861206,0.20004129994233352,7.817266464233398,17.349905014038086,3.005281323412398,10.825715497021333,-0.9999643930702334,False,0.0,False
corner_recovery,planner,1,306,9.64385220514722,14.753913248317545,1.9750831127166748,0.16896193886141117,7.817266464233398,17.349905014038086,3.174206785418768,10.978402049519826,-0.9997719757260964,False,0.0,False
corner_recovery,planner,1,307,9.744790021453586,14.718542278928673,1.925868034362793,0.10695582376012043,7.817266464233398,17.349905014038086,3.2618119055766006,11.083985213887887,-0.8135328464813812,False,0.0,False
corner_recovery,planner,1,308,9.788828452411789,14.705720948222705,1.664135217666626,0.045866871730391716,7.817266464233398,17.349905014038086,3.2982974467354946,11.128816340870868,-0.7928841117464399,False,0.0,False
corner_recovery,planner,1,309,9.836239486770717,14.764215475913,1.3380928039550781,0.07529552409469063,7.817266464233398,17.349905014038086,3.2805552050381652,11.142937082465124,0.24641528305461746,False,0.0,False
corner_recovery,planner,1,310,9.933402491538024,14.833193388612248,1.7452754974365234,0.11915788658648128,7.817266464233398,17.349905014038086,3.288140673938718,11.196802026399055,-0.045571334761395216,False,0.0,False
corner_recovery,planner,1,311,10.07271157257556,14.888031065808505,2.0625805854797363,0.14971369643357235,7.817266464233398,17.349905014038086,3.338840513369288,11.295651588484683,-0.31849037710590355,False,0.0,False
corner_recovery,planner,1,312,10.204727987701741,14.865817928482903,1.9065805673599243,0.13387216787896628,7.817266464233398,17.349905014038086,3.445382587560317,11.42349766255812,-0.7884993568582942,False,0.0,False
corner_recovery,planner,1,313,10.327695071604367,14.794626279587307,1.625030279159546,0.14208854491474424,7.817266464233398,17.349905014038086,3.582136402126937,11.565344831054723,-0.9609355838113918,False,0.0,False
corner_recovery,planner,1,314,10.43923274848181,14.742103874185872,1.9136486053466797,0.12328526445755632,7.817266464233398,17.349905014038086,3.6980175744241577,11.688586400708441,-0.9379385316556331,False,0.0,False
corner_recovery,planner,1,315,10.555242495892491,14.706324628717555,1.8791351318359375,0.12140187766493608,7.817266464233398,17.349905014038086,3.805920388498835,11.808308222756429,-0.8853593930507653,False,0.0,False
corner_recovery,planner,1,316,10.65509586270939,14.686634602579032,1.5257704257965088,0.10177618579022178,7.817266464233398,17.349905014038086,3.891822835048878,11.906423463409876,-0.8401873258106515,False,0.0,False
corner_recovery,planner,1,317,10.685903204680804,14.698056116445274,2.0511393547058105,0.032856404221101546,7.817266464233398,17.349905014038086,3.9065815394419867,11.928920162536542,-0.44581856067500475,False,0.0,False
corner_recovery,planner,1,318,10.683155165549746,14.708607600510545,2.281381607055664,0.010903464359802918,7.817266464233398,17.349905014038086,3.897405556910902,11.921771588844797,0.8419729520757634,False,0.0,False
corner_recovery,planner,1,319,10.7290818776995,14.6169942859271,2.2840631008148193,0.10248054594825057,7.817266464233398,17.349905014038086,3.9934283579304233,12.003747267254559,-0.9353809216267875,False,0.0,False
corner_recovery,planner,1,320,10.815896177183118,14.480255898037617,1.1731959581375122,0.1619694703252631,7.817266464233398,17.349905014038086,4.150501921978496,12.142947956190577,-0.9685651982843251,False,0.0,False
corner_recovery,planner,1,321,10.895021610780931,14.371879569017196,1.5632792711257935,0.134187417196936,7.817266464233398,17.349905014038086,4.282664158358871,12.26283961752047,-0.9844235644371001,False,0.0,False
corner_recovery,planner,1,322,10.96152154610397,14.269775423487392,1.8637803792953491,0.12185030952910927,7.817266464233398,17.349905014038086,4.401538175962456,12.368929957881186,-0.9748877195820415,False,0.0,False
corner_recovery,planner,1,323,10.990063380078812,14.231486509979387,1.674862027168274,0.047756436050766106,7.817266464233398,17.349905014038086,4.448727260200816,12.411979736637468,-0.9879917550606021,False,0.0,False
corner_recovery,planner,1,324,10.987157072683969,14.307634135661177,1.978318452835083,0.07620306765247233,7.817266464233398,17.349905014038086,4.393588347463078,12.374192889773427,0.7276591112413531,False,0.0,False
corner_recovery,planner,1,325,10.99715690405382,14.372610658207835,1.7167932987213135,0.06574150218607601,7.817266464233398,17.349905014038086,4.35614335054759,12.353338446610078,0.5746336375080425,False,0.0,False
corner_recovery,planner,1,326,11.008687035870526,14.378930477667158,1.7692042589187622,0.013148538234687708,7.817266464233398,17.349905014038086,4.360258588757449,12.360728652819905,-0.31161930386220066,False,0.0,False
corner_recovery,planner,1,327,10.991829880164024,14.362639701606769,1.2924585342407227,0.023442548563733196,7.817266464233398,17.349905014038086,4.359083266997833,12.353143537106938,0.05281771115241794,False,0.0,False
corner_recovery,planner,1,328,10.971342591959175,14.315983437918517,2.2574172019958496,0.05095621570855002,7.817266464233398,17.349905014038086,4.376399930254716,12.356310231948456,-0.3346643416673673,False,0.0,False
corner_recovery,planner,1,329,10.960396203674389,14.251054289279399,2.201017379760742,0.06584540803641513,7.817266464233398,17.349905014038086,4.413857765412908,12.376617539793848,-0.563787170218815,False,0.0,False
corner_recovery,planner,1,330,10.975193064288709,14.169062322565692,1.630273699760437,0.08331644309271256,7.817266464233398,17.349905014038086,4.48221604111518,12.427980406990267,-0.8173809055834464,False,0.0,False
corner_recovery,planner,1,331,10.998987126580442,14.081656261129464,1.582324743270874,0.09058684769952302,7.817266464233398,17.349905014038086,4.561227497515868,12.490176556883029,-0.8698002336755388,False,0.0,False
corner_recovery,planner,1,332,11.044836919153271,13.960888332567512,1.6044384241104126,0.12917854329615314,7.817266464233398,17.349905014038086,4.680026186759802,12.588061498992223,-0.9174629849251721,False,0.0,False
corner_recovery,planner,1,333,11.119442503845507,13.832804658064997,1.0436327457427979,0.1482275984469035,7.817266464233398,17.349905014038086,4.824350890075714,12.715199565162587,-0.9728466104017461,False,0.0,False
corner_recovery,planner,1,334,11.196993407350197,13.686823213816451,1.1379501819610596,0.16530191982939946,7.817266464233398,17.349905014038086,4.984046798049211,12.854137952342453,-0.9649439068150636,False,0.0,False
corner_recovery,planner,1,335,11.360089054547327,13.584086884458747,1.0103379487991333,0.1927561763071297,7.817266464233398,17.349905014038086,5.170394384523015,13.046668710188829,-0.9654884234237783,False,0.0,False
corner_recovery,planner,1,336,11.510532576505915,13.472965315148432,0.9198059439659119,0.18703276842652783,7.817266464233398,17.349905014038086,5.354519213233542,13.232329423501339,-0.9838941956387632,False,0.0,False
corner_recovery,planner,1,337,11.523521912677602,13.390434521693232,1.5647304058074951,0.08354672179401207,7.817266464233398,17.349905014038086,5.4234431894205315,13.284498977529616,-0.8224833042936384,False,0.0,False
corner_recovery,planner,1,338,11.511767712211329,13.302642829179483,2.4635777473449707,0.08857506705066574,7.817266464233398,17.349905014038086,5.479933454367573,13.318235203413861,-0.6329226430277958,False,0.0,False
corner_recovery,planner,1,339,11.46890389013185,13.199803447583701,2.654146432876587,0.11141474610779346,7.817266464233398,17.349905014038086,5.527910898532049,13.333357776365862,-0.4223395973525664,False,0.0,False
corner_recovery,planner,1,340,11.45316300341008,13.122258035396136,1.84884512424469,0.07912690102693856,7.817266464233398,17.349905014038086,5.57608667612129,13.359576240074174,-0.6043379569539558,False,0.0,False
corner_recovery,planner,1,341,11.44875839046264,13.07323995526502,2.0865817070007324,0.04921557471936379,7.817266464233398,17.349905014038086,5.610489963915683,13.38110882552435,-0.6967758812041519,False,0.0,False
corner_recovery,planner,1,342,11.439376759471545,13.021355867273583,1.7047467231750488,0.05272545482740105,7.817266464233398,17.349905014038086,5.6441138105840745,13.40003039460637,-0.6349277276156816,False,0.0,False
corner_recovery,planner,1,343,11.355907457978901,13.031953018319472,1.8005043268203735,0.08413931246426477,7.817266464233398,17.349905014038086,5.582713454938067,13.32329962633461,0.7332307374053938,False,0.0,False
corner_recovery,planner,1,344,11.27199916011915,13.022889946093848,1.6055638790130615,0.0843963371710393,7.817266464233398,17.349905014038086,5.536988116136651,13.256622110101997,0.5471328666569437,False,0.0,False
corner_recovery,planner,1,345,11.192697216502589,12.980347598598353,2.114211082458496,0.08999249741945989,7.817266464233398,17.349905014038086,5.521464006057534,13.211812548504035,0.18038915061775287,False,0.0,False
corner_recovery,planner,1,346,11.112200485359752,12.893153297805608,2.320753574371338,0.11867000385698986,7.817266464233398,17.349905014038086,5.542492766230464,13.190461313969305,-0.16679486963494208,False,0.0,False
corner_recovery,planner,1,347,11.01355112422507,12.706800085545005,1.5697578191757202,0.21085354199568454,7.817266464233398,17.349905014038086,5.636901542930728,13.20943122765419,-0.43253757089833034,False,0.0,False
corner_recovery,planner,1,348,10.892120135817722,12.535687298637063,1.4524840116500854,0.2098215212722198,7.817266464233398,17.349905014038086,5.71239155808989,13.204326758938297,-0.3435797383088412,False,0.0,False
corner_recovery,planner,1,349,10.780183468759269,12.388658010709367,2.1304519176483154,0.18479022955957441,7.817266464233398,17.349905014038086,5.778654601526791,13.196396572475734,-0.34449047661582083,False,0.0,False
corner_recovery,planner,1,350,10.813966954483162,12.366631933750183,2.1897988319396973,0.04032954219760465,7.817266464233398,17.349905014038086,5.8149139650544495,13.236698581122722,-0.8984081882932181,False,0.0,False
corner_recovery,planner,1,351,10.89371677111385,12.399203244774052,2.1226465702056885,0.08614478251433433,7.817266464233398,17.349905014038086,5.828721514954961,13.283266782064585,-0.15306613542400568,False,0.0,False
corner_recovery,planner,1,352,10.987966125415843,12.38585211859526,1.6040161848068237,0.09519030074847297,7.817266464233398,17.349905014038086,5.890259543532592,13.368270177296177,-0.6417207488165729,False,0.0,False
corner_recovery,planner,1,353,11.055609711202502,12.34332267118246,1.2486671209335327,0.07990249429970996,7.817266464233398,17.349905014038086,5.962611318959516,13.448093314818408,-0.9042795065223241,False,0.0,False
corner_recovery,planner,1,354,11.032802237061325,12.284358570669218,2.025045156478882,0.06322140480910009,7.817266464233398,17.349905014038086,5.9999525895012775,13.463054923311832,-0.5871908319667256,False,0.0,False
corner_recovery,planner,1,355,11.035933707870585,12.234818919738204,2.5146868228912354,0.04963852459326218,7.817266464233398,17.349905014038086,6.043502674555793,13.494067956467758,-0.8763919543555303,False,0.0,False
corner_recovery,planner,1,356,11.118771067102763,12.209257167529772,1.5978318452835083,0.08669158702276804,7.817266464233398,17.349905014038086,6.1095165868158645,13.576551252962872,-0.7584666024523249,False,0.0,False
corner_recovery,planner,1,357,11.210878179099348,12.20940502001255,1.9370834827423096,0.09210723066463396,7.817266464233398,17.349905014038086,6.159654264636282,13.652002039584215,-0.5390358509419086,False,0.0,False
corner_recovery,planner,1,358,11.267067667168279,12.174274729932646,1.9998679161071777,0.06626760785290736,7.817266464233398,17.349905014038086,6.219990126802477,13.71819192966477,-0.9095681066872382,False,0.0,False
corner_recovery,planner,1,359,11.245797437884,12.07014678447288,1.3100320100784302,0.10627818063684426,7.817266464233398,17.349905014038086,6.295289635905806,13.76046990599246,-0.7042587166685368,False,0.0,False
corner_recovery,planner,1,360,11.237825382882079,11.972221153291297,2.0500142574310303,0.09824959492672314,7.817266464233398,17.349905014038086,6.373359163116693,13.810646347937972,-0.7917276866003514,False,0.0,False
corner_recovery,planner,1,361,11.230324854314569,11.848158654553615,1.8496729135513306,0.12428902414062769,7.817266464233398,17.349905014038086,6.474425115653443,13.877057096328626,-0.8098493176370761,False,0.0,False
corner_recovery,planner,1,362,11.204790447763578,11.79084946551506,1.0947998762130737,0.06274033045950556,7.817266464233398,17.349905014038086,6.509870761432734,13.890193716292378,-0.5616591559776467,False,0.0,False
corner_recovery,planner,1,363,11.169909069993325,11.761148753968445,0.730323851108551,0.04581312892093645,7.817266464233398,17.349905014038086,6.517239367740324,13.879680777530687,-0.15741277980132862,False,0.0,False
corner_recovery,planner,1,364,11.133597544184205,11.722645489096939,1.7169557809829712,0.052924741967739324,7.817266464233398,17.349905014038086,6.531776296911013,13.873413133581506,-0.27091767343436624,False,0.0,False
corner_recovery,planner,1,365,11.059550425759786,11.691896664467418,2.474094867706299,0.08017771487799438,7.817266464233398,17.349905014038086,6.521155094841913,13.832506521010973,0.13850055875110262,False,0.0,False
corner_recovery,planner,1,366,11.020195538578307,11.710924602656643,1.7973347902297974,0.043713494218604584,7.817266464233398,17.349905014038086,6.4851256530022265,13.789614956602092,0.8252926037450735,False,0.0,False
corner_recovery,planner,1,367,11.02948078686586,11.748729844211152,1.15364408493042,0.03892880841685582,7.817266464233398,17.349905014038086,6.456894310549842,13.774356812993299,0.726627277789547,False,0.0,False
corner_recovery,planner,1,368,11.065117201601472,11.774099917264575,1.3587182760238647,0.043744652952612886,7.817266464233398,17.349905014038086,6.452761958218186,13.787757281600351,0.09782252208860576,False,0.0,False
corner_recovery,planner,1,369,11.063737462201098,11.867628470254628,1.7765600681304932,0.0935387294398747,7.817266464233398,17.349905014038086,6.371415073840637,13.731050700158567,0.8714261916877262,False,0.0,False
corner_recovery,planner,1,370,11.038845172477682,12.049692370006778,1.3636350631713867,0.18375769284749754,7.817266464233398,17.349905014038086,6.202485263615083,13.603804400000108,0.9215407735478545,False,0.0,False
corner_recovery,planner,1,371,11.017784479716617,12.218581230026674,1.7298704385757446,0.17019694420992415,7.817266464233398,17.349905014038086,6.047627579786461,13.488589730404641,0.9122351054777537,False,0.0,False
corner_recovery,planner,1,372,10.989039367201654,12.372649273442054,1.8170170783996582,0.15672665215381015,7.817266464233398,17.349905014038086,5.901967303814875,13.376676168608993,0.9311558592473475,False,0.0,False
corner_recovery,planner,1,373,10.999137190811627,12.444505123708986,2.147279977798462,0.07256189950133504,7.817266464233398,17.349905014038086,5.846986352361036,13.344156839903945,0.7603289876472762,False,0.0,False
corner_recovery,planner,1,374,11.090739493633189,12.475584417737242,1.8222532272338867,0.0967310932405287,7.817266464233398,17.349905014038086,5.871509767489998,13.40228832588799,-0.24578131743669343,False,0.0,False
corner_recovery,planner,1,375,11.19106482157968,12.490410609088846,2.199613094329834,0.10141492679859984,7.817266464233398,17.349905014038086,5.9158432389445075,13.477160853120496,-0.43016355461485806,False,0.0,False
corner_recovery,planner,1,376,11.294387494759498,12.502753843330497,2.2226085662841797,0.10405734104121517,7.817266464233398,17.349905014038086,5.96533696723151,13.556249068804961,-0.4688338545345992,False,0.0,False
corner_recovery,planner,1,377,11.379773597738343,12.473217800192893,1.0707169771194458,0.09035023202040092,7.817266464233398,17.349905014038086,6.03933235200339,13.643742060707384,-0.8164903874813683,False,0.0,False
corner_recovery,planner,1,378,11.425196533419093,12.474854980529862,1.1802978515625,0.045452430576520285,7.817266464233398,17.349905014038086,6.064921451539403,13.680750103386433,-0.5604160572081104,False,0.0,False
corner_recovery,planner,1,379,11.458211573354829,12.49794422861299,1.363287329673767,0.040287792679699286,7.817266464233398,17.349905014038086,6.066135899478199,13.695672793140309,-0.02682595576067745,False,0.0,False
corner_recovery,planner,1,380,11.473252588550046,12.529035739240454,1.8405745029449463,0.03453858959483529,7.817266464233398,17.349905014038086,6.05037313773983,13.691268456436633,0.4586350508372796,False,0.0,False
corner_recovery,planner,1,381,11.466560519814704,12.541739890986728,1.1148587465286255,0.01435894339952938,7.817266464233398,17.349905014038086,6.036207331978296,13.67872998520959,0.9865810209910407,False,0.0,False
corner_recovery,planner,1,382,11.441327297604953,12.544947122334792,1.3308120965957642,0.025436230774363577,7.817266464233398,17.349905014038086,6.018424815931449,13.655833322785709,0.7001790551453613,False,0.0,False
corner_recovery,planner,1,383,11.382576371900477,12.544838828605034,2.2876789569854736,0.058751025511601246,7.817266464233398,17.349905014038086,5.983318124928774,13.606706910697467,0.6006883819151548,False,0.0,False
corner_recovery,planner,1,384,11.296090783991907,12.540021417212788,2.3336551189422607,0.08661965347663916,7.817266464233398,17.349905014038086,5.936092895394437,13.537095237008225,0.550289084002483,False,0.0,False
corner_recovery,planner,1,385,11.224518372458016,12.552131412039284,2.1751174926757812,0.07258968292722062,7.817266464233398,17.349905014038086,5.884555811795557,13.470729720292791,0.7130103324765951,False,0.0,False
corner_recovery,planner,1,386,11.162606305254892,12.568307427317727,1.5331475734710693,0.0639903706478765,7.817266464233398,17.349905014038086,5.835663983922967,13.410213794752757,0.7663128602627971,False,0.0,False
corner_recovery,planner,1,387,11.105565271355577,12.596631442990024,2.198606252670288,0.06368617912944179,7.817266464233398,17.349905014038086,5.779837254295759,13.347038847147447,0.8778546640922347,False,0.0,False
corner_recovery,planner,1,388,11.02501160179758,12.634862054832864,1.714832067489624,0.08916542693856637,7.817266464233398,17.349905014038086,5.702741356112637,13.258813588368758,0.8665857982167358,False,0.0,False
corner_recovery,planner,1,389,10.992440435740317,12.702022119426552,1.385633111000061,0.07464151080034588,7.817266464233398,17.349905014038086,5.628902659609376,13.194477173372126,0.9893844189871794,False,0.0,False
corner_recovery,planner,1,390,11.062001470204226,12.700273658481642,1.5398201942443848,0.06958300533438498,7.817266464233398,17.349905014038086,5.669865695194742,13.253447898107776,-0.584654277894944,False,0.0,False
corner_recovery,planner,1,391,11.12988761569018,12.690939729129433,1.8540364503860474,0.06852482021933434,7.817266464233398,17.349905014038086,5.716591328673306,13.315282962863094,-0.6786457671467893,False,0.0,False
corner_recovery,planner,1,392,11.123563056992378,12.670553207538896,2.115593671798706,0.02134502999021897,7.817266464233398,17.349905014038086,5.729566343823664,13.321202849833192,-0.6066934600788773,False,0.0,False
corner_recovery,planner,1,393,11.09292011442148,12.644167446216246,1.9916324615478516,0.04043758561016273,7.817266464233398,17.349905014038086,5.73357418136369,13.310189676493776,-0.09561750440646209,False,0.0,False
corner_recovery,planner,1,394,11.07491690358507,12.544633169732405,1.560860276222229,0.1011493341331609,7.817266464233398,17.349905014038086,5.805421938385276,13.35051605726043,-0.7059433916185524,False,0.0,False
corner_recovery,planner,1,395,10.98449535536252,12.501410211351853,1.8421034812927246,0.1002211580163077,7.817266464233398,17.349905014038086,5.791307339494116,13.299924324235798,0.1492950040421011,False,0.0,False
corner_recovery,planner,1,396,10.870719126353118,12.489396926339042,1.6947993040084839,0.11440869418186352,7.817266464233398,17.349905014038086,5.740044601777395,13.212936571941338,0.45596135475223615,False,0.0,False
corner_recovery,planner,1,397,10.870920260435467,12.527134456147314,1.822971224784851,0.037738065808269605,7.817266464233398,17.349905014038086,5.708232420033138,13.191687789864003,0.8439246173320974,False,0.0,False
corner_recovery,planner,1,398,10.969732208931829,12.581760956144025,2.0941977500915527,0.11290640224335548,7.817266464233398,17.349905014038086,5.716050911978257,13.242556220287138,-0.059405188891617694,False,0.0,False
corner_recovery,planner,1,399,11.031181068332964,12.591987659370208,1.3009039163589478,0.062294042897992535,7.817266464233398,17.349905014038086,5.741691792171907,13.28779901267591,-0.4070846177996615,False,0.0,False
corner_recovery,planner,1,400,11.012565549908466,12.543325452499763,1.9847913980484009,0.05210132343534838,7.817266464233398,17.349905014038086,5.771753921323557,13.299571244907431,-0.5739669752323512,False,0.0,False
corner_recovery,planner,1,401,11.031070386048098,12.507801382407862,2.375580072402954,0.04005481889172543,7.817266464233398,17.349905014038086,5.811583538702523,13.334824857769856,-0.9943387592531803,False,0.0,False
corner_recovery,planner,1,402,11.068756948017082,12.49870620243091,1.5594102144241333,0.038768534301095815,7.817266464233398,17.349905014038086,5.840061667129443,13.371117717368467,-0.7330324207911995,False,0.0,False
corner_recovery,planner,1,403,11.112817460430158,12.498378380530998,1.8444530963897705,0.04406173193714522,7.817266464233398,17.349905014038086,5.864978008838744,13.407797687559508,-0.5629210588216121,False,0.0,False
corner_recovery,planner,1,404,11.157326434001908,12.493130739642295,1.379317283630371,0.04481725631168773,7.817266464233398,17.349905014038086,5.894425922350944,13.44763991364214,-0.6548952105886982,False,0.0,False
corner_recovery,planner,1,405,11.149294706917098,12.508272695462331,0.9450318217277527,0.017140229462314326,7.817266464233398,17.349905014038086,5.877398720379541,13.432525840929728,0.993424831010624,False,0.0,False
corner_recovery,planner,1,406,11.108714566920515,12.536240108158559,1.330212950706482,0.04928411442912853,7.817266464233398,17.349905014038086,5.8313806631687815,13.383245161483556,0.9342673059071339,False,0.0,False
corner_recovery,planner,1,407,11.068623566062975,12.557675390600574,1.9212566614151,0.04546162868978893,7.817266464233398,17.349905014038086,5.791095558473341,13.33801421647454,0.886971377828495,False,0.0,False
corner_recovery,planner,1,408,11.03128431615232,12.586665795615723,1.8488702774047852,0.04727222405210824,7.817266464233398,17.349905014038086,5.746160335769479,13.290852406436617,0.950956482385524,False,0.0,False
corner_recovery,planner,1,409,11.001941794227998,12.62180912314558,2.072413682937622,0.04578249734068844,7.817266464233398,17.349905014038086,5.700618186736488,13.246902425053133,0.994791931972317,False,0.0,False
corner_recovery,planner,1,410,10.97394664860096,12.663232895564617,1.6379190683364868,0.0499965708834442,7.817266464233398,17.349905014038086,5.650621676634829,13.200593039370064,0.999998794943227,False,0.0,False
corner_recovery,planner,1,411,10.927706090798528,12.743705078251853,1.8006170988082886,0.09281142910400582,7.817266464233398,17.349905014038086,5.558049344774092,13.117491238733997,0.9974660972987575,False,0.0,False
corner_recovery,planner,1,412,10.904070097139762,12.841143176275317,1.92204749584198,0.10026386758283029,7.817266464233398,17.349905014038086,5.464182461978171,13.044078185365457,0.9373127283552497,False,0.0,False
corner_recovery,planner,1,413,10.910782636076148,12.946706619636267,1.5660486221313477,0.10577664559435107,7.817266464233398,17.349905014038086,5.381263643970194,12.992079327081697,0.7876360041394161,False,0.0,False
corner_recovery,planner,1,414,10.986073942236601,13.044736839539722,1.6348885297775269,0.12360705804146821,7.817266464233398,17.349905014038086,5.345635027137805,13.0026730442454,0.29877170314608814,False,0.0,False
corner_recovery,planner,1,415,11.080596174568436,13.131958660565362,1.4217451810836792,0.12861608946015338,7.817266464233398,17.349905014038086,5.3329534255541,13.036472046686702,0.11051348295401912,False,0.0,False
corner_recovery,planner,1,416,11.153806777867093,13.227620941893917,1.504935383796692,0.12046187988047122,7.817266464233398,17.349905014038086,5.303369422919389,13.048851433925812,0.2562010055928792,False,0.0,False
corner_recovery,planner,1,417,11.228522923389807,13.309440430285582,1.457650899887085,0.110801313541154,7.817266464233398,17.349905014038086,5.287913074426869,13.070704433846997,0.1497391128822639,False,0.0,False
corner_recovery,planner,1,418,11.29443377229086,13.362256536927932,1.490982174873352,0.08446171395202415,7.817266464233398,17.349905014038086,5.290749745094971,13.100529474728123,-0.02560799313563429,False,0.0,False
corner_recovery,planner,1,419,11.343521275152087,13.385536453185274,1.6710847616195679,0.05432805387734594,7.817266464233398,17.349905014038086,5.30572248405487,13.131131060650063,-0.27085438292467334,False,0.0,False
corner_recovery,planner,1,420,11.3776546171558,13.402364367275338,1.7692030668258667,0.038056060344772914,7.817266464233398,17.349905014038086,5.315960962734231,13.152179307228321,-0.2657100056094868,False,0.0,False
corner_recovery,planner,1,421,11.39488672451232,13.411834389988037,1.7450188398361206,0.019662829250280282,7.817266464233398,17.349905014038086,5.320504390258893,13.162346658913501,-0.2293161542938335,False,0.0,False
corner_recovery,planner,1,422,11.395664642778236,13.412863416215165,1.5365134477615356,0.001289981319462799,7.817266464233398,17.349905014038086,5.320265977110643,13.162505119623033,0.18493615682158843,False,0.0,False
corner_recovery,planner,1,423,11.37765816122066,13.404122788857816,1.6650853157043457,0.020015792382100814,7.817266464233398,17.349905014038086,5.3146576940123245,13.151300369851489,0.2819263179945994,False,0.0,False
corner_recovery,planner,1,424,11.34036650269721,13.387713210419811,1.7502262592315674,0.040742386527333786,7.817266464233398,17.349905014038086,5.301999412455979,13.127309282680653,0.314153747870552,False,0.0,False
corner_recovery,planner,1,425,11.288631362230017,13.3634099547738,2.0824577808380127,0.05715918993613787,7.817266464233398,17.349905014038086,5.28606820922523,13.094942743697608,0.2836879985723349,False,0.0,False
corner_recovery,planner,1,426,11.228151305277944,13.335126825545789,1.9673213958740234,0.06676655366165334,7.817266464233398,17.349905014038086,5.268071687217341,13.057255307520572,0.27540046942454194,False,0.0,False
corner_recovery,planner,1,427,11.180983142315457,13.31227897682111,2.0306472778320312,0.05241049311542053,7.817266464233398,17.349905014038086,5.255189236061805,13.02843031652744,0.25047289943630263,False,0.0,False
corner_recovery,planner,1,428,11.140266536311405,13.293002316762552,2.0131144523620605,0.04504921339493546,7.817266464233398,17.349905014038086,5.244119466048799,13.003436331332276,0.24975351577250754,False,0.0,False
corner_recovery,planner,1,429,11.103687041352057,13.274518144180716,1.9888827800750732,0.04098443713796798,7.817266464233398,17.349905014038086,5.235392855241599,12.981678323901113,0.21665548359268116,False,0.0,False
corner_recovery,planner,1,430,11.070240348035751,13.256418342782025,1.9943448305130005,0.038030042130755455,7.817266464233398,17.349905014038086,5.2286204888527905,12.962488762997847,0.18159621647898924,False,0.0,False
corner_recovery,planner,1,431,11.039354175039126,13.237909875690951,1.994472861289978,0.036007208117804106,7.817266464233398,17.349905014038086,5.2240169634023745,12.945779368243217,0.13123710539859024,False,0.0,False
corner_recovery,planner,1,432,11.026096650153224,13.21254505764063,2.098729372024536,0.0286205513718055,7.817266464233398,17.349905014038086,5.235870373765132,12.947754706244584,-0.411887844798977,False,0.0,False
corner_recovery,planner,1,433,11.016073560694464,13.185178418157502,1.9981733560562134,0.029144386747671426,7.817266464233398,17.349905014038086,5.251410711304606,12.953596793438411,-0.5312270540692277,False,0.0,False
corner_recovery,planner,1,434,11.00741542451023,13.179177777877173,2.016655921936035,0.010534277666676835,7.817266464233398,17.349905014038086,5.250906213903443,12.94939419870869,0.0488917239814974,False,0.0,False
corner_recovery,planner,1,435,11.013993864653594,13.184542166259291,1.948688268661499,0.008488376607693056,7.817266464233398,17.349905014038086,5.250648886209507,12.952162998284287,0.031122835724487916,False,0.0,False
corner_recovery,planner,1,436,11.02533251961238,13.191443250544113,1.977970004081726,0.013273660406256481,7.817266464233398,17.349905014038086,5.252094063715564,12.95817896845786,-0.1076265637415391,False,0.0,False
corner_recovery,planner,1,437,11.03683762168625,13.195781502568147,1.96187162399292,0.012295845003666173,7.817266464233398,17.349905014038086,5.255699818906101,12.965692193178995,-0.292179987102044,False,0.0,False
corner_recovery,planner,1,438,11.04869746758046,13.197442647529932,1.9763506650924683,0.011975614690632661,7.817266464233398,17.349905014038086,5.261662288161327,12.9749181987311,-0.49702731414266765,False,0.0,False
corner_recovery,planner,1,439,11.061764587741983,13.196981283818527,1.9873086214065552,0.013075262360269485,7.817266464233398,17.349905014038086,5.270061060601809,12.986288902043492,-0.641610799261583,False,0.0,False
corner_recovery,planner,1,440,11.075686232451018,13.19891002084732,1.976757526397705,0.014054615538349826,7.817266464233398,17.349905014038086,5.2771259999554845,12.997140086351152,-0.5016810252283972,False,0.0,False
corner_recovery,planner,1,441,11.091244164610815,13.201772450566187,2.017575263977051,0.015819063088069355,7.817266464233398,17.349905014038086,5.28449938468201,13.008904447834734,-0.4649343468861956,False,0.0,False
corner_recovery,planner,1,442,11.109166907934318,13.20435545137639,2.027754783630371,0.018107915987922843,7.817266464233398,17.349905014038086,5.293598937180913,13.02284048199857,-0.5012372784823967,False,0.0,False
corner_recovery,planner,1,443,11.13012728790695,13.206781372182485,2.039804697036743,0.021100299058414877,7.817266464233398,17.349905014038086,5.304763929595153,13.039461368106345,-0.5277040756669747,False,0.0,False
corner_recovery,planner,1,444,11.154924440131536,13.208930909390915,2.0508873462677,0.024890144006407967,7.817266464233398,17.349905014038086,5.318611407071859,13.059516019304466,-0.5547239249047631,False,0.0,False
corner_recovery,planner,1,445,11.18450017846938,13.210510073654667,2.0588200092315674,0.029617867208840475,7.817266464233398,17.349905014038086,5.3359960043799965,13.083967964731738,-0.585138095966169,False,0.0,False
corner_recovery,planner,1,446,11.214225973567538,13.214121554095993,2.036257028579712,0.0299443765204053,7.817266464233398,17.349905014038086,5.3520125873904885,13.107517326664931,-0.5328746889369969,False,0.0,False
corner_recovery,planner,1,447,11.219683161071755,13.230051990377186,2.2236297130584717,0.01683923084838909,7.817266464233398,17.349905014038086,5.3431852218964195,13.103949263021168,0.5253551535291244,False,0.0,False
corner_recovery,planner,1,448,11.226448661777816,13.245617535863746,2.2087364196777344,0.016972277575442493,7.817266464233398,17.349905014038086,5.335512998723972,13.101711034340678,0.4533080825312272,False,0.0,False
corner_recovery,planner,1,449,11.235807862305357,13.26209267171843,2.2070674896240234,0.01894794806687553,7.817266464233398,17.349905014038086,5.328849316348953,13.101250836586306,0.35323961907059764,False,0.0,False
corner_recovery,planner,1,450,11.247102815637966,13.280567971065704,2.1992220878601074,0.021654391165701545,7.817266464233398,17.349905014038086,5.321962172612974,13.10145368029821,0.3198746468372371,False,0.0,False
corner_recovery,planner,1,451,11.26082394463114,13.301628933940604,2.1916229724884033,0.02513629921180195,7.817266464233398,17.349905014038086,5.314755623873282,13.102455145910621,0.28886632785263405,False,0.0,False
corner_recovery,planner,1,452,11.276771430116062,13.32412115902156,2.1847896575927734,0.027572132351056974,7.817266464233398,17.349905014038086,5.308023196659801,13.104691228201657,0.2466143345597801,False,0.0,False
corner_recovery,planner,1,453,11.278171872641817,13.32359187647975,2.1735758781433105,0.0014971236679074116,7.817266464233398,17.349905014038086,5.309337409472626,13.10616596189199,-0.8777927987035745,False,0.0,False
corner_recovery,planner,1,454,11.275848268553512,13.322251028247065,2.2378785610198975,0.00268272435078279,7.817266464233398,17.349905014038086,5.308840243069334,13.104849694108994,0.18556542901559694,False,0.0,False
corner_recovery,planner,1,455,11.275476662774386,13.322001214315645,2.176866054534912,0.00044776986880691957,7.817266464233398,17.349905014038086,5.308787695614826,13.10465725436463,0.11739529947213283,False,0.0,False
corner_recovery,planner,1,456,11.275550778856278,13.32206707081944,2.246453285217285,9.914773162903458e-05,7.817266464233398,17.349905014038086,5.308786009776478,13.104687465681907,0.0,False,0.0,False
corner_recovery,planner,1,457,11.275533407140934,13.322028509607906,2.12432599067688,4.229354003848637e-05,7.817266464233398,17.349905014038086,5.308803950359037,13.104692168915713,0.0,False,0.0,False
corner_recovery,planner,1,458,11.275168147710028,13.321604656444483,2.2252581119537354,0.0005595229718326862,7.817266464233398,17.349905014038086,5.3088876258194855,13.104593893896856,-0.14949633624653863,False,0.0,False
corner_recovery,planner,1,459,11.27491362825123,13.321441480937683,2.040497064590454,0.0003023349151626094,7.817266464233398,17.349905014038086,5.308845670045452,13.104458066515576,0.1388004327381988,False,0.0,False
corner_recovery,planner,1,460,11.275252850035272,13.321736163318514,2.0421698093414307,0.00044934299186818354,7.817266464233398,17.349905014038086,5.308843012775811,13.104599753695503,0.005955996459085565,False,0.0,False
corner_recovery,planner,1,461,11.275649411593303,13.321968364798453,2.1319785118103027,0.000459541724540318,7.817266464233398,17.349905014038086,5.308925151184332,13.104822630387526,-0.17869792933914783,False,0.0,False
corner_recovery,planner,1,462,11.275448513416642,13.321760794611995,2.1977906227111816,0.0002888692778610691,7.817266464233398,17.349905014038086,5.308951773918185,13.104755551443567,-0.09213489860889841,False,0.0,False
corner_recovery,planner,1,463,11.275143756701008,13.32134748933959,2.1519663333892822,0.0005135152421511379,7.817266464233398,17.349905014038086,5.309066876539416,13.104703968133897,-0.2241005219181066,False,0.0,False
corner_recovery,planner,1,464,11.274783988951974,13.32103693607491,2.1112582683563232,0.0004752643090415919,7.817266464233398,17.349905014038086,5.30906822553325,13.104552705331207,-0.002793648290269945,False,0.0,False
corner_recovery,planner,1,465,11.274777148180169,13.3210686578414,2.185563802719116,3.245098809182607e-05,7.817266464233398,17.349905014038086,5.309039697969705,13.104530652197896,0.0,False,0.0,False
corner_recovery,planner,1,466,11.27505994885641,13.32134298640724,2.017298460006714,0.0003939954117982092,7.817266464233398,17.349905014038086,5.309015708468991,13.104634155729707,0.06092473522666761,False,0.0,False
corner_recovery,planner,1,467,11.275337420061373,13.321753862995786,2.0087077617645264,0.000495792134466971,7.817266464233398,17.349905014038086,5.308884669229913,13.104663498260761,0.2643462108654123,False,0.0,False
corner_recovery,planner,1,468,11.27557308666849,13.321786573264118,2.1724185943603516,0.00023792585266179525,7.817266464233398,17.349905014038086,5.309013361038161,13.104849598749244,-0.5408745417960424,False,0.0,False
corner_recovery,planner,1,469,11.275516291496775,13.321735371673961,2.169565200805664,7.64676033679836e-05,7.817266464233398,17.349905014038086,5.309015213335812,13.104826823951544,0.0,False,0.0,False
corner_recovery,planner,1,470,11.275525127305038,13.321720692238182,2.067953586578369,1.713351518064063e-05,7.817266464233398,17.349905014038086,5.309032106806719,13.104841907057367,0.0,False,0.0,False
corner_recovery,planner,1,471,11.275486735778072,13.321733587973752,2.217026710510254,4.0499498004451824e-05,7.817266464233398,17.349905014038086,5.30899731439786,13.104802302923352,0.0,False,0.0,False
corner_recovery,planner,1,472,11.275392940965817,13.321743850400232,2.2674272060394287,9.435456641399983e-05,7.817266464233398,17.349905014038086,5.308928431361459,13.104716371324063,0.0,False,0.0,False
corner_recovery,planner,1,473,11.275462344147149,13.321729499055005,2.1783382892608643,7.087145186031333e-05,7.817266464233398,17.349905014038086,5.308984528453784,13.104783399891524,0.0,False,0.0,False
corner_recovery,planner,1,474,11.275473720716393,13.321734754954292,2.028820037841797,1.2531991265641357e-05,7.817266464233398,17.349905014038086,5.308987951103189,13.104790509952892,0.0,False,0.0,False
corner_recovery,planner,1,475,11.275505729284014,13.321719791772589,2.154744863510132,3.533334413556242e-05,7.817266464233398,17.349905014038086,5.309020154342602,13.104825675708875,0.0,False,0.0,False
corner_recovery,planner,1,476,11.275538859640827,13.321720798854308,2.1495821475982666,3.3145659688416275e-05,7.817266464233398,17.349905014038086,5.309040971050495,13.104853668153853,0.0,False,0.0,False
corner_recovery,planner,1,477,11.275461069367841,13.321729117032625,2.120311737060547,7.823374375369688e-05,7.817266464233398,17.349905014038086,5.30898398793938,13.104782497741793,0.0,False,0.0,False
corner_recovery,planner,1,478,11.27541702246461,13.321728061765617,2.0258171558380127,4.4059542356463376e-05,7.817266464233398,17.349905014038086,5.308956097220428,13.104745137220087,0.0,False,0.0,False
corner_recovery,planner,1,479,11.27535489361394,13.321615807492313,2.231865406036377,0.00012830049088252574,7.817266464233398,17.349905014038086,5.309000802127342,13.104748887318687,-0.34842847850471675,False,0.0,False
corner_recovery,planner,1,480,11.27512702605183,13.321298656196113,1.9647904634475708,0.00039052345709690193,7.817266464233398,17.349905014038086,5.309093034730513,13.104714460579912,-0.23614213041356813,False,0.0,False
corner_recovery,planner,1,481,11.275012401531708,13.321130719101173,2.148531436920166,0.00020332645787041732,7.817266464233398,17.349905014038086,5.309145815142712,13.104701428343487,-0.25956671667582354,False,0.0,False
corner_recovery,planner,1,482,11.274699454956696,13.320702610276566,2.1482653617858887,0.0005302949410640113,7.817266464233398,17.349905014038086,5.309266888735154,13.104650373816431,-0.22826634725504272,False,0.0,False
corner_recovery,planner,1,483,11.274421226825583,13.3204574808414,2.236327886581421,0.0003708090248739393,7.817266464233398,17.349905014038086,5.3092717462283545,13.10453594238052,-0.01306480183495556,False,0.0,False
corner_recovery,planner,1,484,11.274434329667981,13.320528328644903,2.052725076675415,7.204925912262517e-05,7.817266464233398,17.349905014038086,5.309226508879016,13.104511103525807,0.0,False,0.0,False
corner_recovery,planner,1,485,11.27444962995465,13.320529845483792,1.995581865310669,1.5375290969229614e-05,7.817266464233398,17.349905014038086,5.309235320675508,13.104523493948848,0.0,False,0.0,False
corner_recovery,planner,1,486,11.274864866068944,13.32087133524142,2.2679765224456787,0.0005376209493485222,7.817266464233398,17.349905014038086,5.309246565498113,13.10470669143402,-0.020865285074371295,False,0.0,False
corner_recovery,planner,1,487,11.275215701830831,13.321282016317218,2.1632018089294434,0.0005401339443480063,7.817266464233398,17.349905014038086,5.3091634169204225,13.104799236477463,0.15399032519705722,False,0.0,False
corner_recovery,planner,1,488,11.275450788557391,13.321452816662822,2.1902685165405273,0.0002905830811715266,7.817266464233398,17.349905014038086,5.309186936578687,13.104914458524346,-0.08091234395313812,False,0.0,False
corner_recovery,planner,1,489,11.275286489238958,13.321283319155887,2.261385202407837,0.00023605861749715948,7.817266464233398,17.349905014038086,5.309208533653107,13.104859477209208,-0.09146825785144977,False,0.0,False
corner_recovery,planner,1,490,11.275326307625175,13.321287082388414,2.2818915843963623,3.9995822281295225e-05,7.817266464233398,17.349905014038086,5.30923161292555,13.104891818679626,0.0,False,0.0,False
corner_recovery,planner,1,491,11.275285118869201,13.321319334299538,2.1498234272003174,5.2313472354920666e-05,7.817266464233398,17.349905014038086,5.309180312892349,13.104839943554992,0.0,False,0.0,False
corner_recovery,planner,1,492,11.27526922247432,13.321319115979534,2.1258420944213867,1.5897894006647775e-05,7.817266464233398,17.349905014038086,5.309170124797099,13.104826377707452,0.0,False,0.0,False
corner_recovery,planner,1,493,11.27527000288176,13.321330317543456,2.2156267166137695,1.1228716314239293e-05,7.817266464233398,17.349905014038086,5.309162133382384,13.104821340455178,0.0,False,0.0,False
corner_recovery,planner,1,494,11.275218671548839,13.321190065683547,2.2150661945343018,0.00014935022580291266,7.817266464233398,17.349905014038086,5.309235124118449,13.104848653455242,-0.4887112607499235,False,0.0,False
corner_recovery,planner,1,495,11.275093911853418,13.321087068918207,2.1678783893585205,0.00016178169016333585,7.817266464233398,17.349905014038086,5.3092320247314815,13.104793804638271,0.019173065538047648,False,0.0,False
corner_recovery,planner,1,496,11.275325977752276,13.321221548923997,2.2423038482666016,0.0002682153115883354,7.817266464233398,17.349905014038086,5.309281124702484,13.104924933136111,-0.18303736207967508,False,0.0,False
corner_recovery,planner,1,497,11.275209069296928,13.321038746758985,2.121502637863159,0.0002169889823589326,7.817266464233398,17.349905014038086,5.309343693860192,13.10491751132568,-0.28833303686184564,False,0.0,False
corner_recovery,planner,1,498,11.275233939971844,13.32105077091268,2.0406577587127686,2.76248211382606e-05,7.817266464233398,17.349905014038086,5.309350767807162,13.104932781430781,0.0,False,0.0,False
corner_recovery,planner,1,499,11.275149625024362,13.32091551625846,2.318101644515991,0.00015938265858477755,7.817266464233398,17.349905014038086,5.309398490121102,13.104929172171975,-0.2994060744295886,False,0.0,False
corner_recovery,planner,1,500,11.274946628698553,13.320742594242,2.3013064861297607,0.0002666637059448127,7.817266464233398,17.349905014038086,5.309397510531004,13.104842653476384,0.0036986157340648126,False,0.0,True
